1782223446: mosquitto version 2.0.22 starting
1782223446: Config loaded from /mosquitto/config/mosquitto.conf.
1782223446: Opening ipv4 listen socket on port 1883.
1782223446: Opening ipv6 listen socket on port 1883.
1782223446: mosquitto version 2.0.22 running
1782225246: Saving in-memory database to /mosquitto/data//mosquitto.db.
1782227047: Saving in-memory database to /mosquitto/data//mosquitto.db.
1782248212: mosquitto version 2.0.22 terminating
1782248212: Saving in-memory database to /mosquitto/data//mosquitto.db.
1782395680: mosquitto version 2.0.22 starting
1782395680: Config loaded from /mosquitto/config/mosquitto.conf.
1782395680: Opening ipv4 listen socket on port 1883.
1782395680: Opening ipv6 listen socket on port 1883.
1782395680: mosquitto version 2.0.22 running
1782395829: New connection from 172.18.0.1:39442 on port 1883.
1782395829: New client connected from 172.18.0.1:39442 as notification_service (p2, c1, k60).
1782395829: No will message specified.
1782395829: Sending CONNACK to notification_service (0, 0)
1782395829: New connection from 172.18.0.1:39452 on port 1883.
1782395829: New client connected from 172.18.0.1:39452 as cardiosense_subscriber (p2, c1, k60).
1782395829: No will message specified.
1782395829: Sending CONNACK to cardiosense_subscriber (0, 0)
1782395829: Received SUBSCRIBE from cardiosense_subscriber
1782395829: 	cardiosense/dati (QoS 1)
1782395829: cardiosense_subscriber 1 cardiosense/dati
1782395829: Sending SUBACK to cardiosense_subscriber
1782395889: Received PINGREQ from cardiosense_subscriber
1782395889: Sending PINGRESP to cardiosense_subscriber
1782395919: Client notification_service has exceeded timeout, disconnecting.
1782395950: Received PINGREQ from cardiosense_subscriber
1782395950: Sending PINGRESP to cardiosense_subscriber
1782395965: New connection from 172.18.0.1:38838 on port 1883.
1782395965: New client connected from 172.18.0.1:38838 as cardiosense_simulator (p2, c1, k60).
1782395965: No will message specified.
1782395965: Sending CONNACK to cardiosense_simulator (0, 0)
1782395965: Received PUBLISH from cardiosense_simulator (d0, q1, r0, m1, 'cardiosense/dati', ... (170 bytes))
1782395965: Sending PUBLISH to cardiosense_subscriber (d0, q1, r0, m1, 'cardiosense/dati', ... (170 bytes))
1782395965: Sending PUBACK to cardiosense_simulator (m1, rc0)
1782395965: Received PUBACK from cardiosense_subscriber (Mid: 1, RC:0)
1782395966: Received PUBLISH from cardiosense_simulator (d0, q1, r0, m2, 'cardiosense/dati', ... (167 bytes))
1782395966: Sending PUBLISH to cardiosense_subscriber (d0, q1, r0, m2, 'cardiosense/dati', ... (167 bytes))
1782395966: Sending PUBACK to cardiosense_simulator (m2, rc0)
1782395966: Received PUBACK from cardiosense_subscriber (Mid: 2, RC:0)
1782395967: Received PUBLISH from cardiosense_simulator (d0, q1, r0, m3, 'cardiosense/dati', ... (166 bytes))
1782395967: Sending PUBLISH to cardiosense_subscriber (d0, q1, r0, m3, 'cardiosense/dati', ... (166 bytes))
1782395967: Sending PUBACK to cardiosense_simulator (m3, rc0)
1782395967: Received PUBACK from cardiosense_subscriber (Mid: 3, RC:0)
1782395968: Received PUBLISH from cardiosense_simulator (d0, q1, r0, m4, 'cardiosense/dati', ... (167 bytes))
1782395968: Sending PUBLISH to cardiosense_subscriber (d0, q1, r0, m4, 'cardiosense/dati', ... (167 bytes))
1782395968: Sending PUBACK to cardiosense_simulator (m4, rc0)
1782395968: Received PUBACK from cardiosense_subscriber (Mid: 4, RC:0)
1782395969: Received PUBLISH from cardiosense_simulator (d0, q1, r0, m5, 'cardiosense/dati', ... (167 bytes))
1782395969: Sending PUBLISH to cardiosense_subscriber (d0, q1, r0, m5, 'cardiosense/dati', ... (167 bytes))
1782395969: Sending PUBACK to cardiosense_simulator (m5, rc0)
1782395969: Received PUBACK from cardiosense_subscriber (Mid: 5, RC:0)
1782395970: Received PUBLISH from cardiosense_simulator (d0, q1, r0, m6, 'cardiosense/dati', ... (168 bytes))
1782395970: Sending PUBLISH to cardiosense_subscriber (d0, q1, r0, m6, 'cardiosense/dati', ... (168 bytes))
1782395970: Sending PUBACK to cardiosense_simulator (m6, rc0)
1782395970: Received PUBACK from cardiosense_subscriber (Mid: 6, RC:0)
1782395971: Received PUBLISH from cardiosense_simulator (d0, q1, r0, m7, 'cardiosense/dati', ... (166 bytes))
1782395971: Sending PUBLISH to cardiosense_subscriber (d0, q1, r0, m7, 'cardiosense/dati', ... (166 bytes))
1782395971: Sending PUBACK to cardiosense_simulator (m7, rc0)
1782395971: Received PUBACK from cardiosense_subscriber (Mid: 7, RC:0)
1782395972: Received PUBLISH from cardiosense_simulator (d0, q1, r0, m8, 'cardiosense/dati', ... (167 bytes))
1782395972: Sending PUBLISH to cardiosense_subscriber (d0, q1, r0, m8, 'cardiosense/dati', ... (167 bytes))
1782395972: Sending PUBACK to cardiosense_simulator (m8, rc0)
1782395972: Received PUBACK from cardiosense_subscriber (Mid: 8, RC:0)
1782395973: Received PUBLISH from cardiosense_simulator (d0, q1, r0, m9, 'cardiosense/dati', ... (166 bytes))
1782395973: Sending PUBLISH to cardiosense_subscriber (d0, q1, r0, m9, 'cardiosense/dati', ... (166 bytes))
1782395973: Sending PUBACK to cardiosense_simulator (m9, rc0)
1782395973: Received PUBACK from cardiosense_subscriber (Mid: 9, RC:0)
1782395974: Received PUBLISH from cardiosense_simulator (d0, q1, r0, m10, 'cardiosense/dati', ... (168 bytes))
1782395974: Sending PUBLISH to cardiosense_subscriber (d0, q1, r0, m10, 'cardiosense/dati', ... (168 bytes))
1782395974: Sending PUBACK to cardiosense_simulator (m10, rc0)
1782395974: Received PUBACK from cardiosense_subscriber (Mid: 10, RC:0)
1782395975: Received PUBLISH from cardiosense_simulator (d0, q1, r0, m11, 'cardiosense/dati', ... (169 bytes))
1782395975: Sending PUBLISH to cardiosense_subscriber (d0, q1, r0, m11, 'cardiosense/dati', ... (169 bytes))
1782395975: Sending PUBACK to cardiosense_simulator (m11, rc0)
1782395975: Received PUBACK from cardiosense_subscriber (Mid: 11, RC:0)
1782395976: Received PUBLISH from cardiosense_simulator (d0, q1, r0, m12, 'cardiosense/dati', ... (168 bytes))
1782395976: Sending PUBLISH to cardiosense_subscriber (d0, q1, r0, m12, 'cardiosense/dati', ... (168 bytes))
1782395976: Sending PUBACK to cardiosense_simulator (m12, rc0)
1782395976: Received PUBACK from cardiosense_subscriber (Mid: 12, RC:0)
1782395977: Received PUBLISH from cardiosense_simulator (d0, q1, r0, m13, 'cardiosense/dati', ... (170 bytes))
1782395977: Sending PUBLISH to cardiosense_subscriber (d0, q1, r0, m13, 'cardiosense/dati', ... (170 bytes))
1782395977: Sending PUBACK to cardiosense_simulator (m13, rc0)
1782395977: Received PUBACK from cardiosense_subscriber (Mid: 13, RC:0)
1782395978: Received PUBLISH from cardiosense_simulator (d0, q1, r0, m14, 'cardiosense/dati', ... (169 bytes))
1782395978: Sending PUBLISH to cardiosense_subscriber (d0, q1, r0, m14, 'cardiosense/dati', ... (169 bytes))
1782395978: Sending PUBACK to cardiosense_simulator (m14, rc0)
1782395978: Received PUBACK from cardiosense_subscriber (Mid: 14, RC:0)
1782395979: Received PUBLISH from cardiosense_simulator (d0, q1, r0, m15, 'cardiosense/dati', ... (166 bytes))
1782395979: Sending PUBLISH to cardiosense_subscriber (d0, q1, r0, m15, 'cardiosense/dati', ... (166 bytes))
1782395979: Sending PUBACK to cardiosense_simulator (m15, rc0)
1782395979: Received PUBACK from cardiosense_subscriber (Mid: 15, RC:0)
1782395980: Received PUBLISH from cardiosense_simulator (d0, q1, r0, m16, 'cardiosense/dati', ... (168 bytes))
1782395980: Sending PUBLISH to cardiosense_subscriber (d0, q1, r0, m16, 'cardiosense/dati', ... (168 bytes))
1782395980: Sending PUBACK to cardiosense_simulator (m16, rc0)
1782395980: Received PUBACK from cardiosense_subscriber (Mid: 16, RC:0)
1782395981: Received PUBLISH from cardiosense_simulator (d0, q1, r0, m17, 'cardiosense/dati', ... (170 bytes))
1782395981: Sending PUBLISH to cardiosense_subscriber (d0, q1, r0, m17, 'cardiosense/dati', ... (170 bytes))
1782395981: Sending PUBACK to cardiosense_simulator (m17, rc0)
1782395981: Received PUBACK from cardiosense_subscriber (Mid: 17, RC:0)
1782395982: Received PUBLISH from cardiosense_simulator (d0, q1, r0, m18, 'cardiosense/dati', ... (169 bytes))
1782395982: Sending PUBLISH to cardiosense_subscriber (d0, q1, r0, m18, 'cardiosense/dati', ... (169 bytes))
1782395982: Sending PUBACK to cardiosense_simulator (m18, rc0)
1782395982: Received PUBACK from cardiosense_subscriber (Mid: 18, RC:0)
1782395983: Received PUBLISH from cardiosense_simulator (d0, q1, r0, m19, 'cardiosense/dati', ... (165 bytes))
1782395983: Sending PUBLISH to cardiosense_subscriber (d0, q1, r0, m19, 'cardiosense/dati', ... (165 bytes))
1782395983: Sending PUBACK to cardiosense_simulator (m19, rc0)
1782395983: Received PUBACK from cardiosense_subscriber (Mid: 19, RC:0)
1782395984: Received PUBLISH from cardiosense_simulator (d0, q1, r0, m20, 'cardiosense/dati', ... (167 bytes))
1782395984: Sending PUBLISH to cardiosense_subscriber (d0, q1, r0, m20, 'cardiosense/dati', ... (167 bytes))
1782395984: Sending PUBACK to cardiosense_simulator (m20, rc0)
1782395984: Received PUBACK from cardiosense_subscriber (Mid: 20, RC:0)
1782395985: Received PUBLISH from cardiosense_simulator (d0, q1, r0, m21, 'cardiosense/dati', ... (166 bytes))
1782395985: Sending PUBLISH to cardiosense_subscriber (d0, q1, r0, m21, 'cardiosense/dati', ... (166 bytes))
1782395985: Sending PUBACK to cardiosense_simulator (m21, rc0)
1782395985: Received PUBACK from cardiosense_subscriber (Mid: 21, RC:0)
1782395986: Received PUBLISH from cardiosense_simulator (d0, q1, r0, m22, 'cardiosense/dati', ... (166 bytes))
1782395986: Sending PUBLISH to cardiosense_subscriber (d0, q1, r0, m22, 'cardiosense/dati', ... (166 bytes))
1782395986: Sending PUBACK to cardiosense_simulator (m22, rc0)
1782395986: Received PUBACK from cardiosense_subscriber (Mid: 22, RC:0)
1782395987: Received PUBLISH from cardiosense_simulator (d0, q1, r0, m23, 'cardiosense/dati', ... (164 bytes))
1782395987: Sending PUBLISH to cardiosense_subscriber (d0, q1, r0, m23, 'cardiosense/dati', ... (164 bytes))
1782395987: Sending PUBACK to cardiosense_simulator (m23, rc0)
1782395987: Received PUBACK from cardiosense_subscriber (Mid: 23, RC:0)
1782395988: Received PUBLISH from cardiosense_simulator (d0, q1, r0, m24, 'cardiosense/dati', ... (168 bytes))
1782395988: Sending PUBLISH to cardiosense_subscriber (d0, q1, r0, m24, 'cardiosense/dati', ... (168 bytes))
1782395988: Sending PUBACK to cardiosense_simulator (m24, rc0)
1782395988: Received PUBACK from cardiosense_subscriber (Mid: 24, RC:0)
1782395989: Received PUBLISH from cardiosense_simulator (d0, q1, r0, m25, 'cardiosense/dati', ... (167 bytes))
1782395989: Sending PUBLISH to cardiosense_subscriber (d0, q1, r0, m25, 'cardiosense/dati', ... (167 bytes))
1782395989: Sending PUBACK to cardiosense_simulator (m25, rc0)
1782395989: Received PUBACK from cardiosense_subscriber (Mid: 25, RC:0)
1782395990: Received DISCONNECT from cardiosense_simulator
1782395990: Client cardiosense_simulator disconnected.
1782396010: Received PINGREQ from cardiosense_subscriber
1782396010: Sending PINGRESP to cardiosense_subscriber
1782396071: Received PINGREQ from cardiosense_subscriber
1782396071: Sending PINGRESP to cardiosense_subscriber
1782396131: Received PINGREQ from cardiosense_subscriber
1782396131: Sending PINGRESP to cardiosense_subscriber
1782396192: Received PINGREQ from cardiosense_subscriber
1782396192: Sending PINGRESP to cardiosense_subscriber
1782396252: Received PINGREQ from cardiosense_subscriber
1782396252: Sending PINGRESP to cardiosense_subscriber
1782396312: Received PINGREQ from cardiosense_subscriber
1782396312: Sending PINGRESP to cardiosense_subscriber
1782396327: Received DISCONNECT from cardiosense_subscriber
1782396327: Client cardiosense_subscriber disconnected.
1782396340: New connection from 172.18.0.1:38324 on port 1883.
1782396340: New client connected from 172.18.0.1:38324 as notification_service (p2, c1, k60).
1782396340: No will message specified.
1782396340: Sending CONNACK to notification_service (0, 0)
1782396340: New connection from 172.18.0.1:38330 on port 1883.
1782396340: New client connected from 172.18.0.1:38330 as cardiosense_subscriber (p2, c1, k60).
1782396340: No will message specified.
1782396340: Sending CONNACK to cardiosense_subscriber (0, 0)
1782396340: Received SUBSCRIBE from cardiosense_subscriber
1782396340: 	cardiosense/dati (QoS 1)
1782396340: cardiosense_subscriber 1 cardiosense/dati
1782396340: Sending SUBACK to cardiosense_subscriber
1782396400: Received PINGREQ from cardiosense_subscriber
1782396400: Sending PINGRESP to cardiosense_subscriber
1782396430: Client notification_service has exceeded timeout, disconnecting.
1782396461: Received PINGREQ from cardiosense_subscriber
1782396461: Sending PINGRESP to cardiosense_subscriber
1782396521: Received PINGREQ from cardiosense_subscriber
1782396521: Sending PINGRESP to cardiosense_subscriber
1782396581: Received PINGREQ from cardiosense_subscriber
1782396581: Sending PINGRESP to cardiosense_subscriber
1782396642: Received PINGREQ from cardiosense_subscriber
1782396642: Sending PINGRESP to cardiosense_subscriber
1782396702: Received PINGREQ from cardiosense_subscriber
1782396702: Sending PINGRESP to cardiosense_subscriber
1782396707: New connection from 172.18.0.1:52034 on port 1883.
1782396707: New client connected from 172.18.0.1:52034 as cardiosense_simulator (p2, c1, k60).
1782396707: No will message specified.
1782396707: Sending CONNACK to cardiosense_simulator (0, 0)
1782396707: Received PUBLISH from cardiosense_simulator (d0, q1, r0, m1, 'cardiosense/dati', ... (167 bytes))
1782396707: Sending PUBLISH to cardiosense_subscriber (d0, q1, r0, m1, 'cardiosense/dati', ... (167 bytes))
1782396707: Sending PUBACK to cardiosense_simulator (m1, rc0)
1782396708: Received PUBACK from cardiosense_subscriber (Mid: 1, RC:0)
1782396708: Received PUBLISH from cardiosense_simulator (d0, q1, r0, m2, 'cardiosense/dati', ... (168 bytes))
1782396708: Sending PUBLISH to cardiosense_subscriber (d0, q1, r0, m2, 'cardiosense/dati', ... (168 bytes))
1782396708: Sending PUBACK to cardiosense_simulator (m2, rc0)
1782396708: Received PUBACK from cardiosense_subscriber (Mid: 2, RC:0)
1782396709: Received PUBLISH from cardiosense_simulator (d0, q1, r0, m3, 'cardiosense/dati', ... (165 bytes))
1782396709: Sending PUBLISH to cardiosense_subscriber (d0, q1, r0, m3, 'cardiosense/dati', ... (165 bytes))
1782396709: Sending PUBACK to cardiosense_simulator (m3, rc0)
1782396709: Received PUBACK from cardiosense_subscriber (Mid: 3, RC:0)
1782396710: Received PUBLISH from cardiosense_simulator (d0, q1, r0, m4, 'cardiosense/dati', ... (166 bytes))
1782396710: Sending PUBLISH to cardiosense_subscriber (d0, q1, r0, m4, 'cardiosense/dati', ... (166 bytes))
1782396710: Sending PUBACK to cardiosense_simulator (m4, rc0)
1782396710: Received PUBACK from cardiosense_subscriber (Mid: 4, RC:0)
1782396711: Received PUBLISH from cardiosense_simulator (d0, q1, r0, m5, 'cardiosense/dati', ... (167 bytes))
1782396711: Sending PUBLISH to cardiosense_subscriber (d0, q1, r0, m5, 'cardiosense/dati', ... (167 bytes))
1782396711: Sending PUBACK to cardiosense_simulator (m5, rc0)
1782396711: Received PUBACK from cardiosense_subscriber (Mid: 5, RC:0)
1782396712: Received DISCONNECT from cardiosense_simulator
1782396712: Client cardiosense_simulator disconnected.
1782396763: Received PINGREQ from cardiosense_subscriber
1782396763: Sending PINGRESP to cardiosense_subscriber
1782396823: Received PINGREQ from cardiosense_subscriber
1782396823: Sending PINGRESP to cardiosense_subscriber
1782396884: Received PINGREQ from cardiosense_subscriber
1782396884: Sending PINGRESP to cardiosense_subscriber
1782396944: Received PINGREQ from cardiosense_subscriber
1782396944: Sending PINGRESP to cardiosense_subscriber
1782397004: Received PINGREQ from cardiosense_subscriber
1782397004: Sending PINGRESP to cardiosense_subscriber
1782397065: Received PINGREQ from cardiosense_subscriber
1782397065: Sending PINGRESP to cardiosense_subscriber
1782397125: Received PINGREQ from cardiosense_subscriber
1782397125: Sending PINGRESP to cardiosense_subscriber
1782397186: Received PINGREQ from cardiosense_subscriber
1782397186: Sending PINGRESP to cardiosense_subscriber
1782397246: Received PINGREQ from cardiosense_subscriber
1782397246: Sending PINGRESP to cardiosense_subscriber
1782397306: Received PINGREQ from cardiosense_subscriber
1782397306: Sending PINGRESP to cardiosense_subscriber
1782397367: Received PINGREQ from cardiosense_subscriber
1782397367: Sending PINGRESP to cardiosense_subscriber
1782397427: Received PINGREQ from cardiosense_subscriber
1782397427: Sending PINGRESP to cardiosense_subscriber
1782397480: Saving in-memory database to /mosquitto/data//mosquitto.db.
1782397488: Received PINGREQ from cardiosense_subscriber
1782397488: Sending PINGRESP to cardiosense_subscriber
1782397548: Received PINGREQ from cardiosense_subscriber
1782397548: Sending PINGRESP to cardiosense_subscriber
1782397609: Received PINGREQ from cardiosense_subscriber
1782397609: Sending PINGRESP to cardiosense_subscriber
1782397669: Received PINGREQ from cardiosense_subscriber
1782397669: Sending PINGRESP to cardiosense_subscriber
1782397730: Received PINGREQ from cardiosense_subscriber
1782397730: Sending PINGRESP to cardiosense_subscriber
1782397790: Received PINGREQ from cardiosense_subscriber
1782397790: Sending PINGRESP to cardiosense_subscriber
1782397850: Received PINGREQ from cardiosense_subscriber
1782397850: Sending PINGRESP to cardiosense_subscriber
1782397911: Received PINGREQ from cardiosense_subscriber
1782397911: Sending PINGRESP to cardiosense_subscriber
1782397971: Received PINGREQ from cardiosense_subscriber
1782397971: Sending PINGRESP to cardiosense_subscriber
1782398032: Received PINGREQ from cardiosense_subscriber
1782398032: Sending PINGRESP to cardiosense_subscriber
1782398092: Received PINGREQ from cardiosense_subscriber
1782398092: Sending PINGRESP to cardiosense_subscriber
1782398153: Received PINGREQ from cardiosense_subscriber
1782398153: Sending PINGRESP to cardiosense_subscriber
1782398213: Received PINGREQ from cardiosense_subscriber
1782398213: Sending PINGRESP to cardiosense_subscriber
1782398274: Received PINGREQ from cardiosense_subscriber
1782398274: Sending PINGRESP to cardiosense_subscriber
1782398334: Received PINGREQ from cardiosense_subscriber
1782398334: Sending PINGRESP to cardiosense_subscriber
1782398394: Received PINGREQ from cardiosense_subscriber
1782398394: Sending PINGRESP to cardiosense_subscriber
1782398455: Received PINGREQ from cardiosense_subscriber
1782398455: Sending PINGRESP to cardiosense_subscriber
1782398515: Received PINGREQ from cardiosense_subscriber
1782398515: Sending PINGRESP to cardiosense_subscriber
1782398576: Received PINGREQ from cardiosense_subscriber
1782398576: Sending PINGRESP to cardiosense_subscriber
1782398636: Received PINGREQ from cardiosense_subscriber
1782398636: Sending PINGRESP to cardiosense_subscriber
1782398697: Received PINGREQ from cardiosense_subscriber
1782398697: Sending PINGRESP to cardiosense_subscriber
1782398708: mosquitto version 2.0.22 terminating
1782398708: Saving in-memory database to /mosquitto/data//mosquitto.db.
1782478329: mosquitto version 2.0.22 starting
1782478329: Config loaded from /mosquitto/config/mosquitto.conf.
1782478329: Opening ipv4 listen socket on port 1883.
1782478329: Opening ipv6 listen socket on port 1883.
1782478329: Opening websockets listen socket on port 9001.
1782478329: mosquitto version 2.0.22 running
1782480510: Saving in-memory database to /mosquitto/data//mosquitto.db.
1782480806: mosquitto version 2.0.22 terminating
1782480806: Saving in-memory database to /mosquitto/data//mosquitto.db.
1782482097: mosquitto version 2.0.22 starting
1782482097: Config loaded from /mosquitto/config/mosquitto.conf.
1782482097: Opening ipv4 listen socket on port 1883.
1782482097: Opening ipv6 listen socket on port 1883.
1782482097: Opening websockets listen socket on port 9001.
1782482097: mosquitto version 2.0.22 running
1782483683: New connection from 172.18.0.1:37190 on port 1883.
1782483683: New connection from 172.18.0.1:37198 on port 1883.
1782483683: New client connected from 172.18.0.1:37190 as notification_service (p2, c1, k60).
1782483683: No will message specified.
1782483683: Sending CONNACK to notification_service (0, 0)
1782483683: New client connected from 172.18.0.1:37198 as cardiosense_subscriber (p2, c1, k60).
1782483683: No will message specified.
1782483683: Sending CONNACK to cardiosense_subscriber (0, 0)
1782483683: Received SUBSCRIBE from cardiosense_subscriber
1782483683: 	cardiosense/dati (QoS 1)
1782483683: cardiosense_subscriber 1 cardiosense/dati
1782483683: Sending SUBACK to cardiosense_subscriber
1782483743: Received PINGREQ from cardiosense_subscriber
1782483743: Sending PINGRESP to cardiosense_subscriber
1782483773: Client notification_service has exceeded timeout, disconnecting.
1782483804: Received PINGREQ from cardiosense_subscriber
1782483804: Sending PINGRESP to cardiosense_subscriber
1782483838: New connection from 172.18.0.1:41414 on port 1883.
1782483838: New client connected from 172.18.0.1:41414 as cardiosense_simulator (p2, c1, k60).
1782483838: No will message specified.
1782483838: Sending CONNACK to cardiosense_simulator (0, 0)
1782483838: Received PUBLISH from cardiosense_simulator (d0, q1, r0, m1, 'cardiosense/dati', ... (169 bytes))
1782483838: Sending PUBLISH to cardiosense_subscriber (d0, q1, r0, m1, 'cardiosense/dati', ... (169 bytes))
1782483838: Sending PUBACK to cardiosense_simulator (m1, rc0)
1782483838: Received PUBACK from cardiosense_subscriber (Mid: 1, RC:0)
1782483839: Received PUBLISH from cardiosense_simulator (d0, q1, r0, m2, 'cardiosense/dati', ... (169 bytes))
1782483839: Sending PUBLISH to cardiosense_subscriber (d0, q1, r0, m2, 'cardiosense/dati', ... (169 bytes))
1782483839: Sending PUBACK to cardiosense_simulator (m2, rc0)
1782483839: Received PUBACK from cardiosense_subscriber (Mid: 2, RC:0)
1782483840: Received PUBLISH from cardiosense_simulator (d0, q1, r0, m3, 'cardiosense/dati', ... (168 bytes))
1782483840: Sending PUBLISH to cardiosense_subscriber (d0, q1, r0, m3, 'cardiosense/dati', ... (168 bytes))
1782483840: Sending PUBACK to cardiosense_simulator (m3, rc0)
1782483840: Received PUBACK from cardiosense_subscriber (Mid: 3, RC:0)
1782483841: Received PUBLISH from cardiosense_simulator (d0, q1, r0, m4, 'cardiosense/dati', ... (168 bytes))
1782483841: Sending PUBLISH to cardiosense_subscriber (d0, q1, r0, m4, 'cardiosense/dati', ... (168 bytes))
1782483841: Sending PUBACK to cardiosense_simulator (m4, rc0)
1782483841: Received PUBACK from cardiosense_subscriber (Mid: 4, RC:0)
1782483842: Received PUBLISH from cardiosense_simulator (d0, q1, r0, m5, 'cardiosense/dati', ... (169 bytes))
1782483842: Sending PUBLISH to cardiosense_subscriber (d0, q1, r0, m5, 'cardiosense/dati', ... (169 bytes))
1782483842: Sending PUBACK to cardiosense_simulator (m5, rc0)
1782483842: Received PUBACK from cardiosense_subscriber (Mid: 5, RC:0)
1782483843: Received PUBLISH from cardiosense_simulator (d0, q1, r0, m6, 'cardiosense/dati', ... (170 bytes))
1782483843: Sending PUBLISH to cardiosense_subscriber (d0, q1, r0, m6, 'cardiosense/dati', ... (170 bytes))
1782483843: Sending PUBACK to cardiosense_simulator (m6, rc0)
1782483843: Received PUBACK from cardiosense_subscriber (Mid: 6, RC:0)
1782483844: Received PUBLISH from cardiosense_simulator (d0, q1, r0, m7, 'cardiosense/dati', ... (167 bytes))
1782483844: Sending PUBLISH to cardiosense_subscriber (d0, q1, r0, m7, 'cardiosense/dati', ... (167 bytes))
1782483844: Sending PUBACK to cardiosense_simulator (m7, rc0)
1782483844: Received PUBACK from cardiosense_subscriber (Mid: 7, RC:0)
1782483845: Received PUBLISH from cardiosense_simulator (d0, q1, r0, m8, 'cardiosense/dati', ... (166 bytes))
1782483845: Sending PUBLISH to cardiosense_subscriber (d0, q1, r0, m8, 'cardiosense/dati', ... (166 bytes))
1782483845: Sending PUBACK to cardiosense_simulator (m8, rc0)
1782483845: Received PUBACK from cardiosense_subscriber (Mid: 8, RC:0)
1782483846: Received PUBLISH from cardiosense_simulator (d0, q1, r0, m9, 'cardiosense/dati', ... (169 bytes))
1782483846: Sending PUBLISH to cardiosense_subscriber (d0, q1, r0, m9, 'cardiosense/dati', ... (169 bytes))
1782483846: Sending PUBACK to cardiosense_simulator (m9, rc0)
1782483846: Received PUBACK from cardiosense_subscriber (Mid: 9, RC:0)
1782483847: Received PUBLISH from cardiosense_simulator (d0, q1, r0, m10, 'cardiosense/dati', ... (165 bytes))
1782483847: Sending PUBLISH to cardiosense_subscriber (d0, q1, r0, m10, 'cardiosense/dati', ... (165 bytes))
1782483847: Sending PUBACK to cardiosense_simulator (m10, rc0)
1782483847: Received PUBACK from cardiosense_subscriber (Mid: 10, RC:0)
1782483848: Received PUBLISH from cardiosense_simulator (d0, q1, r0, m11, 'cardiosense/dati', ... (165 bytes))
1782483848: Sending PUBLISH to cardiosense_subscriber (d0, q1, r0, m11, 'cardiosense/dati', ... (165 bytes))
1782483848: Sending PUBACK to cardiosense_simulator (m11, rc0)
1782483848: Received PUBACK from cardiosense_subscriber (Mid: 11, RC:0)
1782483849: Received PUBLISH from cardiosense_simulator (d0, q1, r0, m12, 'cardiosense/dati', ... (167 bytes))
1782483849: Sending PUBLISH to cardiosense_subscriber (d0, q1, r0, m12, 'cardiosense/dati', ... (167 bytes))
1782483849: Sending PUBACK to cardiosense_simulator (m12, rc0)
1782483849: Received PUBACK from cardiosense_subscriber (Mid: 12, RC:0)
1782483850: Received PUBLISH from cardiosense_simulator (d0, q1, r0, m13, 'cardiosense/dati', ... (166 bytes))
1782483850: Sending PUBLISH to cardiosense_subscriber (d0, q1, r0, m13, 'cardiosense/dati', ... (166 bytes))
1782483850: Sending PUBACK to cardiosense_simulator (m13, rc0)
1782483850: Received PUBACK from cardiosense_subscriber (Mid: 13, RC:0)
1782483851: Received PUBLISH from cardiosense_simulator (d0, q1, r0, m14, 'cardiosense/dati', ... (167 bytes))
1782483851: Sending PUBLISH to cardiosense_subscriber (d0, q1, r0, m14, 'cardiosense/dati', ... (167 bytes))
1782483851: Sending PUBACK to cardiosense_simulator (m14, rc0)
1782483851: Received PUBACK from cardiosense_subscriber (Mid: 14, RC:0)
1782483852: Received PUBLISH from cardiosense_simulator (d0, q1, r0, m15, 'cardiosense/dati', ... (166 bytes))
1782483852: Sending PUBLISH to cardiosense_subscriber (d0, q1, r0, m15, 'cardiosense/dati', ... (166 bytes))
1782483852: Sending PUBACK to cardiosense_simulator (m15, rc0)
1782483852: Received PUBACK from cardiosense_subscriber (Mid: 15, RC:0)
1782483853: Received PUBLISH from cardiosense_simulator (d0, q1, r0, m16, 'cardiosense/dati', ... (167 bytes))
1782483853: Sending PUBLISH to cardiosense_subscriber (d0, q1, r0, m16, 'cardiosense/dati', ... (167 bytes))
1782483853: Sending PUBACK to cardiosense_simulator (m16, rc0)
1782483853: Received PUBACK from cardiosense_subscriber (Mid: 16, RC:0)
1782483854: Received PUBLISH from cardiosense_simulator (d0, q1, r0, m17, 'cardiosense/dati', ... (167 bytes))
1782483854: Sending PUBLISH to cardiosense_subscriber (d0, q1, r0, m17, 'cardiosense/dati', ... (167 bytes))
1782483854: Sending PUBACK to cardiosense_simulator (m17, rc0)
1782483854: Received PUBACK from cardiosense_subscriber (Mid: 17, RC:0)
1782483855: Received PUBLISH from cardiosense_simulator (d0, q1, r0, m18, 'cardiosense/dati', ... (167 bytes))
1782483855: Sending PUBLISH to cardiosense_subscriber (d0, q1, r0, m18, 'cardiosense/dati', ... (167 bytes))
1782483855: Sending PUBACK to cardiosense_simulator (m18, rc0)
1782483855: Received PUBACK from cardiosense_subscriber (Mid: 18, RC:0)
1782483856: Received PUBLISH from cardiosense_simulator (d0, q1, r0, m19, 'cardiosense/dati', ... (168 bytes))
1782483856: Sending PUBLISH to cardiosense_subscriber (d0, q1, r0, m19, 'cardiosense/dati', ... (168 bytes))
1782483856: Sending PUBACK to cardiosense_simulator (m19, rc0)
1782483856: Received PUBACK from cardiosense_subscriber (Mid: 19, RC:0)
1782483857: Received PUBLISH from cardiosense_simulator (d0, q1, r0, m20, 'cardiosense/dati', ... (165 bytes))
1782483857: Sending PUBLISH to cardiosense_subscriber (d0, q1, r0, m20, 'cardiosense/dati', ... (165 bytes))
1782483857: Sending PUBACK to cardiosense_simulator (m20, rc0)
1782483857: Received PUBACK from cardiosense_subscriber (Mid: 20, RC:0)
1782483858: Received PUBLISH from cardiosense_simulator (d0, q1, r0, m21, 'cardiosense/dati', ... (168 bytes))
1782483858: Sending PUBLISH to cardiosense_subscriber (d0, q1, r0, m21, 'cardiosense/dati', ... (168 bytes))
1782483858: Sending PUBACK to cardiosense_simulator (m21, rc0)
1782483858: Received PUBACK from cardiosense_subscriber (Mid: 21, RC:0)
1782483859: Received PUBLISH from cardiosense_simulator (d0, q1, r0, m22, 'cardiosense/dati', ... (168 bytes))
1782483859: Sending PUBLISH to cardiosense_subscriber (d0, q1, r0, m22, 'cardiosense/dati', ... (168 bytes))
1782483859: Sending PUBACK to cardiosense_simulator (m22, rc0)
1782483859: Received PUBACK from cardiosense_subscriber (Mid: 22, RC:0)
1782483860: Received PUBLISH from cardiosense_simulator (d0, q1, r0, m23, 'cardiosense/dati', ... (169 bytes))
1782483860: Sending PUBLISH to cardiosense_subscriber (d0, q1, r0, m23, 'cardiosense/dati', ... (169 bytes))
1782483860: Sending PUBACK to cardiosense_simulator (m23, rc0)
1782483860: Received PUBACK from cardiosense_subscriber (Mid: 23, RC:0)
1782483861: Received DISCONNECT from cardiosense_simulator
1782483861: Client cardiosense_simulator disconnected.
1782483864: Received PINGREQ from cardiosense_subscriber
1782483864: Sending PINGRESP to cardiosense_subscriber
1782483898: Saving in-memory database to /mosquitto/data//mosquitto.db.
1782483924: Received PINGREQ from cardiosense_subscriber
1782483924: Sending PINGRESP to cardiosense_subscriber
1782483985: Received PINGREQ from cardiosense_subscriber
1782483985: Sending PINGRESP to cardiosense_subscriber
1782484045: Received PINGREQ from cardiosense_subscriber
1782484045: Sending PINGRESP to cardiosense_subscriber
1782484106: Received PINGREQ from cardiosense_subscriber
1782484106: Sending PINGRESP to cardiosense_subscriber
1782484166: Received PINGREQ from cardiosense_subscriber
1782484166: Sending PINGRESP to cardiosense_subscriber
1782484226: Received PINGREQ from cardiosense_subscriber
1782484226: Sending PINGRESP to cardiosense_subscriber
1782484287: Received PINGREQ from cardiosense_subscriber
1782484287: Sending PINGRESP to cardiosense_subscriber
1782484314: Received DISCONNECT from cardiosense_subscriber
1782484314: Client cardiosense_subscriber disconnected.
1782484353: mosquitto version 2.0.22 terminating
1782484353: Saving in-memory database to /mosquitto/data//mosquitto.db.
1782484355: mosquitto version 2.0.22 starting
1782484355: Config loaded from /mosquitto/config/mosquitto.conf.
1782484355: Opening ipv4 listen socket on port 1883.
1782484355: Opening ipv6 listen socket on port 1883.
1782484355: Opening websockets listen socket on port 9001.
1782484355: mosquitto version 2.0.22 running
1782484359: New client connected from 172.18.0.1:54796 as dashboard_9bdf76 (p2, c1, k60).
1782484359: No will message specified.
1782484359: Sending CONNACK to dashboard_9bdf76 (0, 0)
1782484359: Received SUBSCRIBE from dashboard_9bdf76
1782484359: 	cardiosense/allarmi (QoS 1)
1782484359: dashboard_9bdf76 1 cardiosense/allarmi
1782484359: Sending SUBACK to dashboard_9bdf76
1782484387: New connection from 172.18.0.1:48906 on port 1883.
1782484387: New connection from 172.18.0.1:48920 on port 1883.
1782484387: New client connected from 172.18.0.1:48906 as notification_service (p2, c1, k60).
1782484387: No will message specified.
1782484387: Sending CONNACK to notification_service (0, 0)
1782484387: New client connected from 172.18.0.1:48920 as cardiosense_subscriber (p2, c1, k60).
1782484387: No will message specified.
1782484387: Sending CONNACK to cardiosense_subscriber (0, 0)
1782484387: Received SUBSCRIBE from cardiosense_subscriber
1782484387: 	cardiosense/dati (QoS 1)
1782484387: cardiosense_subscriber 1 cardiosense/dati
1782484387: Sending SUBACK to cardiosense_subscriber
1782484392: Client dashboard_9bdf76 closed its connection.
1782484393: New client connected from 172.18.0.1:48056 as dashboard_bf54a1 (p2, c1, k60).
1782484393: No will message specified.
1782484393: Sending CONNACK to dashboard_bf54a1 (0, 0)
1782484393: Received SUBSCRIBE from dashboard_bf54a1
1782484393: 	cardiosense/allarmi (QoS 1)
1782484393: dashboard_bf54a1 1 cardiosense/allarmi
1782484393: Sending SUBACK to dashboard_bf54a1
1782484395: Client dashboard_bf54a1 closed its connection.
1782484415: New client connected from 172.18.0.1:49096 as dashboard_f5be40 (p2, c1, k60).
1782484415: No will message specified.
1782484415: Sending CONNACK to dashboard_f5be40 (0, 0)
1782484415: Received SUBSCRIBE from dashboard_f5be40
1782484415: 	cardiosense/allarmi (QoS 1)
1782484415: dashboard_f5be40 1 cardiosense/allarmi
1782484415: Sending SUBACK to dashboard_f5be40
1782484447: Received PINGREQ from cardiosense_subscriber
1782484447: Sending PINGRESP to cardiosense_subscriber
1782484462: New connection from 172.18.0.1:58558 on port 1883.
1782484462: New client connected from 172.18.0.1:58558 as cardiosense_simulator (p2, c1, k60).
1782484462: No will message specified.
1782484462: Sending CONNACK to cardiosense_simulator (0, 0)
1782484462: Received PUBLISH from cardiosense_simulator (d0, q1, r0, m1, 'cardiosense/dati', ... (168 bytes))
1782484462: Sending PUBLISH to cardiosense_subscriber (d0, q1, r0, m1, 'cardiosense/dati', ... (168 bytes))
1782484462: Sending PUBACK to cardiosense_simulator (m1, rc0)
1782484462: Received PUBACK from cardiosense_subscriber (Mid: 1, RC:0)
1782484463: Received PUBLISH from cardiosense_simulator (d0, q1, r0, m2, 'cardiosense/dati', ... (168 bytes))
1782484463: Sending PUBLISH to cardiosense_subscriber (d0, q1, r0, m2, 'cardiosense/dati', ... (168 bytes))
1782484463: Sending PUBACK to cardiosense_simulator (m2, rc0)
1782484463: Received PUBACK from cardiosense_subscriber (Mid: 2, RC:0)
1782484464: Received PUBLISH from cardiosense_simulator (d0, q1, r0, m3, 'cardiosense/dati', ... (169 bytes))
1782484464: Sending PUBLISH to cardiosense_subscriber (d0, q1, r0, m3, 'cardiosense/dati', ... (169 bytes))
1782484464: Sending PUBACK to cardiosense_simulator (m3, rc0)
1782484464: Received PUBACK from cardiosense_subscriber (Mid: 3, RC:0)
1782484465: Received DISCONNECT from cardiosense_simulator
1782484465: Client cardiosense_simulator disconnected.
1782484475: Received PINGREQ from dashboard_f5be40
1782484475: Sending PINGRESP to dashboard_f5be40
1782484477: Client notification_service has exceeded timeout, disconnecting.
1782484508: Received PINGREQ from cardiosense_subscriber
1782484508: Sending PINGRESP to cardiosense_subscriber
1782484535: Received PINGREQ from dashboard_f5be40
1782484535: Sending PINGRESP to dashboard_f5be40
1782484568: Received PINGREQ from cardiosense_subscriber
1782484568: Sending PINGRESP to cardiosense_subscriber
1782484595: Received PINGREQ from dashboard_f5be40
1782484595: Sending PINGRESP to dashboard_f5be40
1782484628: Received PINGREQ from cardiosense_subscriber
1782484628: Sending PINGRESP to cardiosense_subscriber
1782484655: Received PINGREQ from dashboard_f5be40
1782484655: Sending PINGRESP to dashboard_f5be40
1782484689: Received PINGREQ from cardiosense_subscriber
1782484689: Sending PINGRESP to cardiosense_subscriber
1782484699: New connection from 172.18.0.1:46922 on port 1883.
1782484699: New client connected from 172.18.0.1:46922 as cardiosense_simulator (p2, c1, k60).
1782484699: No will message specified.
1782484699: Sending CONNACK to cardiosense_simulator (0, 0)
1782484699: Received PUBLISH from cardiosense_simulator (d0, q1, r0, m1, 'cardiosense/dati', ... (168 bytes))
1782484699: Sending PUBLISH to cardiosense_subscriber (d0, q1, r0, m4, 'cardiosense/dati', ... (168 bytes))
1782484699: Sending PUBACK to cardiosense_simulator (m1, rc0)
1782484699: Received PUBACK from cardiosense_subscriber (Mid: 4, RC:0)
1782484700: Received PUBLISH from cardiosense_simulator (d0, q1, r0, m2, 'cardiosense/dati', ... (166 bytes))
1782484700: Sending PUBLISH to cardiosense_subscriber (d0, q1, r0, m5, 'cardiosense/dati', ... (166 bytes))
1782484700: Sending PUBACK to cardiosense_simulator (m2, rc0)
1782484700: Received PUBACK from cardiosense_subscriber (Mid: 5, RC:0)
1782484701: Received PUBLISH from cardiosense_simulator (d0, q1, r0, m3, 'cardiosense/dati', ... (167 bytes))
1782484701: Sending PUBLISH to cardiosense_subscriber (d0, q1, r0, m6, 'cardiosense/dati', ... (167 bytes))
1782484701: Sending PUBACK to cardiosense_simulator (m3, rc0)
1782484701: Received PUBACK from cardiosense_subscriber (Mid: 6, RC:0)
1782484702: Received DISCONNECT from cardiosense_simulator
1782484702: Client cardiosense_simulator disconnected.
1782484716: Received PINGREQ from dashboard_f5be40
1782484716: Sending PINGRESP to dashboard_f5be40
1782484717: Client dashboard_f5be40 closed its connection.
1782484718: New client connected from 172.18.0.1:43554 as dashboard_08284e (p2, c1, k60).
1782484718: No will message specified.
1782484718: Sending CONNACK to dashboard_08284e (0, 0)
1782484718: Received SUBSCRIBE from dashboard_08284e
1782484718: 	cardiosense/allarmi (QoS 1)
1782484718: dashboard_08284e 1 cardiosense/allarmi
1782484718: Sending SUBACK to dashboard_08284e
1782484749: Received PINGREQ from cardiosense_subscriber
1782484749: Sending PINGRESP to cardiosense_subscriber
1782484778: Received PINGREQ from dashboard_08284e
1782484778: Sending PINGRESP to dashboard_08284e
1782484809: Received PINGREQ from cardiosense_subscriber
1782484809: Sending PINGRESP to cardiosense_subscriber
1782484838: Received PINGREQ from dashboard_08284e
1782484838: Sending PINGRESP to dashboard_08284e
1782484870: Received PINGREQ from cardiosense_subscriber
1782484870: Sending PINGRESP to cardiosense_subscriber
1782484898: Received PINGREQ from dashboard_08284e
1782484898: Sending PINGRESP to dashboard_08284e
1782484930: Received PINGREQ from cardiosense_subscriber
1782484930: Sending PINGRESP to cardiosense_subscriber
1782484958: Received PINGREQ from dashboard_08284e
1782484958: Sending PINGRESP to dashboard_08284e
1782484980: New connection from 172.18.0.1:55868 on port 1883.
1782484980: New client connected from 172.18.0.1:55868 as cardiosense_simulator (p2, c1, k60).
1782484980: No will message specified.
1782484980: Sending CONNACK to cardiosense_simulator (0, 0)
1782484980: Received PUBLISH from cardiosense_simulator (d0, q1, r0, m1, 'cardiosense/dati', ... (171 bytes))
1782484980: Sending PUBLISH to cardiosense_subscriber (d0, q1, r0, m7, 'cardiosense/dati', ... (171 bytes))
1782484980: Sending PUBACK to cardiosense_simulator (m1, rc0)
1782484980: Received PUBACK from cardiosense_subscriber (Mid: 7, RC:0)
1782484981: Received PUBLISH from cardiosense_simulator (d0, q1, r0, m2, 'cardiosense/dati', ... (170 bytes))
1782484981: Sending PUBLISH to cardiosense_subscriber (d0, q1, r0, m8, 'cardiosense/dati', ... (170 bytes))
1782484981: Sending PUBACK to cardiosense_simulator (m2, rc0)
1782484981: Received PUBACK from cardiosense_subscriber (Mid: 8, RC:0)
1782484982: Received PUBLISH from cardiosense_simulator (d0, q1, r0, m3, 'cardiosense/dati', ... (170 bytes))
1782484982: Sending PUBLISH to cardiosense_subscriber (d0, q1, r0, m9, 'cardiosense/dati', ... (170 bytes))
1782484982: Sending PUBACK to cardiosense_simulator (m3, rc0)
1782484982: Received PUBACK from cardiosense_subscriber (Mid: 9, RC:0)
1782484983: Received DISCONNECT from cardiosense_simulator
1782484983: Client cardiosense_simulator disconnected.
1782484990: Client dashboard_08284e closed its connection.
1782484991: New client connected from 172.18.0.1:48620 as dashboard_7fbb1e (p2, c1, k60).
1782484991: No will message specified.
1782484991: Sending CONNACK to dashboard_7fbb1e (0, 0)
1782484991: Received SUBSCRIBE from dashboard_7fbb1e
1782484991: 	cardiosense/allarmi (QoS 1)
1782484991: dashboard_7fbb1e 1 cardiosense/allarmi
1782484991: Sending SUBACK to dashboard_7fbb1e
1782484991: Received PINGREQ from cardiosense_subscriber
1782484991: Sending PINGRESP to cardiosense_subscriber
1782485051: Received PINGREQ from dashboard_7fbb1e
1782485051: Sending PINGRESP to dashboard_7fbb1e
1782485052: Received PINGREQ from cardiosense_subscriber
1782485052: Sending PINGRESP to cardiosense_subscriber
1782485111: Received PINGREQ from dashboard_7fbb1e
1782485111: Sending PINGRESP to dashboard_7fbb1e
1782485112: Received PINGREQ from cardiosense_subscriber
1782485112: Sending PINGRESP to cardiosense_subscriber
1782485171: Received PINGREQ from dashboard_7fbb1e
1782485171: Sending PINGRESP to dashboard_7fbb1e
1782485173: Received PINGREQ from cardiosense_subscriber
1782485173: Sending PINGRESP to cardiosense_subscriber
1782485207: New connection from 172.18.0.1:36900 on port 1883.
1782485207: New client connected from 172.18.0.1:36900 as cardiosense_simulator (p2, c1, k60).
1782485207: No will message specified.
1782485207: Sending CONNACK to cardiosense_simulator (0, 0)
1782485207: Received PUBLISH from cardiosense_simulator (d0, q1, r0, m1, 'cardiosense/dati', ... (171 bytes))
1782485207: Sending PUBLISH to cardiosense_subscriber (d0, q1, r0, m10, 'cardiosense/dati', ... (171 bytes))
1782485207: Sending PUBACK to cardiosense_simulator (m1, rc0)
1782485207: Received PUBACK from cardiosense_subscriber (Mid: 10, RC:0)
1782485208: Received PUBLISH from cardiosense_simulator (d0, q1, r0, m2, 'cardiosense/dati', ... (170 bytes))
1782485208: Sending PUBLISH to cardiosense_subscriber (d0, q1, r0, m11, 'cardiosense/dati', ... (170 bytes))
1782485208: Sending PUBACK to cardiosense_simulator (m2, rc0)
1782485208: Received PUBACK from cardiosense_subscriber (Mid: 11, RC:0)
1782485209: Received PUBLISH from cardiosense_simulator (d0, q1, r0, m3, 'cardiosense/dati', ... (170 bytes))
1782485209: Sending PUBLISH to cardiosense_subscriber (d0, q1, r0, m12, 'cardiosense/dati', ... (170 bytes))
1782485209: Sending PUBACK to cardiosense_simulator (m3, rc0)
1782485209: Received PUBACK from cardiosense_subscriber (Mid: 12, RC:0)
1782485210: Received DISCONNECT from cardiosense_simulator
1782485210: Client cardiosense_simulator disconnected.
1782485214: Client dashboard_7fbb1e closed its connection.
1782485215: New client connected from 172.18.0.1:47196 as dashboard_daee67 (p2, c1, k60).
1782485215: No will message specified.
1782485215: Sending CONNACK to dashboard_daee67 (0, 0)
1782485215: Received SUBSCRIBE from dashboard_daee67
1782485215: 	cardiosense/allarmi (QoS 1)
1782485215: dashboard_daee67 1 cardiosense/allarmi
1782485215: Sending SUBACK to dashboard_daee67
1782485233: Received PINGREQ from cardiosense_subscriber
1782485233: Sending PINGRESP to cardiosense_subscriber
1782485237: Received DISCONNECT from cardiosense_subscriber
1782485237: Client cardiosense_subscriber disconnected.
1782485246: New connection from 172.18.0.1:47640 on port 1883.
1782485246: New client connected from 172.18.0.1:47640 as notification_service (p2, c1, k60).
1782485246: No will message specified.
1782485246: Sending CONNACK to notification_service (0, 0)
1782485246: New connection from 172.18.0.1:47642 on port 1883.
1782485246: New client connected from 172.18.0.1:47642 as cardiosense_subscriber (p2, c1, k60).
1782485246: No will message specified.
1782485246: Sending CONNACK to cardiosense_subscriber (0, 0)
1782485246: Received SUBSCRIBE from cardiosense_subscriber
1782485246: 	cardiosense/dati (QoS 1)
1782485246: cardiosense_subscriber 1 cardiosense/dati
1782485246: Sending SUBACK to cardiosense_subscriber
1782485257: New connection from 172.18.0.1:35542 on port 1883.
1782485257: New client connected from 172.18.0.1:35542 as cardiosense_simulator (p2, c1, k60).
1782485257: No will message specified.
1782485257: Sending CONNACK to cardiosense_simulator (0, 0)
1782485257: Received PUBLISH from cardiosense_simulator (d0, q1, r0, m1, 'cardiosense/dati', ... (170 bytes))
1782485257: Sending PUBLISH to cardiosense_subscriber (d0, q1, r0, m1, 'cardiosense/dati', ... (170 bytes))
1782485257: Sending PUBACK to cardiosense_simulator (m1, rc0)
1782485257: Received PUBACK from cardiosense_subscriber (Mid: 1, RC:0)
1782485258: Received PUBLISH from cardiosense_simulator (d0, q1, r0, m2, 'cardiosense/dati', ... (139 bytes))
1782485258: Sending PUBLISH to cardiosense_subscriber (d0, q1, r0, m2, 'cardiosense/dati', ... (139 bytes))
1782485258: Sending PUBACK to cardiosense_simulator (m2, rc0)
1782485258: Received PUBACK from cardiosense_subscriber (Mid: 2, RC:0)
1782485259: Received PUBLISH from cardiosense_simulator (d0, q1, r0, m3, 'cardiosense/dati', ... (169 bytes))
1782485259: Sending PUBLISH to cardiosense_subscriber (d0, q1, r0, m3, 'cardiosense/dati', ... (169 bytes))
1782485259: Sending PUBACK to cardiosense_simulator (m3, rc0)
1782485259: Received PUBACK from cardiosense_subscriber (Mid: 3, RC:0)
1782485260: Received PUBLISH from cardiosense_simulator (d0, q1, r0, m4, 'cardiosense/dati', ... (140 bytes))
1782485260: Sending PUBLISH to cardiosense_subscriber (d0, q1, r0, m4, 'cardiosense/dati', ... (140 bytes))
1782485260: Sending PUBACK to cardiosense_simulator (m4, rc0)
1782485260: Received PUBACK from cardiosense_subscriber (Mid: 4, RC:0)
1782485261: Received PUBLISH from cardiosense_simulator (d0, q1, r0, m5, 'cardiosense/dati', ... (169 bytes))
1782485261: Sending PUBLISH to cardiosense_subscriber (d0, q1, r0, m5, 'cardiosense/dati', ... (169 bytes))
1782485261: Sending PUBACK to cardiosense_simulator (m5, rc0)
1782485261: Received PUBACK from cardiosense_subscriber (Mid: 5, RC:0)
1782485262: Received PUBLISH from cardiosense_simulator (d0, q1, r0, m6, 'cardiosense/dati', ... (170 bytes))
1782485262: Sending PUBLISH to cardiosense_subscriber (d0, q1, r0, m6, 'cardiosense/dati', ... (170 bytes))
1782485262: Sending PUBACK to cardiosense_simulator (m6, rc0)
1782485262: Received PUBACK from cardiosense_subscriber (Mid: 6, RC:0)
1782485263: Received PUBLISH from cardiosense_simulator (d0, q1, r0, m7, 'cardiosense/dati', ... (170 bytes))
1782485263: Sending PUBLISH to cardiosense_subscriber (d0, q1, r0, m7, 'cardiosense/dati', ... (170 bytes))
1782485263: Sending PUBACK to cardiosense_simulator (m7, rc0)
1782485263: Received PUBACK from cardiosense_subscriber (Mid: 7, RC:0)
1782485264: Received PUBLISH from cardiosense_simulator (d0, q1, r0, m8, 'cardiosense/dati', ... (170 bytes))
1782485264: Sending PUBLISH to cardiosense_subscriber (d0, q1, r0, m8, 'cardiosense/dati', ... (170 bytes))
1782485264: Sending PUBACK to cardiosense_simulator (m8, rc0)
1782485264: Received PUBACK from cardiosense_subscriber (Mid: 8, RC:0)
1782485265: Received PUBLISH from cardiosense_simulator (d0, q1, r0, m9, 'cardiosense/dati', ... (139 bytes))
1782485265: Sending PUBLISH to cardiosense_subscriber (d0, q1, r0, m9, 'cardiosense/dati', ... (139 bytes))
1782485265: Sending PUBACK to cardiosense_simulator (m9, rc0)
1782485265: Received PUBACK from cardiosense_subscriber (Mid: 9, RC:0)
1782485266: Received PUBLISH from cardiosense_simulator (d0, q1, r0, m10, 'cardiosense/dati', ... (169 bytes))
1782485266: Sending PUBLISH to cardiosense_subscriber (d0, q1, r0, m10, 'cardiosense/dati', ... (169 bytes))
1782485266: Sending PUBACK to cardiosense_simulator (m10, rc0)
1782485266: Received PUBACK from cardiosense_subscriber (Mid: 10, RC:0)
1782485267: Received PUBLISH from cardiosense_simulator (d0, q1, r0, m11, 'cardiosense/dati', ... (139 bytes))
1782485267: Sending PUBLISH to cardiosense_subscriber (d0, q1, r0, m11, 'cardiosense/dati', ... (139 bytes))
1782485267: Sending PUBACK to cardiosense_simulator (m11, rc0)
1782485267: Received PUBACK from cardiosense_subscriber (Mid: 11, RC:0)
1782485268: Received PUBLISH from cardiosense_simulator (d0, q1, r0, m12, 'cardiosense/dati', ... (140 bytes))
1782485268: Sending PUBLISH to cardiosense_subscriber (d0, q1, r0, m12, 'cardiosense/dati', ... (140 bytes))
1782485268: Sending PUBACK to cardiosense_simulator (m12, rc0)
1782485268: Received PUBACK from cardiosense_subscriber (Mid: 12, RC:0)
1782485269: Received PUBLISH from cardiosense_simulator (d0, q1, r0, m13, 'cardiosense/dati', ... (141 bytes))
1782485269: Sending PUBLISH to cardiosense_subscriber (d0, q1, r0, m13, 'cardiosense/dati', ... (141 bytes))
1782485269: Sending PUBACK to cardiosense_simulator (m13, rc0)
1782485269: Received PUBACK from cardiosense_subscriber (Mid: 13, RC:0)
1782485270: Received PUBLISH from cardiosense_simulator (d0, q1, r0, m14, 'cardiosense/dati', ... (140 bytes))
1782485270: Sending PUBLISH to cardiosense_subscriber (d0, q1, r0, m14, 'cardiosense/dati', ... (140 bytes))
1782485270: Sending PUBACK to cardiosense_simulator (m14, rc0)
1782485270: Received PUBACK from cardiosense_subscriber (Mid: 14, RC:0)
1782485271: Received PUBLISH from cardiosense_simulator (d0, q1, r0, m15, 'cardiosense/dati', ... (169 bytes))
1782485271: Sending PUBLISH to cardiosense_subscriber (d0, q1, r0, m15, 'cardiosense/dati', ... (169 bytes))
1782485271: Sending PUBACK to cardiosense_simulator (m15, rc0)
1782485271: Received PUBACK from cardiosense_subscriber (Mid: 15, RC:0)
1782485272: Received DISCONNECT from cardiosense_simulator
1782485272: Client cardiosense_simulator disconnected.
1782485275: Received PINGREQ from dashboard_daee67
1782485275: Sending PINGRESP to dashboard_daee67
1782485306: Received PINGREQ from cardiosense_subscriber
1782485306: Sending PINGRESP to cardiosense_subscriber
1782485335: Received PINGREQ from dashboard_daee67
1782485335: Sending PINGRESP to dashboard_daee67
1782485337: Client notification_service has exceeded timeout, disconnecting.
1782485367: Received PINGREQ from cardiosense_subscriber
1782485367: Sending PINGRESP to cardiosense_subscriber
1782485395: Received PINGREQ from dashboard_daee67
1782485395: Sending PINGRESP to dashboard_daee67
1782485427: Received PINGREQ from cardiosense_subscriber
1782485427: Sending PINGRESP to cardiosense_subscriber
1782485455: Received PINGREQ from dashboard_daee67
1782485455: Sending PINGRESP to dashboard_daee67
1782485487: Received PINGREQ from cardiosense_subscriber
1782485487: Sending PINGRESP to cardiosense_subscriber
1782485515: Received PINGREQ from dashboard_daee67
1782485515: Sending PINGRESP to dashboard_daee67
1782485548: Received PINGREQ from cardiosense_subscriber
1782485548: Sending PINGRESP to cardiosense_subscriber
1782485575: Received PINGREQ from dashboard_daee67
1782485575: Sending PINGRESP to dashboard_daee67
1782485608: Received PINGREQ from cardiosense_subscriber
1782485608: Sending PINGRESP to cardiosense_subscriber
1782485635: Received PINGREQ from dashboard_daee67
1782485635: Sending PINGRESP to dashboard_daee67
1782485668: Received PINGREQ from cardiosense_subscriber
1782485668: Sending PINGRESP to cardiosense_subscriber
1782485695: Received PINGREQ from dashboard_daee67
1782485695: Sending PINGRESP to dashboard_daee67
1782485729: Received PINGREQ from cardiosense_subscriber
1782485729: Sending PINGRESP to cardiosense_subscriber
1782485755: Received PINGREQ from dashboard_daee67
1782485755: Sending PINGRESP to dashboard_daee67
1782485771: Received DISCONNECT from cardiosense_subscriber
1782485771: Client cardiosense_subscriber disconnected.
1782485779: New connection from 172.18.0.1:55054 on port 1883.
1782485779: New client connected from 172.18.0.1:55054 as notification_service (p2, c1, k60).
1782485779: No will message specified.
1782485779: Sending CONNACK to notification_service (0, 0)
1782485779: New connection from 172.18.0.1:55058 on port 1883.
1782485779: New client connected from 172.18.0.1:55058 as cardiosense_subscriber (p2, c1, k60).
1782485779: No will message specified.
1782485779: Sending CONNACK to cardiosense_subscriber (0, 0)
1782485779: Received SUBSCRIBE from cardiosense_subscriber
1782485779: 	cardiosense/dati (QoS 1)
1782485779: cardiosense_subscriber 1 cardiosense/dati
1782485779: Sending SUBACK to cardiosense_subscriber
1782485784: New connection from 172.18.0.1:50122 on port 1883.
1782485784: New client connected from 172.18.0.1:50122 as cardiosense_simulator (p2, c1, k60).
1782485784: No will message specified.
1782485784: Sending CONNACK to cardiosense_simulator (0, 0)
1782485784: Received PUBLISH from cardiosense_simulator (d0, q1, r0, m1, 'cardiosense/dati', ... (956 bytes))
1782485784: Sending PUBLISH to cardiosense_subscriber (d0, q1, r0, m1, 'cardiosense/dati', ... (956 bytes))
1782485784: Sending PUBACK to cardiosense_simulator (m1, rc0)
1782485784: Received PUBACK from cardiosense_subscriber (Mid: 1, RC:0)
1782485785: Received PUBLISH from cardiosense_simulator (d0, q1, r0, m2, 'cardiosense/dati', ... (959 bytes))
1782485785: Sending PUBLISH to cardiosense_subscriber (d0, q1, r0, m2, 'cardiosense/dati', ... (959 bytes))
1782485785: Sending PUBACK to cardiosense_simulator (m2, rc0)
1782485785: Received PUBACK from cardiosense_subscriber (Mid: 2, RC:0)
1782485786: Received PUBLISH from cardiosense_simulator (d0, q1, r0, m3, 'cardiosense/dati', ... (957 bytes))
1782485786: Sending PUBLISH to cardiosense_subscriber (d0, q1, r0, m3, 'cardiosense/dati', ... (957 bytes))
1782485786: Sending PUBACK to cardiosense_simulator (m3, rc0)
1782485786: Received PUBACK from cardiosense_subscriber (Mid: 3, RC:0)
1782485787: Received DISCONNECT from cardiosense_simulator
1782485787: Client cardiosense_simulator disconnected.
1782485815: Received PINGREQ from dashboard_daee67
1782485815: Sending PINGRESP to dashboard_daee67
1782485840: Received PINGREQ from cardiosense_subscriber
1782485840: Sending PINGRESP to cardiosense_subscriber
1782485870: Client notification_service has exceeded timeout, disconnecting.
1782485875: Received PINGREQ from dashboard_daee67
1782485875: Sending PINGRESP to dashboard_daee67
1782485900: Received PINGREQ from cardiosense_subscriber
1782485900: Sending PINGRESP to cardiosense_subscriber
1782485935: Received PINGREQ from dashboard_daee67
1782485935: Sending PINGRESP to dashboard_daee67
1782485960: Received PINGREQ from cardiosense_subscriber
1782485960: Sending PINGRESP to cardiosense_subscriber
1782485995: Received PINGREQ from dashboard_daee67
1782485995: Sending PINGRESP to dashboard_daee67
1782486020: Received PINGREQ from cardiosense_subscriber
1782486020: Sending PINGRESP to cardiosense_subscriber
1782486056: Received PINGREQ from dashboard_daee67
1782486056: Sending PINGRESP to dashboard_daee67
1782486081: Received PINGREQ from cardiosense_subscriber
1782486081: Sending PINGRESP to cardiosense_subscriber
1782486116: Received PINGREQ from dashboard_daee67
1782486116: Sending PINGRESP to dashboard_daee67
1782486141: Received PINGREQ from cardiosense_subscriber
1782486141: Sending PINGRESP to cardiosense_subscriber
1782486156: Saving in-memory database to /mosquitto/data//mosquitto.db.
1782486176: Received PINGREQ from dashboard_daee67
1782486176: Sending PINGRESP to dashboard_daee67
1782486201: Received PINGREQ from cardiosense_subscriber
1782486201: Sending PINGRESP to cardiosense_subscriber
1782486236: Received PINGREQ from dashboard_daee67
1782486236: Sending PINGRESP to dashboard_daee67
1782486262: Received PINGREQ from cardiosense_subscriber
1782486262: Sending PINGRESP to cardiosense_subscriber
1782486296: Received PINGREQ from dashboard_daee67
1782486296: Sending PINGRESP to dashboard_daee67
1782486322: Received PINGREQ from cardiosense_subscriber
1782486322: Sending PINGRESP to cardiosense_subscriber
1782486356: Received PINGREQ from dashboard_daee67
1782486356: Sending PINGRESP to dashboard_daee67
1782486382: Received PINGREQ from cardiosense_subscriber
1782486382: Sending PINGRESP to cardiosense_subscriber
1782486416: Received PINGREQ from dashboard_daee67
1782486416: Sending PINGRESP to dashboard_daee67
1782486442: Received PINGREQ from cardiosense_subscriber
1782486442: Sending PINGRESP to cardiosense_subscriber
1782486476: Received PINGREQ from dashboard_daee67
1782486476: Sending PINGRESP to dashboard_daee67
1782486477: Received DISCONNECT from cardiosense_subscriber
1782486477: Client cardiosense_subscriber disconnected.
1782486499: New connection from 172.18.0.1:48894 on port 1883.
1782486499: New client connected from 172.18.0.1:48894 as notification_service (p2, c1, k60).
1782486499: No will message specified.
1782486499: Sending CONNACK to notification_service (0, 0)
1782486499: New connection from 172.18.0.1:48906 on port 1883.
1782486499: New client connected from 172.18.0.1:48906 as cardiosense_subscriber (p2, c1, k60).
1782486499: No will message specified.
1782486499: Sending CONNACK to cardiosense_subscriber (0, 0)
1782486499: Received SUBSCRIBE from cardiosense_subscriber
1782486499: 	cardiosense/dati (QoS 1)
1782486499: cardiosense_subscriber 1 cardiosense/dati
1782486499: Sending SUBACK to cardiosense_subscriber
1782486516: New connection from 172.18.0.1:39722 on port 1883.
1782486516: New client connected from 172.18.0.1:39722 as cardiosense_simulator (p2, c1, k60).
1782486516: No will message specified.
1782486516: Sending CONNACK to cardiosense_simulator (0, 0)
1782486516: Received PUBLISH from cardiosense_simulator (d0, q1, r0, m1, 'cardiosense/dati', ... (999 bytes))
1782486516: Sending PUBLISH to cardiosense_subscriber (d0, q1, r0, m1, 'cardiosense/dati', ... (999 bytes))
1782486516: Sending PUBACK to cardiosense_simulator (m1, rc0)
1782486516: Received PUBACK from cardiosense_subscriber (Mid: 1, RC:0)
1782486517: Received PUBLISH from cardiosense_simulator (d0, q1, r0, m2, 'cardiosense/dati', ... (996 bytes))
1782486517: Sending PUBLISH to cardiosense_subscriber (d0, q1, r0, m2, 'cardiosense/dati', ... (996 bytes))
1782486517: Sending PUBACK to cardiosense_simulator (m2, rc0)
1782486517: Received PUBACK from cardiosense_subscriber (Mid: 2, RC:0)
1782486518: Received PUBLISH from cardiosense_simulator (d0, q1, r0, m3, 'cardiosense/dati', ... (995 bytes))
1782486518: Sending PUBLISH to cardiosense_subscriber (d0, q1, r0, m3, 'cardiosense/dati', ... (995 bytes))
1782486518: Sending PUBACK to cardiosense_simulator (m3, rc0)
1782486518: Received PUBACK from cardiosense_subscriber (Mid: 3, RC:0)
1782486519: Received DISCONNECT from cardiosense_simulator
1782486519: Client cardiosense_simulator disconnected.
1782486526: Client dashboard_daee67 closed its connection.
1782486527: New client connected from 172.18.0.1:36744 as dashboard_059625 (p2, c1, k60).
1782486527: No will message specified.
1782486527: Sending CONNACK to dashboard_059625 (0, 0)
1782486527: Received SUBSCRIBE from dashboard_059625
1782486527: 	cardiosense/allarmi (QoS 1)
1782486527: dashboard_059625 1 cardiosense/allarmi
1782486527: Sending SUBACK to dashboard_059625
1782486559: Received PINGREQ from cardiosense_subscriber
1782486559: Sending PINGRESP to cardiosense_subscriber
1782486587: Received PINGREQ from dashboard_059625
1782486587: Sending PINGRESP to dashboard_059625
1782486590: Client notification_service has exceeded timeout, disconnecting.
1782486620: Received PINGREQ from cardiosense_subscriber
1782486620: Sending PINGRESP to cardiosense_subscriber
1782486630: New connection from 172.18.0.1:48650 on port 1883.
1782486630: New client connected from 172.18.0.1:48650 as cardiosense_simulator (p2, c1, k60).
1782486630: No will message specified.
1782486630: Sending CONNACK to cardiosense_simulator (0, 0)
1782486630: Received PUBLISH from cardiosense_simulator (d0, q1, r0, m1, 'cardiosense/dati', ... (1000 bytes))
1782486630: Sending PUBLISH to cardiosense_subscriber (d0, q1, r0, m4, 'cardiosense/dati', ... (1000 bytes))
1782486630: Sending PUBACK to cardiosense_simulator (m1, rc0)
1782486630: Received PUBACK from cardiosense_subscriber (Mid: 4, RC:0)
1782486631: Received PUBLISH from cardiosense_simulator (d0, q1, r0, m2, 'cardiosense/dati', ... (1001 bytes))
1782486631: Sending PUBLISH to cardiosense_subscriber (d0, q1, r0, m5, 'cardiosense/dati', ... (1001 bytes))
1782486631: Sending PUBACK to cardiosense_simulator (m2, rc0)
1782486631: Received PUBACK from cardiosense_subscriber (Mid: 5, RC:0)
1782486632: Received PUBLISH from cardiosense_simulator (d0, q1, r0, m3, 'cardiosense/dati', ... (991 bytes))
1782486632: Sending PUBLISH to cardiosense_subscriber (d0, q1, r0, m6, 'cardiosense/dati', ... (991 bytes))
1782486632: Sending PUBACK to cardiosense_simulator (m3, rc0)
1782486632: Received PUBACK from cardiosense_subscriber (Mid: 6, RC:0)
1782486633: Received PUBLISH from cardiosense_simulator (d0, q1, r0, m4, 'cardiosense/dati', ... (999 bytes))
1782486633: Sending PUBLISH to cardiosense_subscriber (d0, q1, r0, m7, 'cardiosense/dati', ... (999 bytes))
1782486633: Sending PUBACK to cardiosense_simulator (m4, rc0)
1782486633: Received PUBACK from cardiosense_subscriber (Mid: 7, RC:0)
1782486634: Received PUBLISH from cardiosense_simulator (d0, q1, r0, m5, 'cardiosense/dati', ... (994 bytes))
1782486634: Sending PUBLISH to cardiosense_subscriber (d0, q1, r0, m8, 'cardiosense/dati', ... (994 bytes))
1782486634: Sending PUBACK to cardiosense_simulator (m5, rc0)
1782486634: Received PUBACK from cardiosense_subscriber (Mid: 8, RC:0)
1782486635: Received PUBLISH from cardiosense_simulator (d0, q1, r0, m6, 'cardiosense/dati', ... (993 bytes))
1782486635: Sending PUBLISH to cardiosense_subscriber (d0, q1, r0, m9, 'cardiosense/dati', ... (993 bytes))
1782486635: Sending PUBACK to cardiosense_simulator (m6, rc0)
1782486635: Received PUBACK from cardiosense_subscriber (Mid: 9, RC:0)
1782486636: Received PUBLISH from cardiosense_simulator (d0, q1, r0, m7, 'cardiosense/dati', ... (999 bytes))
1782486636: Sending PUBLISH to cardiosense_subscriber (d0, q1, r0, m10, 'cardiosense/dati', ... (999 bytes))
1782486636: Sending PUBACK to cardiosense_simulator (m7, rc0)
1782486636: Received PUBACK from cardiosense_subscriber (Mid: 10, RC:0)
1782486637: Received PUBLISH from cardiosense_simulator (d0, q1, r0, m8, 'cardiosense/dati', ... (994 bytes))
1782486637: Sending PUBLISH to cardiosense_subscriber (d0, q1, r0, m11, 'cardiosense/dati', ... (994 bytes))
1782486637: Sending PUBACK to cardiosense_simulator (m8, rc0)
1782486637: Received PUBACK from cardiosense_subscriber (Mid: 11, RC:0)
1782486638: Received PUBLISH from cardiosense_simulator (d0, q1, r0, m9, 'cardiosense/dati', ... (998 bytes))
1782486638: Sending PUBLISH to cardiosense_subscriber (d0, q1, r0, m12, 'cardiosense/dati', ... (998 bytes))
1782486638: Sending PUBACK to cardiosense_simulator (m9, rc0)
1782486638: Received PUBACK from cardiosense_subscriber (Mid: 12, RC:0)
1782486639: Received PUBLISH from cardiosense_simulator (d0, q1, r0, m10, 'cardiosense/dati', ... (1001 bytes))
1782486639: Sending PUBLISH to cardiosense_subscriber (d0, q1, r0, m13, 'cardiosense/dati', ... (1001 bytes))
1782486639: Sending PUBACK to cardiosense_simulator (m10, rc0)
1782486639: Received PUBACK from cardiosense_subscriber (Mid: 13, RC:0)
1782486640: Received PUBLISH from cardiosense_simulator (d0, q1, r0, m11, 'cardiosense/dati', ... (990 bytes))
1782486640: Sending PUBLISH to cardiosense_subscriber (d0, q1, r0, m14, 'cardiosense/dati', ... (990 bytes))
1782486640: Sending PUBACK to cardiosense_simulator (m11, rc0)
1782486640: Received PUBACK from cardiosense_subscriber (Mid: 14, RC:0)
1782486641: Received PUBLISH from cardiosense_simulator (d0, q1, r0, m12, 'cardiosense/dati', ... (1002 bytes))
1782486641: Sending PUBLISH to cardiosense_subscriber (d0, q1, r0, m15, 'cardiosense/dati', ... (1002 bytes))
1782486641: Sending PUBACK to cardiosense_simulator (m12, rc0)
1782486641: Received PUBACK from cardiosense_subscriber (Mid: 15, RC:0)
1782486642: Received DISCONNECT from cardiosense_simulator
1782486642: Client cardiosense_simulator disconnected.
1782486647: Received PINGREQ from dashboard_059625
1782486647: Sending PINGRESP to dashboard_059625
1782486680: Received PINGREQ from cardiosense_subscriber
1782486680: Sending PINGRESP to cardiosense_subscriber
1782486707: Received PINGREQ from dashboard_059625
1782486707: Sending PINGRESP to dashboard_059625
1782486741: Received PINGREQ from cardiosense_subscriber
1782486741: Sending PINGRESP to cardiosense_subscriber
1782486767: Received PINGREQ from dashboard_059625
1782486767: Sending PINGRESP to dashboard_059625
1782486801: Received PINGREQ from cardiosense_subscriber
1782486801: Sending PINGRESP to cardiosense_subscriber
1782486827: Received PINGREQ from dashboard_059625
1782486827: Sending PINGRESP to dashboard_059625
1782486861: Received PINGREQ from cardiosense_subscriber
1782486861: Sending PINGRESP to cardiosense_subscriber
1782486866: Received DISCONNECT from cardiosense_subscriber
1782486866: Client cardiosense_subscriber disconnected.
1782486875: New connection from 172.18.0.1:60576 on port 1883.
1782486875: New client connected from 172.18.0.1:60576 as notification_service (p2, c1, k60).
1782486875: No will message specified.
1782486875: Sending CONNACK to notification_service (0, 0)
1782486875: New connection from 172.18.0.1:60590 on port 1883.
1782486875: New client connected from 172.18.0.1:60590 as cardiosense_subscriber (p2, c1, k60).
1782486875: No will message specified.
1782486875: Sending CONNACK to cardiosense_subscriber (0, 0)
1782486875: Received SUBSCRIBE from cardiosense_subscriber
1782486875: 	cardiosense/dati (QoS 1)
1782486875: cardiosense_subscriber 1 cardiosense/dati
1782486875: Sending SUBACK to cardiosense_subscriber
1782486881: New connection from 172.18.0.1:60594 on port 1883.
1782486881: New client connected from 172.18.0.1:60594 as cardiosense_simulator (p2, c1, k60).
1782486881: No will message specified.
1782486881: Sending CONNACK to cardiosense_simulator (0, 0)
1782486881: Received PUBLISH from cardiosense_simulator (d0, q1, r0, m1, 'cardiosense/dati', ... (244 bytes))
1782486881: Sending PUBLISH to cardiosense_subscriber (d0, q1, r0, m1, 'cardiosense/dati', ... (244 bytes))
1782486881: Sending PUBACK to cardiosense_simulator (m1, rc0)
1782486881: Received PUBACK from cardiosense_subscriber (Mid: 1, RC:0)
1782486882: Received PUBLISH from cardiosense_simulator (d0, q1, r0, m2, 'cardiosense/dati', ... (249 bytes))
1782486882: Sending PUBLISH to cardiosense_subscriber (d0, q1, r0, m2, 'cardiosense/dati', ... (249 bytes))
1782486882: Sending PUBACK to cardiosense_simulator (m2, rc0)
1782486882: Received PUBACK from cardiosense_subscriber (Mid: 2, RC:0)
1782486883: Received PUBLISH from cardiosense_simulator (d0, q1, r0, m3, 'cardiosense/dati', ... (243 bytes))
1782486883: Sending PUBLISH to cardiosense_subscriber (d0, q1, r0, m3, 'cardiosense/dati', ... (243 bytes))
1782486883: Sending PUBACK to cardiosense_simulator (m3, rc0)
1782486883: Received PUBACK from cardiosense_subscriber (Mid: 3, RC:0)
1782486884: Received DISCONNECT from cardiosense_simulator
1782486884: Client cardiosense_simulator disconnected.
1782486887: Received PINGREQ from dashboard_059625
1782486887: Sending PINGRESP to dashboard_059625
1782486935: Received PINGREQ from cardiosense_subscriber
1782486935: Sending PINGRESP to cardiosense_subscriber
1782486947: Received PINGREQ from dashboard_059625
1782486947: Sending PINGRESP to dashboard_059625
1782486966: Client notification_service has exceeded timeout, disconnecting.
1782486995: Received PINGREQ from cardiosense_subscriber
1782486995: Sending PINGRESP to cardiosense_subscriber
1782487007: Received PINGREQ from dashboard_059625
1782487007: Sending PINGRESP to dashboard_059625
1782487049: Received DISCONNECT from cardiosense_subscriber
1782487049: Client cardiosense_subscriber disconnected.
1782487059: New connection from 172.18.0.1:49588 on port 1883.
1782487059: New client connected from 172.18.0.1:49588 as notification_service (p2, c1, k60).
1782487059: No will message specified.
1782487059: Sending CONNACK to notification_service (0, 0)
1782487059: New connection from 172.18.0.1:49604 on port 1883.
1782487059: New client connected from 172.18.0.1:49604 as cardiosense_subscriber (p2, c1, k60).
1782487059: No will message specified.
1782487059: Sending CONNACK to cardiosense_subscriber (0, 0)
1782487059: Received SUBSCRIBE from cardiosense_subscriber
1782487059: 	cardiosense/dati (QoS 1)
1782487059: cardiosense_subscriber 1 cardiosense/dati
1782487059: Sending SUBACK to cardiosense_subscriber
1782487062: New connection from 172.18.0.1:49608 on port 1883.
1782487062: New client connected from 172.18.0.1:49608 as cardiosense_simulator (p2, c1, k60).
1782487062: No will message specified.
1782487062: Sending CONNACK to cardiosense_simulator (0, 0)
1782487062: Received PUBLISH from cardiosense_simulator (d0, q1, r0, m1, 'cardiosense/dati', ... (247 bytes))
1782487062: Sending PUBLISH to cardiosense_subscriber (d0, q1, r0, m1, 'cardiosense/dati', ... (247 bytes))
1782487062: Sending PUBACK to cardiosense_simulator (m1, rc0)
1782487062: Received PUBACK from cardiosense_subscriber (Mid: 1, RC:0)
1782487063: Received PUBLISH from cardiosense_simulator (d0, q1, r0, m2, 'cardiosense/dati', ... (247 bytes))
1782487063: Sending PUBLISH to cardiosense_subscriber (d0, q1, r0, m2, 'cardiosense/dati', ... (247 bytes))
1782487063: Sending PUBACK to cardiosense_simulator (m2, rc0)
1782487063: Received PUBACK from cardiosense_subscriber (Mid: 2, RC:0)
1782487064: Received PUBLISH from cardiosense_simulator (d0, q1, r0, m3, 'cardiosense/dati', ... (247 bytes))
1782487064: Sending PUBLISH to cardiosense_subscriber (d0, q1, r0, m3, 'cardiosense/dati', ... (247 bytes))
1782487064: Sending PUBACK to cardiosense_simulator (m3, rc0)
1782487064: Received PUBACK from cardiosense_subscriber (Mid: 3, RC:0)
1782487065: Received DISCONNECT from cardiosense_simulator
1782487065: Client cardiosense_simulator disconnected.
1782487067: Received PINGREQ from dashboard_059625
1782487067: Sending PINGRESP to dashboard_059625
1782487074: Received DISCONNECT from cardiosense_subscriber
1782487074: Client cardiosense_subscriber disconnected.
1782487074: Client notification_service closed its connection.
1782487127: Received PINGREQ from dashboard_059625
1782487127: Sending PINGRESP to dashboard_059625
1782487187: Received PINGREQ from dashboard_059625
1782487187: Sending PINGRESP to dashboard_059625
1782487247: Received PINGREQ from dashboard_059625
1782487247: Sending PINGRESP to dashboard_059625
1782487307: Received PINGREQ from dashboard_059625
1782487307: Sending PINGRESP to dashboard_059625
1782487367: Received PINGREQ from dashboard_059625
1782487367: Sending PINGRESP to dashboard_059625
1782487427: Received PINGREQ from dashboard_059625
1782487427: Sending PINGRESP to dashboard_059625
1782487487: Received PINGREQ from dashboard_059625
1782487487: Sending PINGRESP to dashboard_059625
1782487547: Received PINGREQ from dashboard_059625
1782487547: Sending PINGRESP to dashboard_059625
1782487607: Received PINGREQ from dashboard_059625
1782487607: Sending PINGRESP to dashboard_059625
1782487667: Received PINGREQ from dashboard_059625
1782487667: Sending PINGRESP to dashboard_059625
1782487727: Received PINGREQ from dashboard_059625
1782487727: Sending PINGRESP to dashboard_059625
1782487786: Client dashboard_059625 closed its connection.
1782495572: New client connected from 172.18.0.1:45296 as dashboard_059625 (p2, c1, k60).
1782495572: No will message specified.
1782495572: Sending CONNACK to dashboard_059625 (0, 0)
1782495572: Received SUBSCRIBE from dashboard_059625
1782495572: 	cardiosense/allarmi (QoS 1)
1782495572: dashboard_059625 1 cardiosense/allarmi
1782495572: Sending SUBACK to dashboard_059625
1782495598: New connection from 172.18.0.1:59522 on port 1883.
1782495598: New client connected from 172.18.0.1:59522 as notification_service (p2, c1, k60).
1782495598: No will message specified.
1782495598: Sending CONNACK to notification_service (0, 0)
1782495598: New connection from 172.18.0.1:59530 on port 1883.
1782495598: New client connected from 172.18.0.1:59530 as cardiosense_subscriber (p2, c1, k60).
1782495598: No will message specified.
1782495598: Sending CONNACK to cardiosense_subscriber (0, 0)
1782495598: Received SUBSCRIBE from cardiosense_subscriber
1782495598: 	cardiosense/dati (QoS 1)
1782495598: cardiosense_subscriber 1 cardiosense/dati
1782495598: Sending SUBACK to cardiosense_subscriber
1782495632: Received PINGREQ from dashboard_059625
1782495632: Sending PINGRESP to dashboard_059625
1782495659: Received PINGREQ from cardiosense_subscriber
1782495659: Sending PINGRESP to cardiosense_subscriber
1782495668: New connection from 172.18.0.1:54546 on port 1883.
1782495668: New client connected from 172.18.0.1:54546 as cardiosense_simulator (p2, c1, k60).
1782495668: No will message specified.
1782495668: Sending CONNACK to cardiosense_simulator (0, 0)
1782495668: Received PUBLISH from cardiosense_simulator (d0, q1, r0, m1, 'cardiosense/dati', ... (245 bytes))
1782495668: Sending PUBLISH to cardiosense_subscriber (d0, q1, r0, m1, 'cardiosense/dati', ... (245 bytes))
1782495668: Sending PUBACK to cardiosense_simulator (m1, rc0)
1782495668: Received PUBACK from cardiosense_subscriber (Mid: 1, RC:0)
1782495669: Received PUBLISH from cardiosense_simulator (d0, q1, r0, m2, 'cardiosense/dati', ... (244 bytes))
1782495669: Sending PUBLISH to cardiosense_subscriber (d0, q1, r0, m2, 'cardiosense/dati', ... (244 bytes))
1782495669: Sending PUBACK to cardiosense_simulator (m2, rc0)
1782495669: Received PUBACK from cardiosense_subscriber (Mid: 2, RC:0)
1782495670: Received PUBLISH from cardiosense_simulator (d0, q1, r0, m3, 'cardiosense/dati', ... (241 bytes))
1782495670: Sending PUBLISH to cardiosense_subscriber (d0, q1, r0, m3, 'cardiosense/dati', ... (241 bytes))
1782495670: Sending PUBACK to cardiosense_simulator (m3, rc0)
1782495670: Received PUBACK from cardiosense_subscriber (Mid: 3, RC:0)
1782495671: Received DISCONNECT from cardiosense_simulator
1782495671: Client cardiosense_simulator disconnected.
1782495682: Received DISCONNECT from cardiosense_subscriber
1782495682: Client cardiosense_subscriber disconnected.
1782495683: Client notification_service closed its connection.
1782495692: Received PINGREQ from dashboard_059625
1782495692: Sending PINGRESP to dashboard_059625
1782495735: Saving in-memory database to /mosquitto/data//mosquitto.db.
1782495752: Received PINGREQ from dashboard_059625
1782495752: Sending PINGRESP to dashboard_059625
1782495812: Received PINGREQ from dashboard_059625
1782495812: Sending PINGRESP to dashboard_059625
1782495872: Received PINGREQ from dashboard_059625
1782495872: Sending PINGRESP to dashboard_059625
1782495933: Received PINGREQ from dashboard_059625
1782495933: Sending PINGRESP to dashboard_059625
1782495968: Client dashboard_059625 closed its connection.
1782546358: New client connected from 172.18.0.1:39696 as dashboard_059625 (p2, c1, k60).
1782546358: No will message specified.
1782546358: Sending CONNACK to dashboard_059625 (0, 0)
1782546358: Received SUBSCRIBE from dashboard_059625
1782546358: 	cardiosense/allarmi (QoS 1)
1782546358: dashboard_059625 1 cardiosense/allarmi
1782546358: Sending SUBACK to dashboard_059625
1782546418: Received PINGREQ from dashboard_059625
1782546418: Sending PINGRESP to dashboard_059625
1782546478: Received PINGREQ from dashboard_059625
1782546478: Sending PINGRESP to dashboard_059625
1782546538: Received PINGREQ from dashboard_059625
1782546538: Sending PINGRESP to dashboard_059625
1782546593: New connection from 172.18.0.1:39982 on port 1883.
1782546593: New client connected from 172.18.0.1:39982 as notification_service (p2, c1, k60).
1782546593: No will message specified.
1782546593: Sending CONNACK to notification_service (0, 0)
1782546593: New connection from 172.18.0.1:39994 on port 1883.
1782546593: New client connected from 172.18.0.1:39994 as cardiosense_subscriber (p2, c1, k60).
1782546593: No will message specified.
1782546593: Sending CONNACK to cardiosense_subscriber (0, 0)
1782546593: Received SUBSCRIBE from cardiosense_subscriber
1782546593: 	cardiosense/dati (QoS 1)
1782546593: cardiosense_subscriber 1 cardiosense/dati
1782546593: Sending SUBACK to cardiosense_subscriber
1782546598: Received PINGREQ from dashboard_059625
1782546598: Sending PINGRESP to dashboard_059625
1782546606: Client dashboard_059625 closed its connection.
1782546653: Received PINGREQ from cardiosense_subscriber
1782546653: Sending PINGRESP to cardiosense_subscriber
1782546664: New client connected from 172.18.0.1:44054 as dashboard_2210fc (p2, c1, k60).
1782546664: No will message specified.
1782546664: Sending CONNACK to dashboard_2210fc (0, 0)
1782546664: Received SUBSCRIBE from dashboard_2210fc
1782546664: 	cardiosense/allarmi (QoS 1)
1782546664: dashboard_2210fc 1 cardiosense/allarmi
1782546664: Sending SUBACK to dashboard_2210fc
1782546684: Client notification_service has exceeded timeout, disconnecting.
1782546687: New connection from 172.18.0.1:43414 on port 1883.
1782546687: New client connected from 172.18.0.1:43414 as cardiosense_simulator (p2, c1, k60).
1782546687: No will message specified.
1782546687: Sending CONNACK to cardiosense_simulator (0, 0)
1782546687: Received PUBLISH from cardiosense_simulator (d0, q1, r0, m1, 'cardiosense/dati', ... (244 bytes))
1782546687: Sending PUBLISH to cardiosense_subscriber (d0, q1, r0, m1, 'cardiosense/dati', ... (244 bytes))
1782546687: Sending PUBACK to cardiosense_simulator (m1, rc0)
1782546687: Received PUBACK from cardiosense_subscriber (Mid: 1, RC:0)
1782546688: Received PUBLISH from cardiosense_simulator (d0, q1, r0, m2, 'cardiosense/dati', ... (248 bytes))
1782546688: Sending PUBLISH to cardiosense_subscriber (d0, q1, r0, m2, 'cardiosense/dati', ... (248 bytes))
1782546688: Sending PUBACK to cardiosense_simulator (m2, rc0)
1782546688: Received PUBACK from cardiosense_subscriber (Mid: 2, RC:0)
1782546689: Received PUBLISH from cardiosense_simulator (d0, q1, r0, m3, 'cardiosense/dati', ... (247 bytes))
1782546689: Sending PUBLISH to cardiosense_subscriber (d0, q1, r0, m3, 'cardiosense/dati', ... (247 bytes))
1782546689: Sending PUBACK to cardiosense_simulator (m3, rc0)
1782546689: Received PUBACK from cardiosense_subscriber (Mid: 3, RC:0)
1782546690: Received DISCONNECT from cardiosense_simulator
1782546690: Client cardiosense_simulator disconnected.
1782546713: Received PINGREQ from cardiosense_subscriber
1782546713: Sending PINGRESP to cardiosense_subscriber
1782546724: Received PINGREQ from dashboard_2210fc
1782546724: Sending PINGRESP to dashboard_2210fc
1782546774: Received PINGREQ from cardiosense_subscriber
1782546774: Sending PINGRESP to cardiosense_subscriber
1782546784: Received PINGREQ from dashboard_2210fc
1782546784: Sending PINGRESP to dashboard_2210fc
1782546834: Received PINGREQ from cardiosense_subscriber
1782546834: Sending PINGRESP to cardiosense_subscriber
1782546844: Received PINGREQ from dashboard_2210fc
1782546844: Sending PINGRESP to dashboard_2210fc
1782546895: Received PINGREQ from cardiosense_subscriber
1782546895: Sending PINGRESP to cardiosense_subscriber
1782546904: Received PINGREQ from dashboard_2210fc
1782546904: Sending PINGRESP to dashboard_2210fc
1782546955: Received PINGREQ from cardiosense_subscriber
1782546955: Sending PINGRESP to cardiosense_subscriber
1782546959: Received DISCONNECT from cardiosense_subscriber
1782546959: Client cardiosense_subscriber disconnected.
1782546964: Received PINGREQ from dashboard_2210fc
1782546964: Sending PINGRESP to dashboard_2210fc
1782546986: New connection from 172.18.0.1:39126 on port 1883.
1782546986: New client connected from 172.18.0.1:39126 as notification_service (p2, c1, k60).
1782546986: No will message specified.
1782546986: Sending CONNACK to notification_service (0, 0)
1782546986: New connection from 172.18.0.1:39130 on port 1883.
1782546986: New client connected from 172.18.0.1:39130 as cardiosense_subscriber (p2, c1, k60).
1782546986: No will message specified.
1782546986: Sending CONNACK to cardiosense_subscriber (0, 0)
1782546986: Received SUBSCRIBE from cardiosense_subscriber
1782546986: 	cardiosense/dati (QoS 1)
1782546986: cardiosense_subscriber 1 cardiosense/dati
1782546986: Sending SUBACK to cardiosense_subscriber
1782547007: New connection from 172.18.0.1:60550 on port 1883.
1782547007: New client connected from 172.18.0.1:60550 as cardiosense_simulator (p2, c1, k60).
1782547007: No will message specified.
1782547007: Sending CONNACK to cardiosense_simulator (0, 0)
1782547007: Received PUBLISH from cardiosense_simulator (d0, q1, r0, m1, 'cardiosense/dati', ... (248 bytes))
1782547007: Sending PUBLISH to cardiosense_subscriber (d0, q1, r0, m1, 'cardiosense/dati', ... (248 bytes))
1782547007: Sending PUBACK to cardiosense_simulator (m1, rc0)
1782547007: Received PUBACK from cardiosense_subscriber (Mid: 1, RC:0)
1782547007: Received PUBLISH from notification_service (d0, q1, r0, m1, 'cardiosense/allarmi', ... (219 bytes))
1782547007: Sending PUBLISH to dashboard_2210fc (d0, q1, r0, m1, 'cardiosense/allarmi', ... (219 bytes))
1782547007: Sending PUBACK to notification_service (m1, rc0)
1782547007: Received PUBACK from dashboard_2210fc (Mid: 1, RC:0)
1782547008: Received PUBLISH from cardiosense_simulator (d0, q1, r0, m2, 'cardiosense/dati', ... (249 bytes))
1782547008: Sending PUBLISH to cardiosense_subscriber (d0, q1, r0, m2, 'cardiosense/dati', ... (249 bytes))
1782547008: Sending PUBACK to cardiosense_simulator (m2, rc0)
1782547008: Received PUBACK from cardiosense_subscriber (Mid: 2, RC:0)
1782547008: Received PUBLISH from notification_service (d0, q1, r0, m2, 'cardiosense/allarmi', ... (219 bytes))
1782547008: Sending PUBLISH to dashboard_2210fc (d0, q1, r0, m2, 'cardiosense/allarmi', ... (219 bytes))
1782547008: Sending PUBACK to notification_service (m2, rc0)
1782547008: Received PUBACK from dashboard_2210fc (Mid: 2, RC:0)
1782547009: Received PUBLISH from cardiosense_simulator (d0, q1, r0, m3, 'cardiosense/dati', ... (248 bytes))
1782547009: Sending PUBLISH to cardiosense_subscriber (d0, q1, r0, m3, 'cardiosense/dati', ... (248 bytes))
1782547009: Sending PUBACK to cardiosense_simulator (m3, rc0)
1782547009: Received PUBACK from cardiosense_subscriber (Mid: 3, RC:0)
1782547009: Received PUBLISH from notification_service (d0, q1, r0, m3, 'cardiosense/allarmi', ... (219 bytes))
1782547009: Sending PUBLISH to dashboard_2210fc (d0, q1, r0, m3, 'cardiosense/allarmi', ... (219 bytes))
1782547009: Sending PUBACK to notification_service (m3, rc0)
1782547009: Received PUBACK from dashboard_2210fc (Mid: 3, RC:0)
1782547010: Received PUBLISH from cardiosense_simulator (d0, q1, r0, m4, 'cardiosense/dati', ... (248 bytes))
1782547010: Sending PUBLISH to cardiosense_subscriber (d0, q1, r0, m4, 'cardiosense/dati', ... (248 bytes))
1782547010: Sending PUBACK to cardiosense_simulator (m4, rc0)
1782547010: Received PUBACK from cardiosense_subscriber (Mid: 4, RC:0)
1782547010: Received PUBLISH from notification_service (d0, q1, r0, m4, 'cardiosense/allarmi', ... (219 bytes))
1782547010: Sending PUBLISH to dashboard_2210fc (d0, q1, r0, m4, 'cardiosense/allarmi', ... (219 bytes))
1782547010: Sending PUBACK to notification_service (m4, rc0)
1782547010: Received PUBACK from dashboard_2210fc (Mid: 4, RC:0)
1782547011: Received DISCONNECT from cardiosense_simulator
1782547011: Client cardiosense_simulator disconnected.
1782547024: Received PINGREQ from dashboard_2210fc
1782547024: Sending PINGRESP to dashboard_2210fc
1782547046: Received PINGREQ from cardiosense_subscriber
1782547046: Sending PINGRESP to cardiosense_subscriber
1782547046: Received PINGREQ from notification_service
1782547046: Sending PINGRESP to notification_service
1782547084: Received PINGREQ from dashboard_2210fc
1782547084: Sending PINGRESP to dashboard_2210fc
1782547107: Received PINGREQ from cardiosense_subscriber
1782547107: Sending PINGRESP to cardiosense_subscriber
1782547107: Received PINGREQ from notification_service
1782547107: Sending PINGRESP to notification_service
1782547143: New connection from 172.18.0.1:37466 on port 1883.
1782547143: New client connected from 172.18.0.1:37466 as cardiosense_simulator (p2, c1, k60).
1782547143: No will message specified.
1782547143: Sending CONNACK to cardiosense_simulator (0, 0)
1782547143: Received PUBLISH from cardiosense_simulator (d0, q1, r0, m1, 'cardiosense/dati', ... (247 bytes))
1782547143: Sending PUBLISH to cardiosense_subscriber (d0, q1, r0, m5, 'cardiosense/dati', ... (247 bytes))
1782547143: Sending PUBACK to cardiosense_simulator (m1, rc0)
1782547143: Received PUBACK from cardiosense_subscriber (Mid: 5, RC:0)
1782547143: Received PUBLISH from notification_service (d0, q1, r0, m5, 'cardiosense/allarmi', ... (219 bytes))
1782547143: Sending PUBLISH to dashboard_2210fc (d0, q1, r0, m5, 'cardiosense/allarmi', ... (219 bytes))
1782547143: Sending PUBACK to notification_service (m5, rc0)
1782547143: Received PUBACK from dashboard_2210fc (Mid: 5, RC:0)
1782547144: Received PINGREQ from dashboard_2210fc
1782547144: Sending PINGRESP to dashboard_2210fc
1782547144: Received PUBLISH from cardiosense_simulator (d0, q1, r0, m2, 'cardiosense/dati', ... (246 bytes))
1782547144: Sending PUBLISH to cardiosense_subscriber (d0, q1, r0, m6, 'cardiosense/dati', ... (246 bytes))
1782547144: Sending PUBACK to cardiosense_simulator (m2, rc0)
1782547144: Received PUBACK from cardiosense_subscriber (Mid: 6, RC:0)
1782547144: Received PUBLISH from notification_service (d0, q1, r0, m6, 'cardiosense/allarmi', ... (219 bytes))
1782547144: Sending PUBLISH to dashboard_2210fc (d0, q1, r0, m6, 'cardiosense/allarmi', ... (219 bytes))
1782547144: Sending PUBACK to notification_service (m6, rc0)
1782547144: Received PUBACK from dashboard_2210fc (Mid: 6, RC:0)
1782547145: Received PUBLISH from cardiosense_simulator (d0, q1, r0, m3, 'cardiosense/dati', ... (246 bytes))
1782547145: Sending PUBLISH to cardiosense_subscriber (d0, q1, r0, m7, 'cardiosense/dati', ... (246 bytes))
1782547145: Sending PUBACK to cardiosense_simulator (m3, rc0)
1782547145: Received PUBACK from cardiosense_subscriber (Mid: 7, RC:0)
1782547145: Received PUBLISH from notification_service (d0, q1, r0, m7, 'cardiosense/allarmi', ... (220 bytes))
1782547145: Sending PUBLISH to dashboard_2210fc (d0, q1, r0, m7, 'cardiosense/allarmi', ... (220 bytes))
1782547145: Sending PUBACK to notification_service (m7, rc0)
1782547145: Received PUBACK from dashboard_2210fc (Mid: 7, RC:0)
1782547146: Received PUBLISH from cardiosense_simulator (d0, q1, r0, m4, 'cardiosense/dati', ... (247 bytes))
1782547146: Sending PUBLISH to cardiosense_subscriber (d0, q1, r0, m8, 'cardiosense/dati', ... (247 bytes))
1782547146: Sending PUBACK to cardiosense_simulator (m4, rc0)
1782547146: Received PUBACK from cardiosense_subscriber (Mid: 8, RC:0)
1782547147: Received PUBLISH from cardiosense_simulator (d0, q1, r0, m5, 'cardiosense/dati', ... (247 bytes))
1782547147: Sending PUBLISH to cardiosense_subscriber (d0, q1, r0, m9, 'cardiosense/dati', ... (247 bytes))
1782547147: Sending PUBACK to cardiosense_simulator (m5, rc0)
1782547147: Received PUBLISH from notification_service (d0, q1, r0, m8, 'cardiosense/allarmi', ... (219 bytes))
1782547147: Sending PUBLISH to dashboard_2210fc (d0, q1, r0, m8, 'cardiosense/allarmi', ... (219 bytes))
1782547147: Sending PUBACK to notification_service (m8, rc0)
1782547147: Received PUBACK from cardiosense_subscriber (Mid: 9, RC:0)
1782547147: Received PUBACK from dashboard_2210fc (Mid: 8, RC:0)
1782547148: Received PUBLISH from cardiosense_simulator (d0, q1, r0, m6, 'cardiosense/dati', ... (247 bytes))
1782547148: Sending PUBLISH to cardiosense_subscriber (d0, q1, r0, m10, 'cardiosense/dati', ... (247 bytes))
1782547148: Sending PUBACK to cardiosense_simulator (m6, rc0)
1782547148: Received PUBACK from cardiosense_subscriber (Mid: 10, RC:0)
1782547148: Received PUBLISH from notification_service (d0, q1, r0, m9, 'cardiosense/allarmi', ... (220 bytes))
1782547148: Sending PUBLISH to dashboard_2210fc (d0, q1, r0, m9, 'cardiosense/allarmi', ... (220 bytes))
1782547148: Sending PUBACK to notification_service (m9, rc0)
1782547148: Received PUBACK from dashboard_2210fc (Mid: 9, RC:0)
1782547149: Received PUBLISH from cardiosense_simulator (d0, q1, r0, m7, 'cardiosense/dati', ... (249 bytes))
1782547149: Sending PUBLISH to cardiosense_subscriber (d0, q1, r0, m11, 'cardiosense/dati', ... (249 bytes))
1782547149: Sending PUBACK to cardiosense_simulator (m7, rc0)
1782547149: Received PUBACK from cardiosense_subscriber (Mid: 11, RC:0)
1782547149: Received PUBLISH from notification_service (d0, q1, r0, m10, 'cardiosense/allarmi', ... (219 bytes))
1782547149: Sending PUBLISH to dashboard_2210fc (d0, q1, r0, m10, 'cardiosense/allarmi', ... (219 bytes))
1782547149: Sending PUBACK to notification_service (m10, rc0)
1782547149: Received PUBACK from dashboard_2210fc (Mid: 10, RC:0)
1782547150: Received PUBLISH from cardiosense_simulator (d0, q1, r0, m8, 'cardiosense/dati', ... (249 bytes))
1782547150: Sending PUBLISH to cardiosense_subscriber (d0, q1, r0, m12, 'cardiosense/dati', ... (249 bytes))
1782547150: Sending PUBACK to cardiosense_simulator (m8, rc0)
1782547150: Received PUBLISH from notification_service (d0, q1, r0, m11, 'cardiosense/allarmi', ... (219 bytes))
1782547150: Sending PUBLISH to dashboard_2210fc (d0, q1, r0, m11, 'cardiosense/allarmi', ... (219 bytes))
1782547150: Sending PUBACK to notification_service (m11, rc0)
1782547150: Received PUBACK from cardiosense_subscriber (Mid: 12, RC:0)
1782547150: Received PUBACK from dashboard_2210fc (Mid: 11, RC:0)
1782547151: Received PUBLISH from cardiosense_simulator (d0, q1, r0, m9, 'cardiosense/dati', ... (247 bytes))
1782547151: Sending PUBLISH to cardiosense_subscriber (d0, q1, r0, m13, 'cardiosense/dati', ... (247 bytes))
1782547151: Sending PUBACK to cardiosense_simulator (m9, rc0)
1782547151: Received PUBACK from cardiosense_subscriber (Mid: 13, RC:0)
1782547151: Received PUBLISH from notification_service (d0, q1, r0, m12, 'cardiosense/allarmi', ... (219 bytes))
1782547151: Sending PUBLISH to dashboard_2210fc (d0, q1, r0, m12, 'cardiosense/allarmi', ... (219 bytes))
1782547151: Sending PUBACK to notification_service (m12, rc0)
1782547151: Received PUBACK from dashboard_2210fc (Mid: 12, RC:0)
1782547152: Received PUBLISH from cardiosense_simulator (d0, q1, r0, m10, 'cardiosense/dati', ... (247 bytes))
1782547152: Sending PUBLISH to cardiosense_subscriber (d0, q1, r0, m14, 'cardiosense/dati', ... (247 bytes))
1782547152: Sending PUBACK to cardiosense_simulator (m10, rc0)
1782547152: Received PUBACK from cardiosense_subscriber (Mid: 14, RC:0)
1782547152: Received PUBLISH from notification_service (d0, q1, r0, m13, 'cardiosense/allarmi', ... (219 bytes))
1782547152: Sending PUBLISH to dashboard_2210fc (d0, q1, r0, m13, 'cardiosense/allarmi', ... (219 bytes))
1782547152: Sending PUBACK to notification_service (m13, rc0)
1782547152: Received PUBACK from dashboard_2210fc (Mid: 13, RC:0)
1782547153: Received PUBLISH from cardiosense_simulator (d0, q1, r0, m11, 'cardiosense/dati', ... (246 bytes))
1782547153: Sending PUBLISH to cardiosense_subscriber (d0, q1, r0, m15, 'cardiosense/dati', ... (246 bytes))
1782547153: Sending PUBACK to cardiosense_simulator (m11, rc0)
1782547153: Received PUBACK from cardiosense_subscriber (Mid: 15, RC:0)
1782547153: Received PUBLISH from notification_service (d0, q1, r0, m14, 'cardiosense/allarmi', ... (219 bytes))
1782547153: Sending PUBLISH to dashboard_2210fc (d0, q1, r0, m14, 'cardiosense/allarmi', ... (219 bytes))
1782547153: Sending PUBACK to notification_service (m14, rc0)
1782547153: Received PUBACK from dashboard_2210fc (Mid: 14, RC:0)
1782547154: Received DISCONNECT from cardiosense_simulator
1782547154: Client cardiosense_simulator disconnected.
1782547167: Received PINGREQ from notification_service
1782547167: Sending PINGRESP to notification_service
1782547167: Received PINGREQ from cardiosense_subscriber
1782547167: Sending PINGRESP to cardiosense_subscriber
1782547204: Received PINGREQ from dashboard_2210fc
1782547204: Sending PINGRESP to dashboard_2210fc
1782547228: Received PINGREQ from cardiosense_subscriber
1782547228: Sending PINGRESP to cardiosense_subscriber
1782547228: Received PINGREQ from notification_service
1782547228: Sending PINGRESP to notification_service
1782547264: Received PINGREQ from dashboard_2210fc
1782547264: Sending PINGRESP to dashboard_2210fc
1782547288: Received PINGREQ from cardiosense_subscriber
1782547288: Sending PINGRESP to cardiosense_subscriber
1782547288: Received PINGREQ from notification_service
1782547288: Sending PINGRESP to notification_service
1782547324: Received PINGREQ from dashboard_2210fc
1782547324: Sending PINGRESP to dashboard_2210fc
1782547349: Received PINGREQ from cardiosense_subscriber
1782547349: Sending PINGRESP to cardiosense_subscriber
1782547349: Received PINGREQ from notification_service
1782547349: Sending PINGRESP to notification_service
1782547384: Received PINGREQ from dashboard_2210fc
1782547384: Sending PINGRESP to dashboard_2210fc
1782547390: Received DISCONNECT from cardiosense_subscriber
1782547390: Client cardiosense_subscriber disconnected.
1782547391: Client notification_service closed its connection.
1782547398: New connection from 172.18.0.1:52350 on port 1883.
1782547398: New client connected from 172.18.0.1:52350 as notification_service (p2, c1, k60).
1782547398: No will message specified.
1782547398: Sending CONNACK to notification_service (0, 0)
1782547398: New connection from 172.18.0.1:52354 on port 1883.
1782547398: New client connected from 172.18.0.1:52354 as cardiosense_subscriber (p2, c1, k60).
1782547398: No will message specified.
1782547398: Sending CONNACK to cardiosense_subscriber (0, 0)
1782547398: Received SUBSCRIBE from cardiosense_subscriber
1782547398: 	cardiosense/dati (QoS 1)
1782547398: cardiosense_subscriber 1 cardiosense/dati
1782547398: Sending SUBACK to cardiosense_subscriber
1782547405: New connection from 172.18.0.1:41404 on port 1883.
1782547405: New client connected from 172.18.0.1:41404 as cardiosense_simulator (p2, c1, k60).
1782547405: No will message specified.
1782547405: Sending CONNACK to cardiosense_simulator (0, 0)
1782547405: Received PUBLISH from cardiosense_simulator (d0, q1, r0, m1, 'cardiosense/dati', ... (248 bytes))
1782547405: Sending PUBLISH to cardiosense_subscriber (d0, q1, r0, m1, 'cardiosense/dati', ... (248 bytes))
1782547405: Sending PUBACK to cardiosense_simulator (m1, rc0)
1782547405: Received PUBLISH from notification_service (d0, q1, r0, m1, 'cardiosense/allarmi', ... (219 bytes))
1782547405: Sending PUBLISH to dashboard_2210fc (d0, q1, r0, m15, 'cardiosense/allarmi', ... (219 bytes))
1782547405: Sending PUBACK to notification_service (m1, rc0)
1782547405: Received PUBACK from cardiosense_subscriber (Mid: 1, RC:0)
1782547405: Received PUBACK from dashboard_2210fc (Mid: 15, RC:0)
1782547406: Received PUBLISH from cardiosense_simulator (d0, q1, r0, m2, 'cardiosense/dati', ... (248 bytes))
1782547406: Sending PUBLISH to cardiosense_subscriber (d0, q1, r0, m2, 'cardiosense/dati', ... (248 bytes))
1782547406: Sending PUBACK to cardiosense_simulator (m2, rc0)
1782547406: Received PUBLISH from notification_service (d0, q1, r0, m2, 'cardiosense/allarmi', ... (220 bytes))
1782547406: Sending PUBLISH to dashboard_2210fc (d0, q1, r0, m16, 'cardiosense/allarmi', ... (220 bytes))
1782547406: Sending PUBACK to notification_service (m2, rc0)
1782547406: Received PUBACK from cardiosense_subscriber (Mid: 2, RC:0)
1782547406: Received PUBACK from dashboard_2210fc (Mid: 16, RC:0)
1782547407: Received PUBLISH from cardiosense_simulator (d0, q1, r0, m3, 'cardiosense/dati', ... (248 bytes))
1782547407: Sending PUBLISH to cardiosense_subscriber (d0, q1, r0, m3, 'cardiosense/dati', ... (248 bytes))
1782547407: Sending PUBACK to cardiosense_simulator (m3, rc0)
1782547407: Received PUBLISH from notification_service (d0, q1, r0, m3, 'cardiosense/allarmi', ... (220 bytes))
1782547407: Sending PUBLISH to dashboard_2210fc (d0, q1, r0, m17, 'cardiosense/allarmi', ... (220 bytes))
1782547407: Sending PUBACK to notification_service (m3, rc0)
1782547407: Received PUBACK from cardiosense_subscriber (Mid: 3, RC:0)
1782547407: Received PUBACK from dashboard_2210fc (Mid: 17, RC:0)
1782547408: Received DISCONNECT from cardiosense_simulator
1782547408: Client cardiosense_simulator disconnected.
1782547444: Received PINGREQ from dashboard_2210fc
1782547444: Sending PINGRESP to dashboard_2210fc
1782547447: Client dashboard_2210fc closed its connection.
1782547447: New client connected from 172.18.0.1:48736 as dashboard_c66e37 (p2, c1, k60).
1782547447: No will message specified.
1782547447: Sending CONNACK to dashboard_c66e37 (0, 0)
1782547447: Received SUBSCRIBE from dashboard_c66e37
1782547447: 	cardiosense/allarmi (QoS 1)
1782547447: dashboard_c66e37 1 cardiosense/allarmi
1782547447: Sending SUBACK to dashboard_c66e37
1782547458: Received PINGREQ from cardiosense_subscriber
1782547458: Sending PINGRESP to cardiosense_subscriber
1782547458: Received PINGREQ from notification_service
1782547458: Sending PINGRESP to notification_service
1782547507: Received PINGREQ from dashboard_c66e37
1782547507: Sending PINGRESP to dashboard_c66e37
1782547519: Received PINGREQ from cardiosense_subscriber
1782547519: Sending PINGRESP to cardiosense_subscriber
1782547519: Received PINGREQ from notification_service
1782547519: Sending PINGRESP to notification_service
1782547567: Received PINGREQ from dashboard_c66e37
1782547567: Sending PINGRESP to dashboard_c66e37
1782547579: Received PINGREQ from cardiosense_subscriber
1782547579: Sending PINGRESP to cardiosense_subscriber
1782547579: Received PINGREQ from notification_service
1782547579: Sending PINGRESP to notification_service
1782547627: Received PINGREQ from dashboard_c66e37
1782547627: Sending PINGRESP to dashboard_c66e37
1782547640: Received PINGREQ from cardiosense_subscriber
1782547640: Sending PINGRESP to cardiosense_subscriber
1782547640: Received PINGREQ from notification_service
1782547640: Sending PINGRESP to notification_service
1782547687: Received PINGREQ from dashboard_c66e37
1782547687: Sending PINGRESP to dashboard_c66e37
1782547700: Received PINGREQ from cardiosense_subscriber
1782547700: Sending PINGRESP to cardiosense_subscriber
1782547700: Received PINGREQ from notification_service
1782547700: Sending PINGRESP to notification_service
1782547747: Received PINGREQ from dashboard_c66e37
1782547747: Sending PINGRESP to dashboard_c66e37
1782547760: Received PINGREQ from cardiosense_subscriber
1782547760: Sending PINGRESP to cardiosense_subscriber
1782547761: Received PINGREQ from notification_service
1782547761: Sending PINGRESP to notification_service
1782547807: Received PINGREQ from dashboard_c66e37
1782547807: Sending PINGRESP to dashboard_c66e37
1782547821: Received PINGREQ from cardiosense_subscriber
1782547821: Sending PINGRESP to cardiosense_subscriber
1782547821: Received PINGREQ from notification_service
1782547821: Sending PINGRESP to notification_service
1782547867: Received PINGREQ from dashboard_c66e37
1782547867: Sending PINGRESP to dashboard_c66e37
1782547881: Received PINGREQ from cardiosense_subscriber
1782547881: Sending PINGRESP to cardiosense_subscriber
1782547881: Received PINGREQ from notification_service
1782547881: Sending PINGRESP to notification_service
1782547890: Received DISCONNECT from cardiosense_subscriber
1782547890: Client cardiosense_subscriber disconnected.
1782547891: Client notification_service closed its connection.
1782547915: New connection from 172.18.0.1:57704 on port 1883.
1782547915: New client connected from 172.18.0.1:57704 as notification_service (p2, c1, k60).
1782547915: No will message specified.
1782547915: Sending CONNACK to notification_service (0, 0)
1782547915: New connection from 172.18.0.1:57712 on port 1883.
1782547915: New client connected from 172.18.0.1:57712 as cardiosense_subscriber (p2, c1, k60).
1782547915: No will message specified.
1782547915: Sending CONNACK to cardiosense_subscriber (0, 0)
1782547915: Received SUBSCRIBE from cardiosense_subscriber
1782547915: 	cardiosense/dati (QoS 1)
1782547915: cardiosense_subscriber 1 cardiosense/dati
1782547915: Sending SUBACK to cardiosense_subscriber
1782547915: Saving in-memory database to /mosquitto/data//mosquitto.db.
1782547919: New connection from 172.18.0.1:57722 on port 1883.
1782547919: New client connected from 172.18.0.1:57722 as cardiosense_simulator (p2, c1, k60).
1782547919: No will message specified.
1782547919: Sending CONNACK to cardiosense_simulator (0, 0)
1782547919: Received PUBLISH from cardiosense_simulator (d0, q1, r0, m1, 'cardiosense/dati', ... (248 bytes))
1782547919: Sending PUBLISH to cardiosense_subscriber (d0, q1, r0, m1, 'cardiosense/dati', ... (248 bytes))
1782547919: Sending PUBACK to cardiosense_simulator (m1, rc0)
1782547919: Received PUBACK from cardiosense_subscriber (Mid: 1, RC:0)
1782547919: Received PUBLISH from notification_service (d0, q1, r0, m1, 'cardiosense/allarmi', ... (226 bytes))
1782547919: Sending PUBLISH to dashboard_c66e37 (d0, q1, r0, m1, 'cardiosense/allarmi', ... (226 bytes))
1782547919: Sending PUBACK to notification_service (m1, rc0)
1782547919: Received PUBACK from dashboard_c66e37 (Mid: 1, RC:0)
1782547920: Received PUBLISH from cardiosense_simulator (d0, q1, r0, m2, 'cardiosense/dati', ... (248 bytes))
1782547920: Sending PUBLISH to cardiosense_subscriber (d0, q1, r0, m2, 'cardiosense/dati', ... (248 bytes))
1782547920: Sending PUBACK to cardiosense_simulator (m2, rc0)
1782547920: Received PUBACK from cardiosense_subscriber (Mid: 2, RC:0)
1782547920: Received PUBLISH from notification_service (d0, q1, r0, m2, 'cardiosense/allarmi', ... (225 bytes))
1782547920: Sending PUBLISH to dashboard_c66e37 (d0, q1, r0, m2, 'cardiosense/allarmi', ... (225 bytes))
1782547920: Sending PUBACK to notification_service (m2, rc0)
1782547920: Received PUBACK from dashboard_c66e37 (Mid: 2, RC:0)
1782547921: Received PUBLISH from cardiosense_simulator (d0, q1, r0, m3, 'cardiosense/dati', ... (247 bytes))
1782547921: Sending PUBLISH to cardiosense_subscriber (d0, q1, r0, m3, 'cardiosense/dati', ... (247 bytes))
1782547921: Sending PUBACK to cardiosense_simulator (m3, rc0)
1782547921: Received PUBLISH from notification_service (d0, q1, r0, m3, 'cardiosense/allarmi', ... (226 bytes))
1782547921: Sending PUBLISH to dashboard_c66e37 (d0, q1, r0, m3, 'cardiosense/allarmi', ... (226 bytes))
1782547921: Sending PUBACK to notification_service (m3, rc0)
1782547921: Received PUBACK from cardiosense_subscriber (Mid: 3, RC:0)
1782547921: Received PUBACK from dashboard_c66e37 (Mid: 3, RC:0)
1782547922: Received DISCONNECT from cardiosense_simulator
1782547922: Client cardiosense_simulator disconnected.
1782547927: Received PINGREQ from dashboard_c66e37
1782547927: Sending PINGRESP to dashboard_c66e37
1782547976: Received PINGREQ from cardiosense_subscriber
1782547976: Sending PINGRESP to cardiosense_subscriber
1782547976: Received PINGREQ from notification_service
1782547976: Sending PINGRESP to notification_service
1782547987: Received PINGREQ from dashboard_c66e37
1782547987: Sending PINGRESP to dashboard_c66e37
1782548037: Received PINGREQ from cardiosense_subscriber
1782548037: Sending PINGRESP to cardiosense_subscriber
1782548037: Received PINGREQ from notification_service
1782548037: Sending PINGRESP to notification_service
1782548047: Received PINGREQ from dashboard_c66e37
1782548047: Sending PINGRESP to dashboard_c66e37
1782548060: Client dashboard_c66e37 closed its connection.
1782548061: New client connected from 172.18.0.1:37960 as dashboard_6c837c (p2, c1, k60).
1782548061: No will message specified.
1782548061: Sending CONNACK to dashboard_6c837c (0, 0)
1782548061: Received SUBSCRIBE from dashboard_6c837c
1782548061: 	cardiosense/allarmi (QoS 1)
1782548061: dashboard_6c837c 1 cardiosense/allarmi
1782548061: Sending SUBACK to dashboard_6c837c
1782548097: Received PINGREQ from cardiosense_subscriber
1782548097: Sending PINGRESP to cardiosense_subscriber
1782548097: Received PINGREQ from notification_service
1782548097: Sending PINGRESP to notification_service
1782548121: Received PINGREQ from dashboard_6c837c
1782548121: Sending PINGRESP to dashboard_6c837c
1782548157: Received PINGREQ from cardiosense_subscriber
1782548157: Sending PINGRESP to cardiosense_subscriber
1782548157: Received PINGREQ from notification_service
1782548157: Sending PINGRESP to notification_service
1782548181: Received PINGREQ from dashboard_6c837c
1782548181: Sending PINGRESP to dashboard_6c837c
1782548218: Received PINGREQ from cardiosense_subscriber
1782548218: Sending PINGRESP to cardiosense_subscriber
1782548218: Received PINGREQ from notification_service
1782548218: Sending PINGRESP to notification_service
1782548241: Received PINGREQ from dashboard_6c837c
1782548241: Sending PINGRESP to dashboard_6c837c
1782548278: Received PINGREQ from cardiosense_subscriber
1782548278: Sending PINGRESP to cardiosense_subscriber
1782548278: Received PINGREQ from notification_service
1782548278: Sending PINGRESP to notification_service
1782548301: Received PINGREQ from dashboard_6c837c
1782548301: Sending PINGRESP to dashboard_6c837c
1782548339: Received PINGREQ from cardiosense_subscriber
1782548339: Sending PINGRESP to cardiosense_subscriber
1782548339: Received PINGREQ from notification_service
1782548339: Sending PINGRESP to notification_service
1782548361: Received PINGREQ from dashboard_6c837c
1782548361: Sending PINGRESP to dashboard_6c837c
1782548399: Received PINGREQ from cardiosense_subscriber
1782548399: Sending PINGRESP to cardiosense_subscriber
1782548399: Received PINGREQ from notification_service
1782548399: Sending PINGRESP to notification_service
1782548421: Received PINGREQ from dashboard_6c837c
1782548421: Sending PINGRESP to dashboard_6c837c
1782548433: Client dashboard_6c837c closed its connection.
1782548433: New client connected from 172.18.0.1:51902 as dashboard_6e5c00 (p2, c1, k60).
1782548433: No will message specified.
1782548433: Sending CONNACK to dashboard_6e5c00 (0, 0)
1782548433: Received SUBSCRIBE from dashboard_6e5c00
1782548433: 	cardiosense/allarmi (QoS 1)
1782548433: dashboard_6e5c00 1 cardiosense/allarmi
1782548433: Sending SUBACK to dashboard_6e5c00
1782548445: New connection from 172.18.0.1:37678 on port 1883.
1782548445: New client connected from 172.18.0.1:37678 as cardiosense_simulator (p2, c1, k60).
1782548445: No will message specified.
1782548445: Sending CONNACK to cardiosense_simulator (0, 0)
1782548445: Received PUBLISH from cardiosense_simulator (d0, q1, r0, m1, 'cardiosense/dati', ... (247 bytes))
1782548445: Sending PUBLISH to cardiosense_subscriber (d0, q1, r0, m4, 'cardiosense/dati', ... (247 bytes))
1782548445: Sending PUBACK to cardiosense_simulator (m1, rc0)
1782548445: Received PUBLISH from notification_service (d0, q1, r0, m4, 'cardiosense/allarmi', ... (225 bytes))
1782548445: Sending PUBLISH to dashboard_6e5c00 (d0, q1, r0, m1, 'cardiosense/allarmi', ... (225 bytes))
1782548445: Sending PUBACK to notification_service (m4, rc0)
1782548445: Received PUBACK from cardiosense_subscriber (Mid: 4, RC:0)
1782548446: Received PUBACK from dashboard_6e5c00 (Mid: 1, RC:0)
1782548446: Received PUBLISH from cardiosense_simulator (d0, q1, r0, m2, 'cardiosense/dati', ... (248 bytes))
1782548446: Sending PUBLISH to cardiosense_subscriber (d0, q1, r0, m5, 'cardiosense/dati', ... (248 bytes))
1782548446: Sending PUBACK to cardiosense_simulator (m2, rc0)
1782548447: Received PUBACK from cardiosense_subscriber (Mid: 5, RC:0)
1782548447: Received PUBLISH from notification_service (d0, q1, r0, m5, 'cardiosense/allarmi', ... (225 bytes))
1782548447: Sending PUBLISH to dashboard_6e5c00 (d0, q1, r0, m2, 'cardiosense/allarmi', ... (225 bytes))
1782548447: Sending PUBACK to notification_service (m5, rc0)
1782548447: Received PUBACK from dashboard_6e5c00 (Mid: 2, RC:0)
1782548447: Received PUBLISH from cardiosense_simulator (d0, q1, r0, m3, 'cardiosense/dati', ... (249 bytes))
1782548447: Sending PUBLISH to cardiosense_subscriber (d0, q1, r0, m6, 'cardiosense/dati', ... (249 bytes))
1782548447: Sending PUBACK to cardiosense_simulator (m3, rc0)
1782548447: Received PUBACK from cardiosense_subscriber (Mid: 6, RC:0)
1782548447: Received PUBLISH from notification_service (d0, q1, r0, m6, 'cardiosense/allarmi', ... (225 bytes))
1782548447: Sending PUBLISH to dashboard_6e5c00 (d0, q1, r0, m3, 'cardiosense/allarmi', ... (225 bytes))
1782548447: Sending PUBACK to notification_service (m6, rc0)
1782548447: Received PUBACK from dashboard_6e5c00 (Mid: 3, RC:0)
1782548448: Received DISCONNECT from cardiosense_simulator
1782548448: Client cardiosense_simulator disconnected.
1782548460: Received PINGREQ from cardiosense_subscriber
1782548460: Sending PINGRESP to cardiosense_subscriber
1782548460: Received PINGREQ from notification_service
1782548460: Sending PINGRESP to notification_service
1782548464: New connection from 172.18.0.1:45804 on port 1883.
1782548464: New client connected from 172.18.0.1:45804 as cardiosense_simulator (p2, c1, k60).
1782548464: No will message specified.
1782548464: Sending CONNACK to cardiosense_simulator (0, 0)
1782548464: Received PUBLISH from cardiosense_simulator (d0, q1, r0, m1, 'cardiosense/dati', ... (246 bytes))
1782548464: Sending PUBLISH to cardiosense_subscriber (d0, q1, r0, m7, 'cardiosense/dati', ... (246 bytes))
1782548464: Sending PUBACK to cardiosense_simulator (m1, rc0)
1782548464: Received PUBLISH from notification_service (d0, q1, r0, m7, 'cardiosense/allarmi', ... (226 bytes))
1782548464: Sending PUBLISH to dashboard_6e5c00 (d0, q1, r0, m4, 'cardiosense/allarmi', ... (226 bytes))
1782548464: Sending PUBACK to notification_service (m7, rc0)
1782548464: Received PUBACK from cardiosense_subscriber (Mid: 7, RC:0)
1782548464: Received PUBACK from dashboard_6e5c00 (Mid: 4, RC:0)
1782548465: Received PUBLISH from cardiosense_simulator (d0, q1, r0, m2, 'cardiosense/dati', ... (247 bytes))
1782548465: Sending PUBLISH to cardiosense_subscriber (d0, q1, r0, m8, 'cardiosense/dati', ... (247 bytes))
1782548465: Sending PUBACK to cardiosense_simulator (m2, rc0)
1782548465: Received PUBLISH from notification_service (d0, q1, r0, m8, 'cardiosense/allarmi', ... (226 bytes))
1782548465: Sending PUBLISH to dashboard_6e5c00 (d0, q1, r0, m5, 'cardiosense/allarmi', ... (226 bytes))
1782548465: Sending PUBACK to notification_service (m8, rc0)
1782548465: Received PUBACK from cardiosense_subscriber (Mid: 8, RC:0)
1782548465: Received PUBACK from dashboard_6e5c00 (Mid: 5, RC:0)
1782548466: Received PUBLISH from cardiosense_simulator (d0, q1, r0, m3, 'cardiosense/dati', ... (248 bytes))
1782548466: Sending PUBLISH to cardiosense_subscriber (d0, q1, r0, m9, 'cardiosense/dati', ... (248 bytes))
1782548466: Sending PUBACK to cardiosense_simulator (m3, rc0)
1782548466: Received PUBLISH from notification_service (d0, q1, r0, m9, 'cardiosense/allarmi', ... (225 bytes))
1782548466: Sending PUBLISH to dashboard_6e5c00 (d0, q1, r0, m6, 'cardiosense/allarmi', ... (225 bytes))
1782548466: Sending PUBACK to notification_service (m9, rc0)
1782548466: Received PUBACK from cardiosense_subscriber (Mid: 9, RC:0)
1782548466: Received PUBACK from dashboard_6e5c00 (Mid: 6, RC:0)
1782548467: Received PUBLISH from cardiosense_simulator (d0, q1, r0, m4, 'cardiosense/dati', ... (248 bytes))
1782548467: Sending PUBLISH to cardiosense_subscriber (d0, q1, r0, m10, 'cardiosense/dati', ... (248 bytes))
1782548467: Sending PUBACK to cardiosense_simulator (m4, rc0)
1782548467: Received PUBACK from cardiosense_subscriber (Mid: 10, RC:0)
1782548467: Received PUBLISH from notification_service (d0, q1, r0, m10, 'cardiosense/allarmi', ... (225 bytes))
1782548467: Sending PUBLISH to dashboard_6e5c00 (d0, q1, r0, m7, 'cardiosense/allarmi', ... (225 bytes))
1782548467: Sending PUBACK to notification_service (m10, rc0)
1782548467: Received PUBACK from dashboard_6e5c00 (Mid: 7, RC:0)
1782548468: Received PUBLISH from cardiosense_simulator (d0, q1, r0, m5, 'cardiosense/dati', ... (249 bytes))
1782548468: Sending PUBLISH to cardiosense_subscriber (d0, q1, r0, m11, 'cardiosense/dati', ... (249 bytes))
1782548468: Sending PUBACK to cardiosense_simulator (m5, rc0)
1782548468: Received PUBLISH from notification_service (d0, q1, r0, m11, 'cardiosense/allarmi', ... (225 bytes))
1782548468: Sending PUBLISH to dashboard_6e5c00 (d0, q1, r0, m8, 'cardiosense/allarmi', ... (225 bytes))
1782548468: Sending PUBACK to notification_service (m11, rc0)
1782548468: Received PUBACK from cardiosense_subscriber (Mid: 11, RC:0)
1782548468: Received PUBACK from dashboard_6e5c00 (Mid: 8, RC:0)
1782548469: Received PUBLISH from cardiosense_simulator (d0, q1, r0, m6, 'cardiosense/dati', ... (248 bytes))
1782548469: Sending PUBLISH to cardiosense_subscriber (d0, q1, r0, m12, 'cardiosense/dati', ... (248 bytes))
1782548469: Sending PUBACK to cardiosense_simulator (m6, rc0)
1782548469: Received PUBLISH from notification_service (d0, q1, r0, m12, 'cardiosense/allarmi', ... (225 bytes))
1782548469: Sending PUBLISH to dashboard_6e5c00 (d0, q1, r0, m9, 'cardiosense/allarmi', ... (225 bytes))
1782548469: Sending PUBACK to notification_service (m12, rc0)
1782548469: Received PUBACK from cardiosense_subscriber (Mid: 12, RC:0)
1782548469: Received PUBACK from dashboard_6e5c00 (Mid: 9, RC:0)
1782548470: Received DISCONNECT from cardiosense_simulator
1782548470: Client cardiosense_simulator disconnected.
1782548493: Received PINGREQ from dashboard_6e5c00
1782548493: Sending PINGRESP to dashboard_6e5c00
1782548520: Received PINGREQ from cardiosense_subscriber
1782548520: Sending PINGRESP to cardiosense_subscriber
1782548520: Received PINGREQ from notification_service
1782548520: Sending PINGRESP to notification_service
1782548553: Received PINGREQ from dashboard_6e5c00
1782548553: Sending PINGRESP to dashboard_6e5c00
1782548581: Received PINGREQ from cardiosense_subscriber
1782548581: Sending PINGRESP to cardiosense_subscriber
1782548581: Received PINGREQ from notification_service
1782548581: Sending PINGRESP to notification_service
1782548613: Received PINGREQ from dashboard_6e5c00
1782548613: Sending PINGRESP to dashboard_6e5c00
1782548641: Received PINGREQ from cardiosense_subscriber
1782548641: Sending PINGRESP to cardiosense_subscriber
1782548641: Received PINGREQ from notification_service
1782548641: Sending PINGRESP to notification_service
1782548673: Received PINGREQ from dashboard_6e5c00
1782548673: Sending PINGRESP to dashboard_6e5c00
1782548702: Received PINGREQ from cardiosense_subscriber
1782548702: Sending PINGRESP to cardiosense_subscriber
1782548702: Received PINGREQ from notification_service
1782548702: Sending PINGRESP to notification_service
1782548720: Client dashboard_6e5c00 closed its connection.
1782548721: New client connected from 172.18.0.1:60062 as dashboard_9734e8 (p2, c1, k60).
1782548721: No will message specified.
1782548721: Sending CONNACK to dashboard_9734e8 (0, 0)
1782548721: Received SUBSCRIBE from dashboard_9734e8
1782548721: 	cardiosense/allarmi (QoS 1)
1782548721: dashboard_9734e8 1 cardiosense/allarmi
1782548721: Sending SUBACK to dashboard_9734e8
1782548762: Received PINGREQ from cardiosense_subscriber
1782548762: Sending PINGRESP to cardiosense_subscriber
1782548762: Received PINGREQ from notification_service
1782548762: Sending PINGRESP to notification_service
1782548781: Received PINGREQ from dashboard_9734e8
1782548781: Sending PINGRESP to dashboard_9734e8
1782548797: Client dashboard_9734e8 closed its connection.
1782548798: New client connected from 172.18.0.1:41280 as dashboard_bd345b (p2, c1, k60).
1782548798: No will message specified.
1782548798: Sending CONNACK to dashboard_bd345b (0, 0)
1782548798: Received SUBSCRIBE from dashboard_bd345b
1782548798: 	cardiosense/allarmi (QoS 1)
1782548798: dashboard_bd345b 1 cardiosense/allarmi
1782548798: Sending SUBACK to dashboard_bd345b
1782548823: Received PINGREQ from cardiosense_subscriber
1782548823: Sending PINGRESP to cardiosense_subscriber
1782548823: Received PINGREQ from notification_service
1782548823: Sending PINGRESP to notification_service
1782548858: Received PINGREQ from dashboard_bd345b
1782548858: Sending PINGRESP to dashboard_bd345b
1782548883: Received PINGREQ from cardiosense_subscriber
1782548883: Sending PINGRESP to cardiosense_subscriber
1782548883: Received PINGREQ from notification_service
1782548883: Sending PINGRESP to notification_service
1782548918: Received PINGREQ from dashboard_bd345b
1782548918: Sending PINGRESP to dashboard_bd345b
1782548943: Received PINGREQ from cardiosense_subscriber
1782548943: Sending PINGRESP to cardiosense_subscriber
1782548943: Received PINGREQ from notification_service
1782548943: Sending PINGRESP to notification_service
1782548978: Received PINGREQ from dashboard_bd345b
1782548978: Sending PINGRESP to dashboard_bd345b
1782549004: Received PINGREQ from notification_service
1782549004: Sending PINGRESP to notification_service
1782549004: Received PINGREQ from cardiosense_subscriber
1782549004: Sending PINGRESP to cardiosense_subscriber
1782549038: Received PINGREQ from dashboard_bd345b
1782549038: Sending PINGRESP to dashboard_bd345b
1782549064: Received PINGREQ from cardiosense_subscriber
1782549064: Sending PINGRESP to cardiosense_subscriber
1782549064: Received PINGREQ from notification_service
1782549064: Sending PINGRESP to notification_service
1782549098: Received PINGREQ from dashboard_bd345b
1782549098: Sending PINGRESP to dashboard_bd345b
1782549125: Received PINGREQ from notification_service
1782549125: Sending PINGRESP to notification_service
1782549125: Received PINGREQ from cardiosense_subscriber
1782549125: Sending PINGRESP to cardiosense_subscriber
1782549158: Received PINGREQ from dashboard_bd345b
1782549158: Sending PINGRESP to dashboard_bd345b
1782549185: Received PINGREQ from cardiosense_subscriber
1782549185: Sending PINGRESP to cardiosense_subscriber
1782549185: Received PINGREQ from notification_service
1782549185: Sending PINGRESP to notification_service
1782549218: Received PINGREQ from dashboard_bd345b
1782549218: Sending PINGRESP to dashboard_bd345b
1782549246: Received PINGREQ from cardiosense_subscriber
1782549246: Sending PINGRESP to cardiosense_subscriber
1782549246: Received PINGREQ from notification_service
1782549246: Sending PINGRESP to notification_service
1782549278: Received PINGREQ from dashboard_bd345b
1782549278: Sending PINGRESP to dashboard_bd345b
1782549306: Received PINGREQ from cardiosense_subscriber
1782549306: Sending PINGRESP to cardiosense_subscriber
1782549306: Received PINGREQ from notification_service
1782549306: Sending PINGRESP to notification_service
1782549339: Received PINGREQ from dashboard_bd345b
1782549339: Sending PINGRESP to dashboard_bd345b
1782549367: Received PINGREQ from notification_service
1782549367: Sending PINGRESP to notification_service
1782549367: Received PINGREQ from cardiosense_subscriber
1782549367: Sending PINGRESP to cardiosense_subscriber
1782549399: Received PINGREQ from dashboard_bd345b
1782549399: Sending PINGRESP to dashboard_bd345b
1782549427: Received PINGREQ from cardiosense_subscriber
1782549427: Sending PINGRESP to cardiosense_subscriber
1782549427: Received PINGREQ from notification_service
1782549427: Sending PINGRESP to notification_service
1782549459: Received PINGREQ from dashboard_bd345b
1782549459: Sending PINGRESP to dashboard_bd345b
1782549487: Received PINGREQ from notification_service
1782549487: Sending PINGRESP to notification_service
1782549487: Received PINGREQ from cardiosense_subscriber
1782549487: Sending PINGRESP to cardiosense_subscriber
1782549496: Client dashboard_bd345b closed its connection.
1782549507: New client connected from 172.18.0.1:51836 as dashboard_8d23fd (p2, c1, k60).
1782549507: No will message specified.
1782549507: Sending CONNACK to dashboard_8d23fd (0, 0)
1782549507: Received SUBSCRIBE from dashboard_8d23fd
1782549507: 	cardiosense/allarmi (QoS 1)
1782549507: dashboard_8d23fd 1 cardiosense/allarmi
1782549507: Sending SUBACK to dashboard_8d23fd
1782549546: New connection from 172.18.0.1:35564 on port 1883.
1782549546: New client connected from 172.18.0.1:35564 as cardiosense_simulator (p2, c1, k60).
1782549546: No will message specified.
1782549546: Sending CONNACK to cardiosense_simulator (0, 0)
1782549546: Received PUBLISH from cardiosense_simulator (d0, q1, r0, m1, 'cardiosense/dati', ... (247 bytes))
1782549546: Sending PUBLISH to cardiosense_subscriber (d0, q1, r0, m13, 'cardiosense/dati', ... (247 bytes))
1782549546: Sending PUBACK to cardiosense_simulator (m1, rc0)
1782549546: Received PUBACK from cardiosense_subscriber (Mid: 13, RC:0)
1782549546: Received PUBLISH from notification_service (d0, q1, r0, m13, 'cardiosense/allarmi', ... (226 bytes))
1782549546: Sending PUBLISH to dashboard_8d23fd (d0, q1, r0, m1, 'cardiosense/allarmi', ... (226 bytes))
1782549546: Sending PUBACK to notification_service (m13, rc0)
1782549547: Received PUBACK from dashboard_8d23fd (Mid: 1, RC:0)
1782549547: Received PUBLISH from cardiosense_simulator (d0, q1, r0, m2, 'cardiosense/dati', ... (248 bytes))
1782549547: Sending PUBLISH to cardiosense_subscriber (d0, q1, r0, m14, 'cardiosense/dati', ... (248 bytes))
1782549547: Sending PUBACK to cardiosense_simulator (m2, rc0)
1782549547: Received PINGREQ from notification_service
1782549547: Sending PINGRESP to notification_service
1782549547: Received PUBACK from cardiosense_subscriber (Mid: 14, RC:0)
1782549547: Received PUBLISH from notification_service (d0, q1, r0, m14, 'cardiosense/allarmi', ... (225 bytes))
1782549547: Sending PUBLISH to dashboard_8d23fd (d0, q1, r0, m2, 'cardiosense/allarmi', ... (225 bytes))
1782549547: Sending PUBACK to notification_service (m14, rc0)
1782549547: Received PINGREQ from cardiosense_subscriber
1782549547: Sending PINGRESP to cardiosense_subscriber
1782549547: Received PUBACK from dashboard_8d23fd (Mid: 2, RC:0)
1782549548: Received PUBLISH from cardiosense_simulator (d0, q1, r0, m3, 'cardiosense/dati', ... (248 bytes))
1782549548: Sending PUBLISH to cardiosense_subscriber (d0, q1, r0, m15, 'cardiosense/dati', ... (248 bytes))
1782549548: Sending PUBACK to cardiosense_simulator (m3, rc0)
1782549548: Received PUBLISH from notification_service (d0, q1, r0, m15, 'cardiosense/allarmi', ... (226 bytes))
1782549548: Sending PUBLISH to dashboard_8d23fd (d0, q1, r0, m3, 'cardiosense/allarmi', ... (226 bytes))
1782549548: Sending PUBACK to notification_service (m15, rc0)
1782549548: Received PUBACK from cardiosense_subscriber (Mid: 15, RC:0)
1782549548: Received PUBACK from dashboard_8d23fd (Mid: 3, RC:0)
1782549549: Received DISCONNECT from cardiosense_simulator
1782549549: Client cardiosense_simulator disconnected.
1782549567: Received PINGREQ from dashboard_8d23fd
1782549567: Sending PINGRESP to dashboard_8d23fd
1782549608: Received PINGREQ from cardiosense_subscriber
1782549608: Sending PINGRESP to cardiosense_subscriber
1782549608: Received PINGREQ from notification_service
1782549608: Sending PINGRESP to notification_service
1782549627: Received PINGREQ from dashboard_8d23fd
1782549627: Sending PINGRESP to dashboard_8d23fd
1782549668: Received PINGREQ from cardiosense_subscriber
1782549668: Sending PINGRESP to cardiosense_subscriber
1782549668: Received PINGREQ from notification_service
1782549668: Sending PINGRESP to notification_service
1782549687: Received PINGREQ from dashboard_8d23fd
1782549687: Sending PINGRESP to dashboard_8d23fd
1782549706: New connection from 172.18.0.1:55042 on port 1883.
1782549706: New client connected from 172.18.0.1:55042 as cardiosense_simulator (p2, c1, k60).
1782549706: No will message specified.
1782549706: Sending CONNACK to cardiosense_simulator (0, 0)
1782549706: Received PUBLISH from cardiosense_simulator (d0, q1, r0, m1, 'cardiosense/dati', ... (245 bytes))
1782549706: Sending PUBLISH to cardiosense_subscriber (d0, q1, r0, m16, 'cardiosense/dati', ... (245 bytes))
1782549706: Sending PUBACK to cardiosense_simulator (m1, rc0)
1782549706: Received PUBACK from cardiosense_subscriber (Mid: 16, RC:0)
1782549707: Received PUBLISH from cardiosense_simulator (d0, q1, r0, m2, 'cardiosense/dati', ... (237 bytes))
1782549707: Sending PUBLISH to cardiosense_subscriber (d0, q1, r0, m17, 'cardiosense/dati', ... (237 bytes))
1782549707: Sending PUBACK to cardiosense_simulator (m2, rc0)
1782549707: Received PUBACK from cardiosense_subscriber (Mid: 17, RC:0)
1782549708: Received PUBLISH from cardiosense_simulator (d0, q1, r0, m3, 'cardiosense/dati', ... (239 bytes))
1782549708: Sending PUBLISH to cardiosense_subscriber (d0, q1, r0, m18, 'cardiosense/dati', ... (239 bytes))
1782549708: Sending PUBACK to cardiosense_simulator (m3, rc0)
1782549708: Received PUBACK from cardiosense_subscriber (Mid: 18, RC:0)
1782549709: Received DISCONNECT from cardiosense_simulator
1782549709: Client cardiosense_simulator disconnected.
1782549716: Saving in-memory database to /mosquitto/data//mosquitto.db.
1782549728: Received PINGREQ from cardiosense_subscriber
1782549728: Sending PINGRESP to cardiosense_subscriber
1782549729: Received PINGREQ from notification_service
1782549729: Sending PINGRESP to notification_service
1782549747: Received PINGREQ from dashboard_8d23fd
1782549747: Sending PINGRESP to dashboard_8d23fd
1782549789: Received PINGREQ from cardiosense_subscriber
1782549789: Sending PINGRESP to cardiosense_subscriber
1782549789: Received PINGREQ from notification_service
1782549789: Sending PINGRESP to notification_service
1782549807: Received PINGREQ from dashboard_8d23fd
1782549807: Sending PINGRESP to dashboard_8d23fd
1782549836: Client dashboard_8d23fd closed its connection.
1782549837: New client connected from 172.18.0.1:45858 as dashboard_3d611a (p2, c1, k60).
1782549837: No will message specified.
1782549837: Sending CONNACK to dashboard_3d611a (0, 0)
1782549837: Received SUBSCRIBE from dashboard_3d611a
1782549837: 	cardiosense/allarmi (QoS 1)
1782549837: dashboard_3d611a 1 cardiosense/allarmi
1782549837: Sending SUBACK to dashboard_3d611a
1782549849: Received PINGREQ from cardiosense_subscriber
1782549849: Sending PINGRESP to cardiosense_subscriber
1782549850: Received PINGREQ from notification_service
1782549850: Sending PINGRESP to notification_service
1782549874: Received DISCONNECT from cardiosense_subscriber
1782549874: Client cardiosense_subscriber disconnected.
1782549875: Client notification_service closed its connection.
1782549883: mosquitto version 2.0.22 terminating
1782549883: Saving in-memory database to /mosquitto/data//mosquitto.db.
1782549883: Client dashboard_3d611a closed its connection.
1782562086: mosquitto version 2.0.22 starting
1782562086: Config loaded from /mosquitto/config/mosquitto.conf.
1782562086: Opening ipv4 listen socket on port 1883.
1782562086: Opening ipv6 listen socket on port 1883.
1782562086: Opening websockets listen socket on port 9001.
1782562086: mosquitto version 2.0.22 running
1782562107: New connection from 172.18.0.1:42876 on port 1883.
1782562107: New client connected from 172.18.0.1:42876 as notification_service (p2, c1, k60).
1782562107: No will message specified.
1782562107: Sending CONNACK to notification_service (0, 0)
1782562107: New connection from 172.18.0.1:42886 on port 1883.
1782562107: New client connected from 172.18.0.1:42886 as cardiosense_subscriber (p2, c1, k60).
1782562107: No will message specified.
1782562107: Sending CONNACK to cardiosense_subscriber (0, 0)
1782562107: Received SUBSCRIBE from cardiosense_subscriber
1782562107: 	cardiosense/dati (QoS 1)
1782562107: cardiosense_subscriber 1 cardiosense/dati
1782562107: Sending SUBACK to cardiosense_subscriber
1782562124: New client connected from 172.18.0.1:41148 as dashboard_8d8002 (p2, c1, k60).
1782562124: No will message specified.
1782562124: Sending CONNACK to dashboard_8d8002 (0, 0)
1782562124: Received SUBSCRIBE from dashboard_8d8002
1782562124: 	cardiosense/allarmi (QoS 1)
1782562124: dashboard_8d8002 1 cardiosense/allarmi
1782562124: Sending SUBACK to dashboard_8d8002
1782562167: Received PINGREQ from cardiosense_subscriber
1782562167: Sending PINGRESP to cardiosense_subscriber
1782562167: Received PINGREQ from notification_service
1782562167: Sending PINGRESP to notification_service
1782562215: Client dashboard_8d8002 closed its connection.
1782562228: Received PINGREQ from cardiosense_subscriber
1782562228: Sending PINGRESP to cardiosense_subscriber
1782562228: Received PINGREQ from notification_service
1782562228: Sending PINGRESP to notification_service
1782562288: Received PINGREQ from cardiosense_subscriber
1782562288: Sending PINGRESP to cardiosense_subscriber
1782562288: Received PINGREQ from notification_service
1782562288: Sending PINGRESP to notification_service
1782562349: Received PINGREQ from cardiosense_subscriber
1782562349: Sending PINGRESP to cardiosense_subscriber
1782562349: Received PINGREQ from notification_service
1782562349: Sending PINGRESP to notification_service
1782562409: Received PINGREQ from cardiosense_subscriber
1782562409: Sending PINGRESP to cardiosense_subscriber
1782562409: Received PINGREQ from notification_service
1782562409: Sending PINGRESP to notification_service
1782562470: Received PINGREQ from cardiosense_subscriber
1782562470: Sending PINGRESP to cardiosense_subscriber
1782562470: Received PINGREQ from notification_service
1782562470: Sending PINGRESP to notification_service
1782562530: Received PINGREQ from cardiosense_subscriber
1782562530: Sending PINGRESP to cardiosense_subscriber
1782562530: Received PINGREQ from notification_service
1782562530: Sending PINGRESP to notification_service
1782562590: Received PINGREQ from cardiosense_subscriber
1782562590: Sending PINGRESP to cardiosense_subscriber
1782562590: Received PINGREQ from notification_service
1782562590: Sending PINGRESP to notification_service
1782562599: New client connected from 172.18.0.1:41380 as dashboard_784459 (p2, c1, k60).
1782562599: No will message specified.
1782562599: Sending CONNACK to dashboard_784459 (0, 0)
1782562599: Received SUBSCRIBE from dashboard_784459
1782562599: 	cardiosense/allarmi (QoS 1)
1782562599: dashboard_784459 1 cardiosense/allarmi
1782562599: Sending SUBACK to dashboard_784459
1782562612: New connection from 172.18.0.1:60282 on port 1883.
1782562612: New client connected from 172.18.0.1:60282 as cardiosense_simulator (p2, c1, k60).
1782562612: No will message specified.
1782562612: Sending CONNACK to cardiosense_simulator (0, 0)
1782562612: Received PUBLISH from cardiosense_simulator (d0, q1, r0, m1, 'cardiosense/dati', ... (240 bytes))
1782562612: Sending PUBLISH to cardiosense_subscriber (d0, q1, r0, m1, 'cardiosense/dati', ... (240 bytes))
1782562612: Sending PUBACK to cardiosense_simulator (m1, rc0)
1782562612: Received PUBACK from cardiosense_subscriber (Mid: 1, RC:0)
1782562613: Received PUBLISH from cardiosense_simulator (d0, q1, r0, m2, 'cardiosense/dati', ... (239 bytes))
1782562613: Sending PUBLISH to cardiosense_subscriber (d0, q1, r0, m2, 'cardiosense/dati', ... (239 bytes))
1782562613: Sending PUBACK to cardiosense_simulator (m2, rc0)
1782562613: Received PUBACK from cardiosense_subscriber (Mid: 2, RC:0)
1782562614: Received PUBLISH from cardiosense_simulator (d0, q1, r0, m3, 'cardiosense/dati', ... (242 bytes))
1782562614: Sending PUBLISH to cardiosense_subscriber (d0, q1, r0, m3, 'cardiosense/dati', ... (242 bytes))
1782562614: Sending PUBACK to cardiosense_simulator (m3, rc0)
1782562614: Received PUBACK from cardiosense_subscriber (Mid: 3, RC:0)
1782562615: Received PUBLISH from cardiosense_simulator (d0, q1, r0, m4, 'cardiosense/dati', ... (237 bytes))
1782562615: Sending PUBLISH to cardiosense_subscriber (d0, q1, r0, m4, 'cardiosense/dati', ... (237 bytes))
1782562615: Sending PUBACK to cardiosense_simulator (m4, rc0)
1782562615: Received PUBACK from cardiosense_subscriber (Mid: 4, RC:0)
1782562616: Received DISCONNECT from cardiosense_simulator
1782562616: Client cardiosense_simulator disconnected.
1782562620: New connection from 172.18.0.1:60292 on port 1883.
1782562620: New client connected from 172.18.0.1:60292 as cardiosense_simulator (p2, c1, k60).
1782562620: No will message specified.
1782562620: Sending CONNACK to cardiosense_simulator (0, 0)
1782562620: Received PUBLISH from cardiosense_simulator (d0, q1, r0, m1, 'cardiosense/dati', ... (247 bytes))
1782562620: Sending PUBLISH to cardiosense_subscriber (d0, q1, r0, m5, 'cardiosense/dati', ... (247 bytes))
1782562620: Sending PUBACK to cardiosense_simulator (m1, rc0)
1782562620: Received PUBLISH from notification_service (d0, q1, r0, m1, 'cardiosense/allarmi', ... (225 bytes))
1782562620: Sending PUBLISH to dashboard_784459 (d0, q1, r0, m1, 'cardiosense/allarmi', ... (225 bytes))
1782562620: Sending PUBACK to notification_service (m1, rc0)
1782562620: Received PUBACK from cardiosense_subscriber (Mid: 5, RC:0)
1782562620: Received PUBACK from dashboard_784459 (Mid: 1, RC:0)
1782562621: Received PUBLISH from cardiosense_simulator (d0, q1, r0, m2, 'cardiosense/dati', ... (247 bytes))
1782562621: Sending PUBLISH to cardiosense_subscriber (d0, q1, r0, m6, 'cardiosense/dati', ... (247 bytes))
1782562621: Sending PUBACK to cardiosense_simulator (m2, rc0)
1782562621: Received PUBACK from cardiosense_subscriber (Mid: 6, RC:0)
1782562621: Received PUBLISH from notification_service (d0, q1, r0, m2, 'cardiosense/allarmi', ... (225 bytes))
1782562621: Sending PUBLISH to dashboard_784459 (d0, q1, r0, m2, 'cardiosense/allarmi', ... (225 bytes))
1782562621: Sending PUBACK to notification_service (m2, rc0)
1782562621: Received PUBACK from dashboard_784459 (Mid: 2, RC:0)
1782562622: Received PUBLISH from cardiosense_simulator (d0, q1, r0, m3, 'cardiosense/dati', ... (247 bytes))
1782562622: Sending PUBLISH to cardiosense_subscriber (d0, q1, r0, m7, 'cardiosense/dati', ... (247 bytes))
1782562622: Sending PUBACK to cardiosense_simulator (m3, rc0)
1782562622: Received PUBLISH from notification_service (d0, q1, r0, m3, 'cardiosense/allarmi', ... (226 bytes))
1782562622: Sending PUBLISH to dashboard_784459 (d0, q1, r0, m3, 'cardiosense/allarmi', ... (226 bytes))
1782562622: Sending PUBACK to notification_service (m3, rc0)
1782562622: Received PUBACK from cardiosense_subscriber (Mid: 7, RC:0)
1782562622: Received PUBACK from dashboard_784459 (Mid: 3, RC:0)
1782562623: Received DISCONNECT from cardiosense_simulator
1782562623: Client cardiosense_simulator disconnected.
1782562651: Received PINGREQ from cardiosense_subscriber
1782562651: Sending PINGRESP to cardiosense_subscriber
1782562651: Received PINGREQ from notification_service
1782562651: Sending PINGRESP to notification_service
1782562659: Received PINGREQ from dashboard_784459
1782562659: Sending PINGRESP to dashboard_784459
1782562711: Received PINGREQ from cardiosense_subscriber
1782562711: Sending PINGRESP to cardiosense_subscriber
1782562711: Received PINGREQ from notification_service
1782562711: Sending PINGRESP to notification_service
1782562741: New client connected from 172.18.0.1:52736 as dashboard_43f981 (p2, c1, k60).
1782562741: No will message specified.
1782562741: Sending CONNACK to dashboard_43f981 (0, 0)
1782562741: Received SUBSCRIBE from dashboard_43f981
1782562741: 	cardiosense/allarmi (QoS 1)
1782562741: dashboard_43f981 1 cardiosense/allarmi
1782562741: Sending SUBACK to dashboard_43f981
1782562749: Client dashboard_784459 closed its connection.
1782562755: New connection from 172.18.0.1:42660 on port 1883.
1782562755: New client connected from 172.18.0.1:42660 as cardiosense_simulator (p2, c1, k60).
1782562755: No will message specified.
1782562755: Sending CONNACK to cardiosense_simulator (0, 0)
1782562755: Received PUBLISH from cardiosense_simulator (d0, q1, r0, m1, 'cardiosense/dati', ... (239 bytes))
1782562755: Sending PUBLISH to cardiosense_subscriber (d0, q1, r0, m8, 'cardiosense/dati', ... (239 bytes))
1782562755: Sending PUBACK to cardiosense_simulator (m1, rc0)
1782562755: Received PUBACK from cardiosense_subscriber (Mid: 8, RC:0)
1782562756: Received PUBLISH from cardiosense_simulator (d0, q1, r0, m2, 'cardiosense/dati', ... (240 bytes))
1782562756: Sending PUBLISH to cardiosense_subscriber (d0, q1, r0, m9, 'cardiosense/dati', ... (240 bytes))
1782562756: Sending PUBACK to cardiosense_simulator (m2, rc0)
1782562756: Received PUBACK from cardiosense_subscriber (Mid: 9, RC:0)
1782562757: Received PUBLISH from cardiosense_simulator (d0, q1, r0, m3, 'cardiosense/dati', ... (240 bytes))
1782562757: Sending PUBLISH to cardiosense_subscriber (d0, q1, r0, m10, 'cardiosense/dati', ... (240 bytes))
1782562757: Sending PUBACK to cardiosense_simulator (m3, rc0)
1782562757: Received PUBACK from cardiosense_subscriber (Mid: 10, RC:0)
1782562758: Received PUBLISH from cardiosense_simulator (d0, q1, r0, m4, 'cardiosense/dati', ... (245 bytes))
1782562758: Sending PUBLISH to cardiosense_subscriber (d0, q1, r0, m11, 'cardiosense/dati', ... (245 bytes))
1782562758: Sending PUBACK to cardiosense_simulator (m4, rc0)
1782562758: Received PUBACK from cardiosense_subscriber (Mid: 11, RC:0)
1782562759: Received DISCONNECT from cardiosense_simulator
1782562759: Client cardiosense_simulator disconnected.
1782562764: New connection from 172.18.0.1:51272 on port 1883.
1782562764: New client connected from 172.18.0.1:51272 as cardiosense_simulator (p2, c1, k60).
1782562764: No will message specified.
1782562764: Sending CONNACK to cardiosense_simulator (0, 0)
1782562764: Received PUBLISH from cardiosense_simulator (d0, q1, r0, m1, 'cardiosense/dati', ... (246 bytes))
1782562764: Sending PUBLISH to cardiosense_subscriber (d0, q1, r0, m12, 'cardiosense/dati', ... (246 bytes))
1782562764: Sending PUBACK to cardiosense_simulator (m1, rc0)
1782562764: Received PUBACK from cardiosense_subscriber (Mid: 12, RC:0)
1782562764: Received PUBLISH from notification_service (d0, q1, r0, m4, 'cardiosense/allarmi', ... (225 bytes))
1782562764: Sending PUBLISH to dashboard_43f981 (d0, q1, r0, m1, 'cardiosense/allarmi', ... (225 bytes))
1782562764: Sending PUBACK to notification_service (m4, rc0)
1782562764: Received PUBACK from dashboard_43f981 (Mid: 1, RC:0)
1782562765: Received PUBLISH from cardiosense_simulator (d0, q1, r0, m2, 'cardiosense/dati', ... (248 bytes))
1782562765: Sending PUBLISH to cardiosense_subscriber (d0, q1, r0, m13, 'cardiosense/dati', ... (248 bytes))
1782562765: Sending PUBACK to cardiosense_simulator (m2, rc0)
1782562765: Received PUBACK from cardiosense_subscriber (Mid: 13, RC:0)
1782562765: Received PUBLISH from notification_service (d0, q1, r0, m5, 'cardiosense/allarmi', ... (225 bytes))
1782562765: Sending PUBLISH to dashboard_43f981 (d0, q1, r0, m2, 'cardiosense/allarmi', ... (225 bytes))
1782562765: Sending PUBACK to notification_service (m5, rc0)
1782562765: Received PUBACK from dashboard_43f981 (Mid: 2, RC:0)
1782562766: Received PUBLISH from cardiosense_simulator (d0, q1, r0, m3, 'cardiosense/dati', ... (246 bytes))
1782562766: Sending PUBLISH to cardiosense_subscriber (d0, q1, r0, m14, 'cardiosense/dati', ... (246 bytes))
1782562766: Sending PUBACK to cardiosense_simulator (m3, rc0)
1782562766: Received PUBLISH from notification_service (d0, q1, r0, m6, 'cardiosense/allarmi', ... (226 bytes))
1782562766: Sending PUBLISH to dashboard_43f981 (d0, q1, r0, m3, 'cardiosense/allarmi', ... (226 bytes))
1782562766: Sending PUBACK to notification_service (m6, rc0)
1782562766: Received PUBACK from cardiosense_subscriber (Mid: 14, RC:0)
1782562766: Received PUBACK from dashboard_43f981 (Mid: 3, RC:0)
1782562767: Received DISCONNECT from cardiosense_simulator
1782562767: Client cardiosense_simulator disconnected.
1782562772: Received PINGREQ from cardiosense_subscriber
1782562772: Sending PINGRESP to cardiosense_subscriber
1782562772: Received PINGREQ from notification_service
1782562772: Sending PINGRESP to notification_service
1782562801: Received PINGREQ from dashboard_43f981
1782562801: Sending PINGRESP to dashboard_43f981
1782562832: Received PINGREQ from cardiosense_subscriber
1782562832: Sending PINGRESP to cardiosense_subscriber
1782562832: Received PINGREQ from notification_service
1782562832: Sending PINGRESP to notification_service
1782562861: Received PINGREQ from dashboard_43f981
1782562861: Sending PINGRESP to dashboard_43f981
1782562893: Received PINGREQ from notification_service
1782562893: Sending PINGRESP to notification_service
1782562893: Received PINGREQ from cardiosense_subscriber
1782562893: Sending PINGRESP to cardiosense_subscriber
1782562914: Client dashboard_43f981 closed its connection.
1782562926: New client connected from 172.18.0.1:46962 as dashboard_6c1aa1 (p2, c1, k60).
1782562926: No will message specified.
1782562926: Sending CONNACK to dashboard_6c1aa1 (0, 0)
1782562926: Received SUBSCRIBE from dashboard_6c1aa1
1782562926: 	cardiosense/allarmi (QoS 1)
1782562926: dashboard_6c1aa1 1 cardiosense/allarmi
1782562926: Sending SUBACK to dashboard_6c1aa1
1782562928: Client dashboard_6c1aa1 closed its connection.
1782562928: New client connected from 172.18.0.1:46968 as dashboard_089f90 (p2, c1, k60).
1782562928: No will message specified.
1782562928: Sending CONNACK to dashboard_089f90 (0, 0)
1782562928: Received SUBSCRIBE from dashboard_089f90
1782562928: 	cardiosense/allarmi (QoS 1)
1782562928: dashboard_089f90 1 cardiosense/allarmi
1782562928: Sending SUBACK to dashboard_089f90
1782562953: Received PINGREQ from cardiosense_subscriber
1782562953: Sending PINGRESP to cardiosense_subscriber
1782562953: Received PINGREQ from notification_service
1782562953: Sending PINGRESP to notification_service
1782562988: Received PINGREQ from dashboard_089f90
1782562988: Sending PINGRESP to dashboard_089f90
1782563014: Received PINGREQ from cardiosense_subscriber
1782563014: Sending PINGRESP to cardiosense_subscriber
1782563014: Received PINGREQ from notification_service
1782563014: Sending PINGRESP to notification_service
1782563048: Received PINGREQ from dashboard_089f90
1782563048: Sending PINGRESP to dashboard_089f90
1782563074: Received PINGREQ from cardiosense_subscriber
1782563074: Sending PINGRESP to cardiosense_subscriber
1782563074: Received PINGREQ from notification_service
1782563074: Sending PINGRESP to notification_service
1782563108: Received PINGREQ from dashboard_089f90
1782563108: Sending PINGRESP to dashboard_089f90
1782563135: Received PINGREQ from cardiosense_subscriber
1782563135: Sending PINGRESP to cardiosense_subscriber
1782563135: Received PINGREQ from notification_service
1782563135: Sending PINGRESP to notification_service
1782563168: Received PINGREQ from dashboard_089f90
1782563168: Sending PINGRESP to dashboard_089f90
1782563195: Received PINGREQ from cardiosense_subscriber
1782563195: Sending PINGRESP to cardiosense_subscriber
1782563195: Received PINGREQ from notification_service
1782563195: Sending PINGRESP to notification_service
1782563228: Received PINGREQ from dashboard_089f90
1782563228: Sending PINGRESP to dashboard_089f90
1782563255: Received PINGREQ from cardiosense_subscriber
1782563255: Sending PINGRESP to cardiosense_subscriber
1782563255: Received PINGREQ from notification_service
1782563255: Sending PINGRESP to notification_service
1782563288: Received PINGREQ from dashboard_089f90
1782563288: Sending PINGRESP to dashboard_089f90
1782563316: Received PINGREQ from notification_service
1782563316: Sending PINGRESP to notification_service
1782563316: Received PINGREQ from cardiosense_subscriber
1782563316: Sending PINGRESP to cardiosense_subscriber
1782563348: Received PINGREQ from dashboard_089f90
1782563348: Sending PINGRESP to dashboard_089f90
1782563376: Received PINGREQ from cardiosense_subscriber
1782563376: Sending PINGRESP to cardiosense_subscriber
1782563376: Received PINGREQ from notification_service
1782563376: Sending PINGRESP to notification_service
1782563408: Received PINGREQ from dashboard_089f90
1782563408: Sending PINGRESP to dashboard_089f90
1782563437: Received PINGREQ from cardiosense_subscriber
1782563437: Sending PINGRESP to cardiosense_subscriber
1782563437: Received PINGREQ from notification_service
1782563437: Sending PINGRESP to notification_service
1782563439: Client dashboard_089f90 closed its connection.
1782563440: New client connected from 172.18.0.1:40806 as dashboard_137b1d (p2, c1, k60).
1782563440: No will message specified.
1782563440: Sending CONNACK to dashboard_137b1d (0, 0)
1782563440: Received SUBSCRIBE from dashboard_137b1d
1782563440: 	cardiosense/allarmi (QoS 1)
1782563440: dashboard_137b1d 1 cardiosense/allarmi
1782563440: Sending SUBACK to dashboard_137b1d
1782563463: Client dashboard_137b1d closed its connection.
1782563464: New client connected from 172.18.0.1:56718 as dashboard_bacda1 (p2, c1, k60).
1782563464: No will message specified.
1782563464: Sending CONNACK to dashboard_bacda1 (0, 0)
1782563464: Received SUBSCRIBE from dashboard_bacda1
1782563464: 	cardiosense/allarmi (QoS 1)
1782563464: dashboard_bacda1 1 cardiosense/allarmi
1782563464: Sending SUBACK to dashboard_bacda1
1782563478: Client dashboard_bacda1 closed its connection.
1782563478: New client connected from 172.18.0.1:33098 as dashboard_038923 (p2, c1, k60).
1782563478: No will message specified.
1782563478: Sending CONNACK to dashboard_038923 (0, 0)
1782563478: Received SUBSCRIBE from dashboard_038923
1782563478: 	cardiosense/allarmi (QoS 1)
1782563478: dashboard_038923 1 cardiosense/allarmi
1782563478: Sending SUBACK to dashboard_038923
1782563497: Received PINGREQ from cardiosense_subscriber
1782563497: Sending PINGRESP to cardiosense_subscriber
1782563497: Received PINGREQ from notification_service
1782563497: Sending PINGRESP to notification_service
1782563501: New connection from 172.18.0.1:45566 on port 1883.
1782563501: New client connected from 172.18.0.1:45566 as cardiosense_simulator (p2, c1, k60).
1782563501: No will message specified.
1782563501: Sending CONNACK to cardiosense_simulator (0, 0)
1782563501: Received PUBLISH from cardiosense_simulator (d0, q1, r0, m1, 'cardiosense/dati', ... (249 bytes))
1782563501: Sending PUBLISH to cardiosense_subscriber (d0, q1, r0, m15, 'cardiosense/dati', ... (249 bytes))
1782563501: Sending PUBACK to cardiosense_simulator (m1, rc0)
1782563501: Received PUBACK from cardiosense_subscriber (Mid: 15, RC:0)
1782563501: Received PUBLISH from notification_service (d0, q1, r0, m7, 'cardiosense/allarmi', ... (226 bytes))
1782563501: Sending PUBLISH to dashboard_038923 (d0, q1, r0, m1, 'cardiosense/allarmi', ... (226 bytes))
1782563501: Sending PUBACK to notification_service (m7, rc0)
1782563501: Received PUBACK from dashboard_038923 (Mid: 1, RC:0)
1782563502: Received PUBLISH from cardiosense_simulator (d0, q1, r0, m2, 'cardiosense/dati', ... (249 bytes))
1782563502: Sending PUBLISH to cardiosense_subscriber (d0, q1, r0, m16, 'cardiosense/dati', ... (249 bytes))
1782563502: Sending PUBACK to cardiosense_simulator (m2, rc0)
1782563502: Received PUBLISH from notification_service (d0, q1, r0, m8, 'cardiosense/allarmi', ... (225 bytes))
1782563502: Sending PUBLISH to dashboard_038923 (d0, q1, r0, m2, 'cardiosense/allarmi', ... (225 bytes))
1782563502: Sending PUBACK to notification_service (m8, rc0)
1782563502: Received PUBACK from cardiosense_subscriber (Mid: 16, RC:0)
1782563502: Received PUBACK from dashboard_038923 (Mid: 2, RC:0)
1782563503: Received PUBLISH from cardiosense_simulator (d0, q1, r0, m3, 'cardiosense/dati', ... (245 bytes))
1782563503: Sending PUBLISH to cardiosense_subscriber (d0, q1, r0, m17, 'cardiosense/dati', ... (245 bytes))
1782563503: Sending PUBACK to cardiosense_simulator (m3, rc0)
1782563503: Received PUBACK from cardiosense_subscriber (Mid: 17, RC:0)
1782563503: Received PUBLISH from notification_service (d0, q1, r0, m9, 'cardiosense/allarmi', ... (226 bytes))
1782563503: Sending PUBLISH to dashboard_038923 (d0, q1, r0, m3, 'cardiosense/allarmi', ... (226 bytes))
1782563503: Sending PUBACK to notification_service (m9, rc0)
1782563503: Received PUBACK from dashboard_038923 (Mid: 3, RC:0)
1782563504: Received DISCONNECT from cardiosense_simulator
1782563504: Client cardiosense_simulator disconnected.
1782563538: Received PINGREQ from dashboard_038923
1782563538: Sending PINGRESP to dashboard_038923
1782563557: Received PINGREQ from cardiosense_subscriber
1782563557: Sending PINGRESP to cardiosense_subscriber
1782563557: Received PINGREQ from notification_service
1782563557: Sending PINGRESP to notification_service
1782563598: Received PINGREQ from dashboard_038923
1782563598: Sending PINGRESP to dashboard_038923
1782563617: Received PINGREQ from cardiosense_subscriber
1782563617: Sending PINGRESP to cardiosense_subscriber
1782563617: Received PINGREQ from notification_service
1782563617: Sending PINGRESP to notification_service
1782563658: Received PINGREQ from dashboard_038923
1782563658: Sending PINGRESP to dashboard_038923
1782563678: Received PINGREQ from cardiosense_subscriber
1782563678: Sending PINGRESP to cardiosense_subscriber
1782563678: Received PINGREQ from notification_service
1782563678: Sending PINGRESP to notification_service
1782563695: Client dashboard_038923 closed its connection.
1782563697: Received PINGREQ from cardiosense_subscriber
1782563697: Sending PINGRESP to cardiosense_subscriber
1782563697: Received PINGREQ from notification_service
1782563697: Sending PINGRESP to notification_service
1782564580: New client connected from 172.18.0.1:55946 as dashboard_038923 (p2, c1, k60).
1782564580: No will message specified.
1782564580: Sending CONNACK to dashboard_038923 (0, 0)
1782564580: Received SUBSCRIBE from dashboard_038923
1782564580: 	cardiosense/allarmi (QoS 1)
1782564580: dashboard_038923 1 cardiosense/allarmi
1782564580: Sending SUBACK to dashboard_038923
1782564588: Received DISCONNECT from cardiosense_subscriber
1782564588: Client cardiosense_subscriber disconnected.
1782564589: Client notification_service closed its connection.
1782564594: mosquitto version 2.0.22 terminating
1782564594: Saving in-memory database to /mosquitto/data//mosquitto.db.
1782564594: Client dashboard_038923 closed its connection.
1782567571: mosquitto version 2.0.22 starting
1782567571: Config loaded from /mosquitto/config/mosquitto.conf.
1782567571: Opening ipv4 listen socket on port 1883.
1782567571: Opening ipv6 listen socket on port 1883.
1782567571: Opening websockets listen socket on port 9001.
1782567571: mosquitto version 2.0.22 running
1782567575: New client connected from 172.18.0.1:53576 as dashboard_038923 (p2, c1, k60).
1782567575: No will message specified.
1782567575: Sending CONNACK to dashboard_038923 (0, 0)
1782567575: Received SUBSCRIBE from dashboard_038923
1782567575: 	cardiosense/allarmi (QoS 1)
1782567575: dashboard_038923 1 cardiosense/allarmi
1782567575: Sending SUBACK to dashboard_038923
1782567599: New connection from 172.18.0.1:43476 on port 1883.
1782567599: New client connected from 172.18.0.1:43476 as notification_service (p2, c1, k60).
1782567599: No will message specified.
1782567599: Sending CONNACK to notification_service (0, 0)
1782567599: New connection from 172.18.0.1:43488 on port 1883.
1782567599: New client connected from 172.18.0.1:43488 as cardiosense_subscriber (p2, c1, k60).
1782567599: No will message specified.
1782567599: Sending CONNACK to cardiosense_subscriber (0, 0)
1782567599: Received SUBSCRIBE from cardiosense_subscriber
1782567599: 	cardiosense/dati (QoS 1)
1782567599: cardiosense_subscriber 1 cardiosense/dati
1782567599: Sending SUBACK to cardiosense_subscriber
1782567613: Client dashboard_038923 closed its connection.
1782567614: New client connected from 172.18.0.1:38866 as dashboard_e39b55 (p2, c1, k60).
1782567614: No will message specified.
1782567614: Sending CONNACK to dashboard_e39b55 (0, 0)
1782567614: Received SUBSCRIBE from dashboard_e39b55
1782567614: 	cardiosense/allarmi (QoS 1)
1782567614: dashboard_e39b55 1 cardiosense/allarmi
1782567614: Sending SUBACK to dashboard_e39b55
1782567659: Received PINGREQ from cardiosense_subscriber
1782567659: Sending PINGRESP to cardiosense_subscriber
1782567659: Received PINGREQ from notification_service
1782567659: Sending PINGRESP to notification_service
1782567705: Client dashboard_e39b55 closed its connection.
1782567719: Received PINGREQ from cardiosense_subscriber
1782567719: Sending PINGRESP to cardiosense_subscriber
1782567719: Received PINGREQ from notification_service
1782567719: Sending PINGRESP to notification_service
1782567747: New client connected from 172.18.0.1:54616 as dashboard_7abbe6 (p2, c1, k60).
1782567747: No will message specified.
1782567747: Sending CONNACK to dashboard_7abbe6 (0, 0)
1782567747: Received SUBSCRIBE from dashboard_7abbe6
1782567747: 	cardiosense/allarmi (QoS 1)
1782567747: dashboard_7abbe6 1 cardiosense/allarmi
1782567747: Sending SUBACK to dashboard_7abbe6
1782567757: Client dashboard_7abbe6 closed its connection.
1782567758: New client connected from 172.18.0.1:52286 as dashboard_1bb5c1 (p2, c1, k60).
1782567758: No will message specified.
1782567758: Sending CONNACK to dashboard_1bb5c1 (0, 0)
1782567758: Received SUBSCRIBE from dashboard_1bb5c1
1782567758: 	cardiosense/allarmi (QoS 1)
1782567758: dashboard_1bb5c1 1 cardiosense/allarmi
1782567758: Sending SUBACK to dashboard_1bb5c1
1782567780: Received PINGREQ from cardiosense_subscriber
1782567780: Sending PINGRESP to cardiosense_subscriber
1782567780: Received PINGREQ from notification_service
1782567780: Sending PINGRESP to notification_service
1782567818: Received PINGREQ from dashboard_1bb5c1
1782567818: Sending PINGRESP to dashboard_1bb5c1
1782567840: Received PINGREQ from cardiosense_subscriber
1782567840: Sending PINGRESP to cardiosense_subscriber
1782567840: Received PINGREQ from notification_service
1782567840: Sending PINGRESP to notification_service
1782567878: Received PINGREQ from dashboard_1bb5c1
1782567878: Sending PINGRESP to dashboard_1bb5c1
1782567901: Received PINGREQ from cardiosense_subscriber
1782567901: Sending PINGRESP to cardiosense_subscriber
1782567901: Received PINGREQ from notification_service
1782567901: Sending PINGRESP to notification_service
1782567937: Client dashboard_1bb5c1 closed its connection.
1782567937: New client connected from 172.18.0.1:38980 as dashboard_98fdba (p2, c1, k60).
1782567937: No will message specified.
1782567937: Sending CONNACK to dashboard_98fdba (0, 0)
1782567937: Received SUBSCRIBE from dashboard_98fdba
1782567937: 	cardiosense/allarmi (QoS 1)
1782567937: dashboard_98fdba 1 cardiosense/allarmi
1782567937: Sending SUBACK to dashboard_98fdba
1782567960: New connection from 172.18.0.1:58410 on port 1883.
1782567960: New client connected from 172.18.0.1:58410 as cardiosense_simulator (p2, c1, k60).
1782567960: No will message specified.
1782567960: Sending CONNACK to cardiosense_simulator (0, 0)
1782567960: Received PUBLISH from cardiosense_simulator (d0, q1, r0, m1, 'cardiosense/dati', ... (247 bytes))
1782567960: Sending PUBLISH to cardiosense_subscriber (d0, q1, r0, m1, 'cardiosense/dati', ... (247 bytes))
1782567960: Sending PUBACK to cardiosense_simulator (m1, rc0)
1782567961: Received PUBLISH from notification_service (d0, q1, r0, m1, 'cardiosense/allarmi', ... (225 bytes))
1782567961: Sending PUBLISH to dashboard_98fdba (d0, q1, r0, m1, 'cardiosense/allarmi', ... (225 bytes))
1782567961: Sending PUBACK to notification_service (m1, rc0)
1782567961: Received PUBACK from cardiosense_subscriber (Mid: 1, RC:0)
1782567961: Received PUBACK from dashboard_98fdba (Mid: 1, RC:0)
1782567961: Received PUBLISH from cardiosense_simulator (d0, q1, r0, m2, 'cardiosense/dati', ... (249 bytes))
1782567961: Sending PUBLISH to cardiosense_subscriber (d0, q1, r0, m2, 'cardiosense/dati', ... (249 bytes))
1782567961: Sending PUBACK to cardiosense_simulator (m2, rc0)
1782567962: Received PUBLISH from notification_service (d0, q1, r0, m2, 'cardiosense/allarmi', ... (226 bytes))
1782567962: Sending PUBLISH to dashboard_98fdba (d0, q1, r0, m2, 'cardiosense/allarmi', ... (226 bytes))
1782567962: Sending PUBACK to notification_service (m2, rc0)
1782567962: Received PUBACK from cardiosense_subscriber (Mid: 2, RC:0)
1782567962: Received PINGREQ from notification_service
1782567962: Sending PINGRESP to notification_service
1782567962: Received PINGREQ from cardiosense_subscriber
1782567962: Sending PINGRESP to cardiosense_subscriber
1782567962: Received PUBACK from dashboard_98fdba (Mid: 2, RC:0)
1782567962: Received PUBLISH from cardiosense_simulator (d0, q1, r0, m3, 'cardiosense/dati', ... (248 bytes))
1782567962: Sending PUBLISH to cardiosense_subscriber (d0, q1, r0, m3, 'cardiosense/dati', ... (248 bytes))
1782567962: Sending PUBACK to cardiosense_simulator (m3, rc0)
1782567963: Received PUBACK from cardiosense_subscriber (Mid: 3, RC:0)
1782567963: Received PUBLISH from notification_service (d0, q1, r0, m3, 'cardiosense/allarmi', ... (225 bytes))
1782567963: Sending PUBLISH to dashboard_98fdba (d0, q1, r0, m3, 'cardiosense/allarmi', ... (225 bytes))
1782567963: Sending PUBACK to notification_service (m3, rc0)
1782567963: Received PUBACK from dashboard_98fdba (Mid: 3, RC:0)
1782567963: Received DISCONNECT from cardiosense_simulator
1782567963: Client cardiosense_simulator disconnected.
1782567997: Received PINGREQ from dashboard_98fdba
1782567997: Sending PINGRESP to dashboard_98fdba
1782568022: Received PINGREQ from cardiosense_subscriber
1782568022: Sending PINGRESP to cardiosense_subscriber
1782568022: Received PINGREQ from notification_service
1782568022: Sending PINGRESP to notification_service
1782568029: Received DISCONNECT from cardiosense_subscriber
1782568029: Client cardiosense_subscriber disconnected.
1782568030: Client notification_service closed its connection.
1782568037: mosquitto version 2.0.22 terminating
1782568037: Saving in-memory database to /mosquitto/data//mosquitto.db.
1782568037: Client dashboard_98fdba closed its connection.
1782650694: mosquitto version 2.0.22 starting
1782650694: Config loaded from /mosquitto/config/mosquitto.conf.
1782650694: Opening ipv4 listen socket on port 1883.
1782650694: Opening ipv6 listen socket on port 1883.
1782650694: Opening websockets listen socket on port 9001.
1782650694: mosquitto version 2.0.22 running
1782650904: mosquitto version 2.0.22 terminating
1782650904: Saving in-memory database to /mosquitto/data//mosquitto.db.
1782650910: mosquitto version 2.0.22 starting
1782650910: Config loaded from /mosquitto/config/mosquitto.conf.
1782650910: Opening ipv4 listen socket on port 1883.
1782650910: Opening ipv6 listen socket on port 1883.
1782650910: Opening websockets listen socket on port 9001.
1782650910: mosquitto version 2.0.22 running
1782651063: New connection from 172.18.0.1:60420 on port 1883.
1782651063: New connection from 172.18.0.1:60430 on port 1883.
1782651063: New client connected from 172.18.0.1:60420 as cardiosense_subscriber (p2, c1, k60).
1782651063: No will message specified.
1782651063: Sending CONNACK to cardiosense_subscriber (0, 0)
1782651063: New client connected from 172.18.0.1:60430 as notification_service (p2, c1, k60).
1782651063: No will message specified.
1782651063: Sending CONNACK to notification_service (0, 0)
1782651063: Received SUBSCRIBE from cardiosense_subscriber
1782651063: 	cardiosense/dati (QoS 1)
1782651063: cardiosense_subscriber 1 cardiosense/dati
1782651063: Sending SUBACK to cardiosense_subscriber
1782651124: Received PINGREQ from notification_service
1782651124: Sending PINGRESP to notification_service
1782651124: Received PINGREQ from cardiosense_subscriber
1782651124: Sending PINGRESP to cardiosense_subscriber
1782651184: Received PINGREQ from notification_service
1782651184: Sending PINGRESP to notification_service
1782651184: Received PINGREQ from cardiosense_subscriber
1782651184: Sending PINGRESP to cardiosense_subscriber
1782651244: New client connected from 172.18.0.1:60738 as dashboard_f84a07 (p2, c1, k60).
1782651244: No will message specified.
1782651244: Sending CONNACK to dashboard_f84a07 (0, 0)
1782651244: Received SUBSCRIBE from dashboard_f84a07
1782651244: 	cardiosense/allarmi (QoS 1)
1782651244: dashboard_f84a07 1 cardiosense/allarmi
1782651244: Sending SUBACK to dashboard_f84a07
1782651245: Received PINGREQ from cardiosense_subscriber
1782651245: Sending PINGRESP to cardiosense_subscriber
1782651245: Received PINGREQ from notification_service
1782651245: Sending PINGRESP to notification_service
1782651304: Received PINGREQ from dashboard_f84a07
1782651304: Sending PINGRESP to dashboard_f84a07
1782651305: Received PINGREQ from cardiosense_subscriber
1782651305: Sending PINGRESP to cardiosense_subscriber
1782651305: Received PINGREQ from notification_service
1782651305: Sending PINGRESP to notification_service
1782651339: New connection from 172.18.0.1:60010 on port 1883.
1782651339: New client connected from 172.18.0.1:60010 as cardiosense_simulator (p2, c1, k60).
1782651339: No will message specified.
1782651339: Sending CONNACK to cardiosense_simulator (0, 0)
1782651339: Received PUBLISH from cardiosense_simulator (d0, q1, r0, m1, 'cardiosense/dati', ... (2263 bytes))
1782651339: Sending PUBLISH to cardiosense_subscriber (d0, q1, r0, m1, 'cardiosense/dati', ... (2263 bytes))
1782651339: Sending PUBACK to cardiosense_simulator (m1, rc0)
1782651339: Received PUBLISH from notification_service (d0, q1, r0, m1, 'cardiosense/allarmi', ... (226 bytes))
1782651339: Sending PUBLISH to dashboard_f84a07 (d0, q1, r0, m1, 'cardiosense/allarmi', ... (226 bytes))
1782651339: Sending PUBACK to notification_service (m1, rc0)
1782651339: Received PUBACK from cardiosense_subscriber (Mid: 1, RC:0)
1782651339: Received PUBACK from dashboard_f84a07 (Mid: 1, RC:0)
1782651340: Received PUBLISH from cardiosense_simulator (d0, q1, r0, m2, 'cardiosense/dati', ... (2271 bytes))
1782651340: Sending PUBLISH to cardiosense_subscriber (d0, q1, r0, m2, 'cardiosense/dati', ... (2271 bytes))
1782651340: Sending PUBACK to cardiosense_simulator (m2, rc0)
1782651340: Received PUBLISH from notification_service (d0, q1, r0, m2, 'cardiosense/allarmi', ... (225 bytes))
1782651340: Sending PUBLISH to dashboard_f84a07 (d0, q1, r0, m2, 'cardiosense/allarmi', ... (225 bytes))
1782651340: Sending PUBACK to notification_service (m2, rc0)
1782651340: Received PUBACK from cardiosense_subscriber (Mid: 2, RC:0)
1782651340: Received PUBACK from dashboard_f84a07 (Mid: 2, RC:0)
1782651341: Received PUBLISH from cardiosense_simulator (d0, q1, r0, m3, 'cardiosense/dati', ... (2252 bytes))
1782651341: Sending PUBLISH to cardiosense_subscriber (d0, q1, r0, m3, 'cardiosense/dati', ... (2252 bytes))
1782651341: Sending PUBACK to cardiosense_simulator (m3, rc0)
1782651341: Received PUBLISH from notification_service (d0, q1, r0, m3, 'cardiosense/allarmi', ... (226 bytes))
1782651341: Sending PUBLISH to dashboard_f84a07 (d0, q1, r0, m3, 'cardiosense/allarmi', ... (226 bytes))
1782651341: Sending PUBACK to notification_service (m3, rc0)
1782651341: Received PUBACK from cardiosense_subscriber (Mid: 3, RC:0)
1782651341: Received PUBACK from dashboard_f84a07 (Mid: 3, RC:0)
1782651342: Received DISCONNECT from cardiosense_simulator
1782651342: Client cardiosense_simulator disconnected.
1782651364: Received PINGREQ from dashboard_f84a07
1782651364: Sending PINGRESP to dashboard_f84a07
1782651366: Received PINGREQ from cardiosense_subscriber
1782651366: Sending PINGRESP to cardiosense_subscriber
1782651366: Received PINGREQ from notification_service
1782651366: Sending PINGRESP to notification_service
1782651424: Received PINGREQ from dashboard_f84a07
1782651424: Sending PINGRESP to dashboard_f84a07
1782651426: Received PINGREQ from notification_service
1782651426: Sending PINGRESP to notification_service
1782651426: Received PINGREQ from cardiosense_subscriber
1782651426: Sending PINGRESP to cardiosense_subscriber
1782651484: Received PINGREQ from dashboard_f84a07
1782651484: Sending PINGRESP to dashboard_f84a07
1782651487: Received PINGREQ from cardiosense_subscriber
1782651487: Sending PINGRESP to cardiosense_subscriber
1782651487: Received PINGREQ from notification_service
1782651487: Sending PINGRESP to notification_service
1782651544: Received PINGREQ from dashboard_f84a07
1782651544: Sending PINGRESP to dashboard_f84a07
1782651547: Received PINGREQ from cardiosense_subscriber
1782651547: Sending PINGRESP to cardiosense_subscriber
1782651547: Received PINGREQ from notification_service
1782651547: Sending PINGRESP to notification_service
1782651604: Received PINGREQ from dashboard_f84a07
1782651604: Sending PINGRESP to dashboard_f84a07
1782651608: Received PINGREQ from cardiosense_subscriber
1782651608: Sending PINGRESP to cardiosense_subscriber
1782651608: Received PINGREQ from notification_service
1782651608: Sending PINGRESP to notification_service
1782651664: Received PINGREQ from dashboard_f84a07
1782651664: Sending PINGRESP to dashboard_f84a07
1782651668: Received PINGREQ from cardiosense_subscriber
1782651668: Sending PINGRESP to cardiosense_subscriber
1782651668: Received PINGREQ from notification_service
1782651668: Sending PINGRESP to notification_service
1782651724: Received PINGREQ from dashboard_f84a07
1782651724: Sending PINGRESP to dashboard_f84a07
1782651729: Received PINGREQ from notification_service
1782651729: Sending PINGRESP to notification_service
1782651729: Received PINGREQ from cardiosense_subscriber
1782651729: Sending PINGRESP to cardiosense_subscriber
1782651784: Received PINGREQ from dashboard_f84a07
1782651784: Sending PINGRESP to dashboard_f84a07
1782651789: Received PINGREQ from cardiosense_subscriber
1782651789: Sending PINGRESP to cardiosense_subscriber
1782651789: Received PINGREQ from notification_service
1782651789: Sending PINGRESP to notification_service
1782651844: Received PINGREQ from dashboard_f84a07
1782651844: Sending PINGRESP to dashboard_f84a07
1782651850: Received PINGREQ from cardiosense_subscriber
1782651850: Sending PINGRESP to cardiosense_subscriber
1782651850: Received PINGREQ from notification_service
1782651850: Sending PINGRESP to notification_service
1782651904: Received PINGREQ from dashboard_f84a07
1782651904: Sending PINGRESP to dashboard_f84a07
1782651910: Received PINGREQ from cardiosense_subscriber
1782651910: Sending PINGRESP to cardiosense_subscriber
1782651910: Received PINGREQ from notification_service
1782651910: Sending PINGRESP to notification_service
1782651964: Received PINGREQ from dashboard_f84a07
1782651964: Sending PINGRESP to dashboard_f84a07
1782651970: Received PINGREQ from cardiosense_subscriber
1782651970: Sending PINGRESP to cardiosense_subscriber
1782651970: Received PINGREQ from notification_service
1782651970: Sending PINGRESP to notification_service
1782652024: Received PINGREQ from dashboard_f84a07
1782652024: Sending PINGRESP to dashboard_f84a07
1782652031: Received PINGREQ from cardiosense_subscriber
1782652031: Sending PINGRESP to cardiosense_subscriber
1782652031: Received PINGREQ from notification_service
1782652031: Sending PINGRESP to notification_service
1782652084: Received PINGREQ from dashboard_f84a07
1782652084: Sending PINGRESP to dashboard_f84a07
1782652091: Received PINGREQ from cardiosense_subscriber
1782652091: Sending PINGRESP to cardiosense_subscriber
1782652091: Received PINGREQ from notification_service
1782652091: Sending PINGRESP to notification_service
1782652144: Received PINGREQ from dashboard_f84a07
1782652144: Sending PINGRESP to dashboard_f84a07
1782652152: Received PINGREQ from cardiosense_subscriber
1782652152: Sending PINGRESP to cardiosense_subscriber
1782652152: Received PINGREQ from notification_service
1782652152: Sending PINGRESP to notification_service
1782652204: Received PINGREQ from dashboard_f84a07
1782652204: Sending PINGRESP to dashboard_f84a07
1782652212: Received PINGREQ from cardiosense_subscriber
1782652212: Sending PINGRESP to cardiosense_subscriber
1782652212: Received PINGREQ from notification_service
1782652212: Sending PINGRESP to notification_service
1782652264: Received PINGREQ from dashboard_f84a07
1782652264: Sending PINGRESP to dashboard_f84a07
1782652273: Received PINGREQ from cardiosense_subscriber
1782652273: Sending PINGRESP to cardiosense_subscriber
1782652273: Received PINGREQ from notification_service
1782652273: Sending PINGRESP to notification_service
1782652324: Received PINGREQ from dashboard_f84a07
1782652324: Sending PINGRESP to dashboard_f84a07
1782652333: Received PINGREQ from cardiosense_subscriber
1782652333: Sending PINGRESP to cardiosense_subscriber
1782652333: Received PINGREQ from notification_service
1782652333: Sending PINGRESP to notification_service
1782652384: Received PINGREQ from dashboard_f84a07
1782652384: Sending PINGRESP to dashboard_f84a07
1782652393: Received PINGREQ from cardiosense_subscriber
1782652393: Sending PINGRESP to cardiosense_subscriber
1782652393: Received PINGREQ from notification_service
1782652393: Sending PINGRESP to notification_service
1782652444: Received PINGREQ from dashboard_f84a07
1782652444: Sending PINGRESP to dashboard_f84a07
1782652454: Received PINGREQ from notification_service
1782652454: Sending PINGRESP to notification_service
1782652454: Received PINGREQ from cardiosense_subscriber
1782652454: Sending PINGRESP to cardiosense_subscriber
1782652504: Received PINGREQ from dashboard_f84a07
1782652504: Sending PINGRESP to dashboard_f84a07
1782652514: Received PINGREQ from cardiosense_subscriber
1782652514: Sending PINGRESP to cardiosense_subscriber
1782652514: Received PINGREQ from notification_service
1782652514: Sending PINGRESP to notification_service
1782652564: Received PINGREQ from dashboard_f84a07
1782652564: Sending PINGRESP to dashboard_f84a07
1782652575: Received PINGREQ from cardiosense_subscriber
1782652575: Sending PINGRESP to cardiosense_subscriber
1782652575: Received PINGREQ from notification_service
1782652575: Sending PINGRESP to notification_service
1782652624: Received PINGREQ from dashboard_f84a07
1782652624: Sending PINGRESP to dashboard_f84a07
1782652635: Received PINGREQ from cardiosense_subscriber
1782652635: Sending PINGRESP to cardiosense_subscriber
1782652635: Received PINGREQ from notification_service
1782652635: Sending PINGRESP to notification_service
1782652684: Received PINGREQ from dashboard_f84a07
1782652684: Sending PINGRESP to dashboard_f84a07
1782652696: Received PINGREQ from cardiosense_subscriber
1782652696: Sending PINGRESP to cardiosense_subscriber
1782652696: Received PINGREQ from notification_service
1782652696: Sending PINGRESP to notification_service
1782652711: Saving in-memory database to /mosquitto/data//mosquitto.db.
1782652744: Received PINGREQ from dashboard_f84a07
1782652744: Sending PINGRESP to dashboard_f84a07
1782652756: Received PINGREQ from cardiosense_subscriber
1782652756: Sending PINGRESP to cardiosense_subscriber
1782652756: Received PINGREQ from notification_service
1782652756: Sending PINGRESP to notification_service
1782652804: Received PINGREQ from dashboard_f84a07
1782652804: Sending PINGRESP to dashboard_f84a07
1782652817: Received PINGREQ from notification_service
1782652817: Sending PINGRESP to notification_service
1782652817: Received PINGREQ from cardiosense_subscriber
1782652817: Sending PINGRESP to cardiosense_subscriber
1782652864: Received PINGREQ from dashboard_f84a07
1782652864: Sending PINGRESP to dashboard_f84a07
1782652877: Received PINGREQ from cardiosense_subscriber
1782652877: Sending PINGRESP to cardiosense_subscriber
1782652877: Received PINGREQ from notification_service
1782652877: Sending PINGRESP to notification_service
1782652924: Received PINGREQ from dashboard_f84a07
1782652924: Sending PINGRESP to dashboard_f84a07
1782652937: Received PINGREQ from cardiosense_subscriber
1782652937: Sending PINGRESP to cardiosense_subscriber
1782652937: Received PINGREQ from notification_service
1782652937: Sending PINGRESP to notification_service
1782652984: Received PINGREQ from dashboard_f84a07
1782652984: Sending PINGRESP to dashboard_f84a07
1782652998: Received PINGREQ from cardiosense_subscriber
1782652998: Sending PINGRESP to cardiosense_subscriber
1782652998: Received PINGREQ from notification_service
1782652998: Sending PINGRESP to notification_service
1782653044: Received PINGREQ from dashboard_f84a07
1782653044: Sending PINGRESP to dashboard_f84a07
1782653058: Received PINGREQ from cardiosense_subscriber
1782653058: Sending PINGRESP to cardiosense_subscriber
1782653058: Received PINGREQ from notification_service
1782653058: Sending PINGRESP to notification_service
1782653104: Received PINGREQ from dashboard_f84a07
1782653104: Sending PINGRESP to dashboard_f84a07
1782653119: Received PINGREQ from cardiosense_subscriber
1782653119: Sending PINGRESP to cardiosense_subscriber
1782653119: Received PINGREQ from notification_service
1782653119: Sending PINGRESP to notification_service
1782653164: Received PINGREQ from dashboard_f84a07
1782653164: Sending PINGRESP to dashboard_f84a07
1782653179: Received PINGREQ from cardiosense_subscriber
1782653179: Sending PINGRESP to cardiosense_subscriber
1782653179: Received PINGREQ from notification_service
1782653179: Sending PINGRESP to notification_service
1782653224: Received PINGREQ from dashboard_f84a07
1782653224: Sending PINGRESP to dashboard_f84a07
1782653240: Received PINGREQ from cardiosense_subscriber
1782653240: Sending PINGRESP to cardiosense_subscriber
1782653240: Received PINGREQ from notification_service
1782653240: Sending PINGRESP to notification_service
1782653284: Received PINGREQ from dashboard_f84a07
1782653284: Sending PINGRESP to dashboard_f84a07
1782653300: Received PINGREQ from cardiosense_subscriber
1782653300: Sending PINGRESP to cardiosense_subscriber
1782653300: Received PINGREQ from notification_service
1782653300: Sending PINGRESP to notification_service
1782653344: Received PINGREQ from dashboard_f84a07
1782653344: Sending PINGRESP to dashboard_f84a07
1782653361: Received PINGREQ from cardiosense_subscriber
1782653361: Sending PINGRESP to cardiosense_subscriber
1782653361: Received PINGREQ from notification_service
1782653361: Sending PINGRESP to notification_service
1782653404: Received PINGREQ from dashboard_f84a07
1782653404: Sending PINGRESP to dashboard_f84a07
1782653421: Received PINGREQ from cardiosense_subscriber
1782653421: Sending PINGRESP to cardiosense_subscriber
1782653421: Received PINGREQ from notification_service
1782653421: Sending PINGRESP to notification_service
1782653464: Received PINGREQ from dashboard_f84a07
1782653464: Sending PINGRESP to dashboard_f84a07
1782653481: Received PINGREQ from cardiosense_subscriber
1782653481: Sending PINGRESP to cardiosense_subscriber
1782653482: Received PINGREQ from notification_service
1782653482: Sending PINGRESP to notification_service
1782653524: Received PINGREQ from dashboard_f84a07
1782653524: Sending PINGRESP to dashboard_f84a07
1782653542: Received PINGREQ from cardiosense_subscriber
1782653542: Sending PINGRESP to cardiosense_subscriber
1782653542: Received PINGREQ from notification_service
1782653542: Sending PINGRESP to notification_service
1782653585: Received PINGREQ from dashboard_f84a07
1782653585: Sending PINGRESP to dashboard_f84a07
1782653602: Received PINGREQ from notification_service
1782653602: Sending PINGRESP to notification_service
1782653602: Received PINGREQ from cardiosense_subscriber
1782653602: Sending PINGRESP to cardiosense_subscriber
1782653645: Received PINGREQ from dashboard_f84a07
1782653645: Sending PINGRESP to dashboard_f84a07
1782653663: Received PINGREQ from cardiosense_subscriber
1782653663: Sending PINGRESP to cardiosense_subscriber
1782653663: Received PINGREQ from notification_service
1782653663: Sending PINGRESP to notification_service
1782653705: Received PINGREQ from dashboard_f84a07
1782653705: Sending PINGRESP to dashboard_f84a07
1782653723: Received PINGREQ from cardiosense_subscriber
1782653723: Sending PINGRESP to cardiosense_subscriber
1782653723: Received PINGREQ from notification_service
1782653723: Sending PINGRESP to notification_service
1782653765: Received PINGREQ from dashboard_f84a07
1782653765: Sending PINGRESP to dashboard_f84a07
1782653784: Received PINGREQ from cardiosense_subscriber
1782653784: Sending PINGRESP to cardiosense_subscriber
1782653784: Received PINGREQ from notification_service
1782653784: Sending PINGRESP to notification_service
1782653787: Received DISCONNECT from cardiosense_subscriber
1782653787: Client cardiosense_subscriber disconnected.
1782653788: Client notification_service closed its connection.
1782653794: New connection from 172.18.0.1:58194 on port 1883.
1782653794: New client connected from 172.18.0.1:58194 as notification_service (p2, c1, k60).
1782653794: No will message specified.
1782653794: Sending CONNACK to notification_service (0, 0)
1782653794: New connection from 172.18.0.1:58198 on port 1883.
1782653794: New client connected from 172.18.0.1:58198 as cardiosense_subscriber (p2, c1, k60).
1782653794: No will message specified.
1782653794: Sending CONNACK to cardiosense_subscriber (0, 0)
1782653794: Received SUBSCRIBE from cardiosense_subscriber
1782653794: 	cardiosense/dati (QoS 1)
1782653794: cardiosense_subscriber 1 cardiosense/dati
1782653794: Sending SUBACK to cardiosense_subscriber
1782653813: Client dashboard_f84a07 closed its connection.
1782653814: New client connected from 172.18.0.1:37362 as dashboard_b56115 (p2, c1, k60).
1782653814: No will message specified.
1782653814: Sending CONNACK to dashboard_b56115 (0, 0)
1782653814: Received SUBSCRIBE from dashboard_b56115
1782653814: 	cardiosense/allarmi (QoS 1)
1782653814: dashboard_b56115 1 cardiosense/allarmi
1782653814: Sending SUBACK to dashboard_b56115
1782653839: New connection from 172.18.0.1:35240 on port 1883.
1782653839: New client connected from 172.18.0.1:35240 as cardiosense_simulator (p2, c1, k60).
1782653839: No will message specified.
1782653839: Sending CONNACK to cardiosense_simulator (0, 0)
1782653839: Received PUBLISH from cardiosense_simulator (d0, q1, r0, m1, 'cardiosense/dati', ... (2237 bytes))
1782653839: Sending PUBLISH to cardiosense_subscriber (d0, q1, r0, m1, 'cardiosense/dati', ... (2237 bytes))
1782653839: Sending PUBACK to cardiosense_simulator (m1, rc0)
1782653839: Received PUBLISH from notification_service (d0, q1, r0, m1, 'cardiosense/allarmi', ... (225 bytes))
1782653839: Sending PUBLISH to dashboard_b56115 (d0, q1, r0, m1, 'cardiosense/allarmi', ... (225 bytes))
1782653839: Sending PUBACK to notification_service (m1, rc0)
1782653839: Received PUBACK from cardiosense_subscriber (Mid: 1, RC:0)
1782653839: Received PUBACK from dashboard_b56115 (Mid: 1, RC:0)
1782653840: Received PUBLISH from cardiosense_simulator (d0, q1, r0, m2, 'cardiosense/dati', ... (2270 bytes))
1782653840: Sending PUBLISH to cardiosense_subscriber (d0, q1, r0, m2, 'cardiosense/dati', ... (2270 bytes))
1782653840: Sending PUBACK to cardiosense_simulator (m2, rc0)
1782653840: Received PUBACK from cardiosense_subscriber (Mid: 2, RC:0)
1782653840: Received PUBLISH from notification_service (d0, q1, r0, m2, 'cardiosense/allarmi', ... (225 bytes))
1782653840: Sending PUBLISH to dashboard_b56115 (d0, q1, r0, m2, 'cardiosense/allarmi', ... (225 bytes))
1782653840: Sending PUBACK to notification_service (m2, rc0)
1782653840: Received PUBACK from dashboard_b56115 (Mid: 2, RC:0)
1782653841: Received PUBLISH from cardiosense_simulator (d0, q1, r0, m3, 'cardiosense/dati', ... (2256 bytes))
1782653841: Sending PUBLISH to cardiosense_subscriber (d0, q1, r0, m3, 'cardiosense/dati', ... (2256 bytes))
1782653841: Sending PUBACK to cardiosense_simulator (m3, rc0)
1782653841: Received PUBLISH from notification_service (d0, q1, r0, m3, 'cardiosense/allarmi', ... (226 bytes))
1782653841: Sending PUBLISH to dashboard_b56115 (d0, q1, r0, m3, 'cardiosense/allarmi', ... (226 bytes))
1782653841: Sending PUBACK to notification_service (m3, rc0)
1782653841: Received PUBACK from cardiosense_subscriber (Mid: 3, RC:0)
1782653841: Received PUBACK from dashboard_b56115 (Mid: 3, RC:0)
1782653842: Received PUBLISH from cardiosense_simulator (d0, q1, r0, m4, 'cardiosense/dati', ... (2267 bytes))
1782653842: Sending PUBLISH to cardiosense_subscriber (d0, q1, r0, m4, 'cardiosense/dati', ... (2267 bytes))
1782653842: Sending PUBACK to cardiosense_simulator (m4, rc0)
1782653842: Received PUBACK from cardiosense_subscriber (Mid: 4, RC:0)
1782653842: Received PUBLISH from notification_service (d0, q1, r0, m4, 'cardiosense/allarmi', ... (225 bytes))
1782653842: Sending PUBLISH to dashboard_b56115 (d0, q1, r0, m4, 'cardiosense/allarmi', ... (225 bytes))
1782653842: Sending PUBACK to notification_service (m4, rc0)
1782653842: Received PUBACK from dashboard_b56115 (Mid: 4, RC:0)
1782653843: Received PUBLISH from cardiosense_simulator (d0, q1, r0, m5, 'cardiosense/dati', ... (2269 bytes))
1782653843: Sending PUBLISH to cardiosense_subscriber (d0, q1, r0, m5, 'cardiosense/dati', ... (2269 bytes))
1782653843: Sending PUBACK to cardiosense_simulator (m5, rc0)
1782653843: Received PUBACK from cardiosense_subscriber (Mid: 5, RC:0)
1782653844: Received PUBLISH from cardiosense_simulator (d0, q1, r0, m6, 'cardiosense/dati', ... (2264 bytes))
1782653844: Sending PUBLISH to cardiosense_subscriber (d0, q1, r0, m6, 'cardiosense/dati', ... (2264 bytes))
1782653844: Sending PUBACK to cardiosense_simulator (m6, rc0)
1782653844: Received PUBACK from cardiosense_subscriber (Mid: 6, RC:0)
1782653844: Received PUBLISH from notification_service (d0, q1, r0, m5, 'cardiosense/allarmi', ... (226 bytes))
1782653844: Sending PUBLISH to dashboard_b56115 (d0, q1, r0, m5, 'cardiosense/allarmi', ... (226 bytes))
1782653844: Sending PUBACK to notification_service (m5, rc0)
1782653844: Received PUBACK from dashboard_b56115 (Mid: 5, RC:0)
1782653845: Received PUBLISH from cardiosense_simulator (d0, q1, r0, m7, 'cardiosense/dati', ... (2261 bytes))
1782653845: Sending PUBLISH to cardiosense_subscriber (d0, q1, r0, m7, 'cardiosense/dati', ... (2261 bytes))
1782653845: Sending PUBACK to cardiosense_simulator (m7, rc0)
1782653845: Received PUBLISH from notification_service (d0, q1, r0, m6, 'cardiosense/allarmi', ... (225 bytes))
1782653845: Sending PUBLISH to dashboard_b56115 (d0, q1, r0, m6, 'cardiosense/allarmi', ... (225 bytes))
1782653845: Sending PUBACK to notification_service (m6, rc0)
1782653845: Received PUBACK from cardiosense_subscriber (Mid: 7, RC:0)
1782653845: Received PUBACK from dashboard_b56115 (Mid: 6, RC:0)
1782653846: Received PUBLISH from cardiosense_simulator (d0, q1, r0, m8, 'cardiosense/dati', ... (2276 bytes))
1782653846: Sending PUBLISH to cardiosense_subscriber (d0, q1, r0, m8, 'cardiosense/dati', ... (2276 bytes))
1782653846: Sending PUBACK to cardiosense_simulator (m8, rc0)
1782653846: Received PUBACK from cardiosense_subscriber (Mid: 8, RC:0)
1782653846: Received PUBLISH from notification_service (d0, q1, r0, m7, 'cardiosense/allarmi', ... (226 bytes))
1782653846: Sending PUBLISH to dashboard_b56115 (d0, q1, r0, m7, 'cardiosense/allarmi', ... (226 bytes))
1782653846: Sending PUBACK to notification_service (m7, rc0)
1782653846: Received PUBACK from dashboard_b56115 (Mid: 7, RC:0)
1782653847: Received PUBLISH from cardiosense_simulator (d0, q1, r0, m9, 'cardiosense/dati', ... (2262 bytes))
1782653847: Sending PUBLISH to cardiosense_subscriber (d0, q1, r0, m9, 'cardiosense/dati', ... (2262 bytes))
1782653847: Sending PUBACK to cardiosense_simulator (m9, rc0)
1782653847: Received PUBACK from cardiosense_subscriber (Mid: 9, RC:0)
1782653847: Received PUBLISH from notification_service (d0, q1, r0, m8, 'cardiosense/allarmi', ... (226 bytes))
1782653847: Sending PUBLISH to dashboard_b56115 (d0, q1, r0, m8, 'cardiosense/allarmi', ... (226 bytes))
1782653847: Sending PUBACK to notification_service (m8, rc0)
1782653847: Received PUBACK from dashboard_b56115 (Mid: 8, RC:0)
1782653848: Received PUBLISH from cardiosense_simulator (d0, q1, r0, m10, 'cardiosense/dati', ... (2297 bytes))
1782653848: Sending PUBLISH to cardiosense_subscriber (d0, q1, r0, m10, 'cardiosense/dati', ... (2297 bytes))
1782653848: Sending PUBACK to cardiosense_simulator (m10, rc0)
1782653848: Received PUBACK from cardiosense_subscriber (Mid: 10, RC:0)
1782653848: Received PUBLISH from notification_service (d0, q1, r0, m9, 'cardiosense/allarmi', ... (225 bytes))
1782653848: Sending PUBLISH to dashboard_b56115 (d0, q1, r0, m9, 'cardiosense/allarmi', ... (225 bytes))
1782653848: Sending PUBACK to notification_service (m9, rc0)
1782653848: Received PUBACK from dashboard_b56115 (Mid: 9, RC:0)
1782653849: Received PUBLISH from cardiosense_simulator (d0, q1, r0, m11, 'cardiosense/dati', ... (2292 bytes))
1782653849: Sending PUBLISH to cardiosense_subscriber (d0, q1, r0, m11, 'cardiosense/dati', ... (2292 bytes))
1782653849: Sending PUBACK to cardiosense_simulator (m11, rc0)
1782653849: Received PUBACK from cardiosense_subscriber (Mid: 11, RC:0)
1782653849: Received PUBLISH from notification_service (d0, q1, r0, m10, 'cardiosense/allarmi', ... (225 bytes))
1782653849: Sending PUBLISH to dashboard_b56115 (d0, q1, r0, m10, 'cardiosense/allarmi', ... (225 bytes))
1782653849: Sending PUBACK to notification_service (m10, rc0)
1782653849: Received PUBACK from dashboard_b56115 (Mid: 10, RC:0)
1782653850: Received PUBLISH from cardiosense_simulator (d0, q1, r0, m12, 'cardiosense/dati', ... (2265 bytes))
1782653850: Sending PUBLISH to cardiosense_subscriber (d0, q1, r0, m12, 'cardiosense/dati', ... (2265 bytes))
1782653850: Sending PUBACK to cardiosense_simulator (m12, rc0)
1782653850: Received PUBLISH from notification_service (d0, q1, r0, m11, 'cardiosense/allarmi', ... (226 bytes))
1782653850: Sending PUBLISH to dashboard_b56115 (d0, q1, r0, m11, 'cardiosense/allarmi', ... (226 bytes))
1782653850: Sending PUBACK to notification_service (m11, rc0)
1782653850: Received PUBACK from cardiosense_subscriber (Mid: 12, RC:0)
1782653850: Received PUBACK from dashboard_b56115 (Mid: 11, RC:0)
1782653851: Received PUBLISH from cardiosense_simulator (d0, q1, r0, m13, 'cardiosense/dati', ... (2274 bytes))
1782653851: Sending PUBLISH to cardiosense_subscriber (d0, q1, r0, m13, 'cardiosense/dati', ... (2274 bytes))
1782653851: Sending PUBACK to cardiosense_simulator (m13, rc0)
1782653851: Received PUBACK from cardiosense_subscriber (Mid: 13, RC:0)
1782653851: Received PUBLISH from notification_service (d0, q1, r0, m12, 'cardiosense/allarmi', ... (225 bytes))
1782653851: Sending PUBLISH to dashboard_b56115 (d0, q1, r0, m12, 'cardiosense/allarmi', ... (225 bytes))
1782653851: Sending PUBACK to notification_service (m12, rc0)
1782653851: Received PUBACK from dashboard_b56115 (Mid: 12, RC:0)
1782653852: Received PUBLISH from cardiosense_simulator (d0, q1, r0, m14, 'cardiosense/dati', ... (2262 bytes))
1782653852: Sending PUBLISH to cardiosense_subscriber (d0, q1, r0, m14, 'cardiosense/dati', ... (2262 bytes))
1782653852: Sending PUBACK to cardiosense_simulator (m14, rc0)
1782653852: Received PUBACK from cardiosense_subscriber (Mid: 14, RC:0)
1782653852: Received PUBLISH from notification_service (d0, q1, r0, m13, 'cardiosense/allarmi', ... (225 bytes))
1782653852: Sending PUBLISH to dashboard_b56115 (d0, q1, r0, m13, 'cardiosense/allarmi', ... (225 bytes))
1782653852: Sending PUBACK to notification_service (m13, rc0)
1782653852: Received PUBACK from dashboard_b56115 (Mid: 13, RC:0)
1782653853: Received PUBLISH from cardiosense_simulator (d0, q1, r0, m15, 'cardiosense/dati', ... (2257 bytes))
1782653853: Sending PUBLISH to cardiosense_subscriber (d0, q1, r0, m15, 'cardiosense/dati', ... (2257 bytes))
1782653853: Sending PUBACK to cardiosense_simulator (m15, rc0)
1782653853: Received PUBLISH from notification_service (d0, q1, r0, m14, 'cardiosense/allarmi', ... (226 bytes))
1782653853: Sending PUBLISH to dashboard_b56115 (d0, q1, r0, m14, 'cardiosense/allarmi', ... (226 bytes))
1782653853: Sending PUBACK to notification_service (m14, rc0)
1782653853: Received PUBACK from cardiosense_subscriber (Mid: 15, RC:0)
1782653853: Received PUBACK from dashboard_b56115 (Mid: 14, RC:0)
1782653854: Received PUBLISH from cardiosense_simulator (d0, q1, r0, m16, 'cardiosense/dati', ... (2259 bytes))
1782653854: Sending PUBLISH to cardiosense_subscriber (d0, q1, r0, m16, 'cardiosense/dati', ... (2259 bytes))
1782653854: Sending PUBACK to cardiosense_simulator (m16, rc0)
1782653854: Received PUBACK from cardiosense_subscriber (Mid: 16, RC:0)
1782653854: Received PUBLISH from notification_service (d0, q1, r0, m15, 'cardiosense/allarmi', ... (225 bytes))
1782653854: Sending PUBLISH to dashboard_b56115 (d0, q1, r0, m15, 'cardiosense/allarmi', ... (225 bytes))
1782653854: Sending PUBACK to notification_service (m15, rc0)
1782653854: Received PUBACK from dashboard_b56115 (Mid: 15, RC:0)
1782653855: Received PUBLISH from cardiosense_simulator (d0, q1, r0, m17, 'cardiosense/dati', ... (2245 bytes))
1782653855: Sending PUBLISH to cardiosense_subscriber (d0, q1, r0, m17, 'cardiosense/dati', ... (2245 bytes))
1782653855: Sending PUBACK to cardiosense_simulator (m17, rc0)
1782653855: Received PUBACK from cardiosense_subscriber (Mid: 17, RC:0)
1782653855: Received PUBLISH from notification_service (d0, q1, r0, m16, 'cardiosense/allarmi', ... (225 bytes))
1782653855: Sending PUBLISH to dashboard_b56115 (d0, q1, r0, m16, 'cardiosense/allarmi', ... (225 bytes))
1782653855: Sending PUBACK to notification_service (m16, rc0)
1782653855: Received PINGREQ from cardiosense_subscriber
1782653855: Sending PINGRESP to cardiosense_subscriber
1782653855: Received PINGREQ from notification_service
1782653855: Sending PINGRESP to notification_service
1782653855: Received PUBACK from dashboard_b56115 (Mid: 16, RC:0)
1782653856: Received PUBLISH from cardiosense_simulator (d0, q1, r0, m18, 'cardiosense/dati', ... (2267 bytes))
1782653856: Sending PUBLISH to cardiosense_subscriber (d0, q1, r0, m18, 'cardiosense/dati', ... (2267 bytes))
1782653856: Sending PUBACK to cardiosense_simulator (m18, rc0)
1782653856: Received PUBACK from cardiosense_subscriber (Mid: 18, RC:0)
1782653856: Received PUBLISH from notification_service (d0, q1, r0, m17, 'cardiosense/allarmi', ... (225 bytes))
1782653856: Sending PUBLISH to dashboard_b56115 (d0, q1, r0, m17, 'cardiosense/allarmi', ... (225 bytes))
1782653856: Sending PUBACK to notification_service (m17, rc0)
1782653856: Received PUBACK from dashboard_b56115 (Mid: 17, RC:0)
1782653857: Received PUBLISH from cardiosense_simulator (d0, q1, r0, m19, 'cardiosense/dati', ... (2255 bytes))
1782653857: Sending PUBLISH to cardiosense_subscriber (d0, q1, r0, m19, 'cardiosense/dati', ... (2255 bytes))
1782653857: Sending PUBACK to cardiosense_simulator (m19, rc0)
1782653857: Received PUBACK from cardiosense_subscriber (Mid: 19, RC:0)
1782653857: Received PUBLISH from notification_service (d0, q1, r0, m18, 'cardiosense/allarmi', ... (226 bytes))
1782653857: Sending PUBLISH to dashboard_b56115 (d0, q1, r0, m18, 'cardiosense/allarmi', ... (226 bytes))
1782653857: Sending PUBACK to notification_service (m18, rc0)
1782653857: Received PUBACK from dashboard_b56115 (Mid: 18, RC:0)
1782653858: Received PUBLISH from cardiosense_simulator (d0, q1, r0, m20, 'cardiosense/dati', ... (2274 bytes))
1782653858: Sending PUBLISH to cardiosense_subscriber (d0, q1, r0, m20, 'cardiosense/dati', ... (2274 bytes))
1782653858: Sending PUBACK to cardiosense_simulator (m20, rc0)
1782653858: Received PUBLISH from notification_service (d0, q1, r0, m19, 'cardiosense/allarmi', ... (225 bytes))
1782653858: Sending PUBLISH to dashboard_b56115 (d0, q1, r0, m19, 'cardiosense/allarmi', ... (225 bytes))
1782653858: Sending PUBACK to notification_service (m19, rc0)
1782653858: Received PUBACK from cardiosense_subscriber (Mid: 20, RC:0)
1782653858: Received PUBACK from dashboard_b56115 (Mid: 19, RC:0)
1782653859: Received PUBLISH from cardiosense_simulator (d0, q1, r0, m21, 'cardiosense/dati', ... (2270 bytes))
1782653859: Sending PUBLISH to cardiosense_subscriber (d0, q1, r0, m21, 'cardiosense/dati', ... (2270 bytes))
1782653859: Sending PUBACK to cardiosense_simulator (m21, rc0)
1782653859: Received PUBACK from cardiosense_subscriber (Mid: 21, RC:0)
1782653859: Received PUBLISH from notification_service (d0, q1, r0, m20, 'cardiosense/allarmi', ... (226 bytes))
1782653859: Sending PUBLISH to dashboard_b56115 (d0, q1, r0, m20, 'cardiosense/allarmi', ... (226 bytes))
1782653859: Sending PUBACK to notification_service (m20, rc0)
1782653859: Received PUBACK from dashboard_b56115 (Mid: 20, RC:0)
1782653860: Received PUBLISH from cardiosense_simulator (d0, q1, r0, m22, 'cardiosense/dati', ... (2280 bytes))
1782653860: Sending PUBLISH to cardiosense_subscriber (d0, q1, r0, m22, 'cardiosense/dati', ... (2280 bytes))
1782653860: Sending PUBACK to cardiosense_simulator (m22, rc0)
1782653860: Received PUBACK from cardiosense_subscriber (Mid: 22, RC:0)
1782653860: Received PUBLISH from notification_service (d0, q1, r0, m21, 'cardiosense/allarmi', ... (225 bytes))
1782653860: Sending PUBLISH to dashboard_b56115 (d0, q1, r0, m21, 'cardiosense/allarmi', ... (225 bytes))
1782653860: Sending PUBACK to notification_service (m21, rc0)
1782653860: Received PUBACK from dashboard_b56115 (Mid: 21, RC:0)
1782653861: Received PUBLISH from cardiosense_simulator (d0, q1, r0, m23, 'cardiosense/dati', ... (2251 bytes))
1782653861: Sending PUBLISH to cardiosense_subscriber (d0, q1, r0, m23, 'cardiosense/dati', ... (2251 bytes))
1782653861: Sending PUBACK to cardiosense_simulator (m23, rc0)
1782653861: Received PUBACK from cardiosense_subscriber (Mid: 23, RC:0)
1782653861: Received PUBLISH from notification_service (d0, q1, r0, m22, 'cardiosense/allarmi', ... (225 bytes))
1782653861: Sending PUBLISH to dashboard_b56115 (d0, q1, r0, m22, 'cardiosense/allarmi', ... (225 bytes))
1782653861: Sending PUBACK to notification_service (m22, rc0)
1782653861: Received PUBACK from dashboard_b56115 (Mid: 22, RC:0)
1782653862: Received PUBLISH from cardiosense_simulator (d0, q1, r0, m24, 'cardiosense/dati', ... (2282 bytes))
1782653862: Sending PUBLISH to cardiosense_subscriber (d0, q1, r0, m24, 'cardiosense/dati', ... (2282 bytes))
1782653862: Sending PUBACK to cardiosense_simulator (m24, rc0)
1782653862: Received PUBLISH from notification_service (d0, q1, r0, m23, 'cardiosense/allarmi', ... (226 bytes))
1782653862: Sending PUBLISH to dashboard_b56115 (d0, q1, r0, m23, 'cardiosense/allarmi', ... (226 bytes))
1782653862: Sending PUBACK to notification_service (m23, rc0)
1782653862: Received PUBACK from cardiosense_subscriber (Mid: 24, RC:0)
1782653862: Received PUBACK from dashboard_b56115 (Mid: 23, RC:0)
1782653863: Received PUBLISH from cardiosense_simulator (d0, q1, r0, m25, 'cardiosense/dati', ... (2261 bytes))
1782653863: Sending PUBLISH to cardiosense_subscriber (d0, q1, r0, m25, 'cardiosense/dati', ... (2261 bytes))
1782653863: Sending PUBACK to cardiosense_simulator (m25, rc0)
1782653863: Received PUBACK from cardiosense_subscriber (Mid: 25, RC:0)
1782653863: Received PUBLISH from notification_service (d0, q1, r0, m24, 'cardiosense/allarmi', ... (226 bytes))
1782653863: Sending PUBLISH to dashboard_b56115 (d0, q1, r0, m24, 'cardiosense/allarmi', ... (226 bytes))
1782653863: Sending PUBACK to notification_service (m24, rc0)
1782653863: Received PUBACK from dashboard_b56115 (Mid: 24, RC:0)
1782653864: Received PUBLISH from cardiosense_simulator (d0, q1, r0, m26, 'cardiosense/dati', ... (2268 bytes))
1782653864: Sending PUBLISH to cardiosense_subscriber (d0, q1, r0, m26, 'cardiosense/dati', ... (2268 bytes))
1782653864: Sending PUBACK to cardiosense_simulator (m26, rc0)
1782653864: Received PUBLISH from notification_service (d0, q1, r0, m25, 'cardiosense/allarmi', ... (226 bytes))
1782653864: Sending PUBLISH to dashboard_b56115 (d0, q1, r0, m25, 'cardiosense/allarmi', ... (226 bytes))
1782653864: Sending PUBACK to notification_service (m25, rc0)
1782653864: Received PUBACK from cardiosense_subscriber (Mid: 26, RC:0)
1782653864: Received PUBACK from dashboard_b56115 (Mid: 25, RC:0)
1782653865: Received PUBLISH from cardiosense_simulator (d0, q1, r0, m27, 'cardiosense/dati', ... (2267 bytes))
1782653865: Sending PUBLISH to cardiosense_subscriber (d0, q1, r0, m27, 'cardiosense/dati', ... (2267 bytes))
1782653865: Sending PUBACK to cardiosense_simulator (m27, rc0)
1782653865: Received PUBLISH from notification_service (d0, q1, r0, m26, 'cardiosense/allarmi', ... (226 bytes))
1782653865: Sending PUBLISH to dashboard_b56115 (d0, q1, r0, m26, 'cardiosense/allarmi', ... (226 bytes))
1782653865: Sending PUBACK to notification_service (m26, rc0)
1782653865: Received PUBACK from cardiosense_subscriber (Mid: 27, RC:0)
1782653865: Received PUBACK from dashboard_b56115 (Mid: 26, RC:0)
1782653866: Received PUBLISH from cardiosense_simulator (d0, q1, r0, m28, 'cardiosense/dati', ... (2273 bytes))
1782653866: Sending PUBLISH to cardiosense_subscriber (d0, q1, r0, m28, 'cardiosense/dati', ... (2273 bytes))
1782653866: Sending PUBACK to cardiosense_simulator (m28, rc0)
1782653866: Received PUBACK from cardiosense_subscriber (Mid: 28, RC:0)
1782653866: Received PUBLISH from notification_service (d0, q1, r0, m27, 'cardiosense/allarmi', ... (225 bytes))
1782653866: Sending PUBLISH to dashboard_b56115 (d0, q1, r0, m27, 'cardiosense/allarmi', ... (225 bytes))
1782653866: Sending PUBACK to notification_service (m27, rc0)
1782653866: Received PUBACK from dashboard_b56115 (Mid: 27, RC:0)
1782653867: Received PUBLISH from cardiosense_simulator (d0, q1, r0, m29, 'cardiosense/dati', ... (2260 bytes))
1782653867: Sending PUBLISH to cardiosense_subscriber (d0, q1, r0, m29, 'cardiosense/dati', ... (2260 bytes))
1782653867: Sending PUBACK to cardiosense_simulator (m29, rc0)
1782653867: Received PUBACK from cardiosense_subscriber (Mid: 29, RC:0)
1782653867: Received PUBLISH from notification_service (d0, q1, r0, m28, 'cardiosense/allarmi', ... (225 bytes))
1782653867: Sending PUBLISH to dashboard_b56115 (d0, q1, r0, m28, 'cardiosense/allarmi', ... (225 bytes))
1782653867: Sending PUBACK to notification_service (m28, rc0)
1782653867: Received PUBACK from dashboard_b56115 (Mid: 28, RC:0)
1782653868: Received PUBLISH from cardiosense_simulator (d0, q1, r0, m30, 'cardiosense/dati', ... (2253 bytes))
1782653868: Sending PUBLISH to cardiosense_subscriber (d0, q1, r0, m30, 'cardiosense/dati', ... (2253 bytes))
1782653868: Sending PUBACK to cardiosense_simulator (m30, rc0)
1782653868: Received PUBACK from cardiosense_subscriber (Mid: 30, RC:0)
1782653868: Received PUBLISH from notification_service (d0, q1, r0, m29, 'cardiosense/allarmi', ... (225 bytes))
1782653868: Sending PUBLISH to dashboard_b56115 (d0, q1, r0, m29, 'cardiosense/allarmi', ... (225 bytes))
1782653868: Sending PUBACK to notification_service (m29, rc0)
1782653868: Received PUBACK from dashboard_b56115 (Mid: 29, RC:0)
1782653869: Received PUBLISH from cardiosense_simulator (d0, q1, r0, m31, 'cardiosense/dati', ... (2286 bytes))
1782653869: Sending PUBLISH to cardiosense_subscriber (d0, q1, r0, m31, 'cardiosense/dati', ... (2286 bytes))
1782653869: Sending PUBACK to cardiosense_simulator (m31, rc0)
1782653869: Received PUBLISH from notification_service (d0, q1, r0, m30, 'cardiosense/allarmi', ... (225 bytes))
1782653869: Sending PUBLISH to dashboard_b56115 (d0, q1, r0, m30, 'cardiosense/allarmi', ... (225 bytes))
1782653869: Sending PUBACK to notification_service (m30, rc0)
1782653869: Received PUBACK from cardiosense_subscriber (Mid: 31, RC:0)
1782653869: Received PUBACK from dashboard_b56115 (Mid: 30, RC:0)
1782653870: Received PUBLISH from cardiosense_simulator (d0, q1, r0, m32, 'cardiosense/dati', ... (2277 bytes))
1782653870: Sending PUBLISH to cardiosense_subscriber (d0, q1, r0, m32, 'cardiosense/dati', ... (2277 bytes))
1782653870: Sending PUBACK to cardiosense_simulator (m32, rc0)
1782653870: Received PUBLISH from notification_service (d0, q1, r0, m31, 'cardiosense/allarmi', ... (226 bytes))
1782653870: Sending PUBLISH to dashboard_b56115 (d0, q1, r0, m31, 'cardiosense/allarmi', ... (226 bytes))
1782653870: Sending PUBACK to notification_service (m31, rc0)
1782653870: Received PUBACK from cardiosense_subscriber (Mid: 32, RC:0)
1782653870: Received PUBACK from dashboard_b56115 (Mid: 31, RC:0)
1782653871: Received PUBLISH from cardiosense_simulator (d0, q1, r0, m33, 'cardiosense/dati', ... (2264 bytes))
1782653871: Sending PUBLISH to cardiosense_subscriber (d0, q1, r0, m33, 'cardiosense/dati', ... (2264 bytes))
1782653871: Sending PUBACK to cardiosense_simulator (m33, rc0)
1782653871: Received PUBACK from cardiosense_subscriber (Mid: 33, RC:0)
1782653871: Received PUBLISH from notification_service (d0, q1, r0, m32, 'cardiosense/allarmi', ... (226 bytes))
1782653871: Sending PUBLISH to dashboard_b56115 (d0, q1, r0, m32, 'cardiosense/allarmi', ... (226 bytes))
1782653871: Sending PUBACK to notification_service (m32, rc0)
1782653871: Received PUBACK from dashboard_b56115 (Mid: 32, RC:0)
1782653872: Received PUBLISH from cardiosense_simulator (d0, q1, r0, m34, 'cardiosense/dati', ... (2257 bytes))
1782653872: Sending PUBLISH to cardiosense_subscriber (d0, q1, r0, m34, 'cardiosense/dati', ... (2257 bytes))
1782653872: Sending PUBACK to cardiosense_simulator (m34, rc0)
1782653872: Received PUBLISH from notification_service (d0, q1, r0, m33, 'cardiosense/allarmi', ... (225 bytes))
1782653872: Sending PUBLISH to dashboard_b56115 (d0, q1, r0, m33, 'cardiosense/allarmi', ... (225 bytes))
1782653872: Sending PUBACK to notification_service (m33, rc0)
1782653872: Received PUBACK from cardiosense_subscriber (Mid: 34, RC:0)
1782653872: Received PUBACK from dashboard_b56115 (Mid: 33, RC:0)
1782653873: Received PUBLISH from cardiosense_simulator (d0, q1, r0, m35, 'cardiosense/dati', ... (2266 bytes))
1782653873: Sending PUBLISH to cardiosense_subscriber (d0, q1, r0, m35, 'cardiosense/dati', ... (2266 bytes))
1782653873: Sending PUBACK to cardiosense_simulator (m35, rc0)
1782653873: Received PUBACK from cardiosense_subscriber (Mid: 35, RC:0)
1782653873: Received PUBLISH from notification_service (d0, q1, r0, m34, 'cardiosense/allarmi', ... (225 bytes))
1782653873: Sending PUBLISH to dashboard_b56115 (d0, q1, r0, m34, 'cardiosense/allarmi', ... (225 bytes))
1782653873: Sending PUBACK to notification_service (m34, rc0)
1782653873: Received PUBACK from dashboard_b56115 (Mid: 34, RC:0)
1782653874: Received PINGREQ from dashboard_b56115
1782653874: Sending PINGRESP to dashboard_b56115
1782653874: Received PUBLISH from cardiosense_simulator (d0, q1, r0, m36, 'cardiosense/dati', ... (2277 bytes))
1782653874: Sending PUBLISH to cardiosense_subscriber (d0, q1, r0, m36, 'cardiosense/dati', ... (2277 bytes))
1782653874: Sending PUBACK to cardiosense_simulator (m36, rc0)
1782653874: Received PUBACK from cardiosense_subscriber (Mid: 36, RC:0)
1782653874: Received PUBLISH from notification_service (d0, q1, r0, m35, 'cardiosense/allarmi', ... (225 bytes))
1782653874: Sending PUBLISH to dashboard_b56115 (d0, q1, r0, m35, 'cardiosense/allarmi', ... (225 bytes))
1782653874: Sending PUBACK to notification_service (m35, rc0)
1782653874: Received PUBACK from dashboard_b56115 (Mid: 35, RC:0)
1782653875: Received PUBLISH from cardiosense_simulator (d0, q1, r0, m37, 'cardiosense/dati', ... (2262 bytes))
1782653875: Sending PUBLISH to cardiosense_subscriber (d0, q1, r0, m37, 'cardiosense/dati', ... (2262 bytes))
1782653875: Sending PUBACK to cardiosense_simulator (m37, rc0)
1782653875: Received PUBLISH from notification_service (d0, q1, r0, m36, 'cardiosense/allarmi', ... (225 bytes))
1782653875: Sending PUBLISH to dashboard_b56115 (d0, q1, r0, m36, 'cardiosense/allarmi', ... (225 bytes))
1782653875: Sending PUBACK to notification_service (m36, rc0)
1782653875: Received PUBACK from cardiosense_subscriber (Mid: 37, RC:0)
1782653875: Received PUBACK from dashboard_b56115 (Mid: 36, RC:0)
1782653876: Received PUBLISH from cardiosense_simulator (d0, q1, r0, m38, 'cardiosense/dati', ... (2252 bytes))
1782653876: Sending PUBLISH to cardiosense_subscriber (d0, q1, r0, m38, 'cardiosense/dati', ... (2252 bytes))
1782653876: Sending PUBACK to cardiosense_simulator (m38, rc0)
1782653876: Received PUBACK from cardiosense_subscriber (Mid: 38, RC:0)
1782653876: Received PUBLISH from notification_service (d0, q1, r0, m37, 'cardiosense/allarmi', ... (226 bytes))
1782653876: Sending PUBLISH to dashboard_b56115 (d0, q1, r0, m37, 'cardiosense/allarmi', ... (226 bytes))
1782653876: Sending PUBACK to notification_service (m37, rc0)
1782653876: Received PUBACK from dashboard_b56115 (Mid: 37, RC:0)
1782653877: Received PUBLISH from cardiosense_simulator (d0, q1, r0, m39, 'cardiosense/dati', ... (2279 bytes))
1782653877: Sending PUBLISH to cardiosense_subscriber (d0, q1, r0, m39, 'cardiosense/dati', ... (2279 bytes))
1782653877: Sending PUBACK to cardiosense_simulator (m39, rc0)
1782653877: Received PUBACK from cardiosense_subscriber (Mid: 39, RC:0)
1782653877: Received PUBLISH from notification_service (d0, q1, r0, m38, 'cardiosense/allarmi', ... (225 bytes))
1782653877: Sending PUBLISH to dashboard_b56115 (d0, q1, r0, m38, 'cardiosense/allarmi', ... (225 bytes))
1782653877: Sending PUBACK to notification_service (m38, rc0)
1782653877: Received PUBACK from dashboard_b56115 (Mid: 38, RC:0)
1782653878: Received PUBLISH from cardiosense_simulator (d0, q1, r0, m40, 'cardiosense/dati', ... (2264 bytes))
1782653878: Sending PUBLISH to cardiosense_subscriber (d0, q1, r0, m40, 'cardiosense/dati', ... (2264 bytes))
1782653878: Sending PUBACK to cardiosense_simulator (m40, rc0)
1782653878: Received PUBLISH from notification_service (d0, q1, r0, m39, 'cardiosense/allarmi', ... (226 bytes))
1782653878: Sending PUBLISH to dashboard_b56115 (d0, q1, r0, m39, 'cardiosense/allarmi', ... (226 bytes))
1782653878: Sending PUBACK to notification_service (m39, rc0)
1782653878: Received PUBACK from cardiosense_subscriber (Mid: 40, RC:0)
1782653878: Received PUBACK from dashboard_b56115 (Mid: 39, RC:0)
1782653879: Received PUBLISH from cardiosense_simulator (d0, q1, r0, m41, 'cardiosense/dati', ... (2278 bytes))
1782653879: Sending PUBLISH to cardiosense_subscriber (d0, q1, r0, m41, 'cardiosense/dati', ... (2278 bytes))
1782653879: Sending PUBACK to cardiosense_simulator (m41, rc0)
1782653879: Received PUBACK from cardiosense_subscriber (Mid: 41, RC:0)
1782653879: Received PUBLISH from notification_service (d0, q1, r0, m40, 'cardiosense/allarmi', ... (226 bytes))
1782653879: Sending PUBLISH to dashboard_b56115 (d0, q1, r0, m40, 'cardiosense/allarmi', ... (226 bytes))
1782653879: Sending PUBACK to notification_service (m40, rc0)
1782653879: Received PUBACK from dashboard_b56115 (Mid: 40, RC:0)
1782653880: Received DISCONNECT from cardiosense_simulator
1782653880: Client cardiosense_simulator disconnected.
1782653915: Received PINGREQ from cardiosense_subscriber
1782653915: Sending PINGRESP to cardiosense_subscriber
1782653915: Received PINGREQ from notification_service
1782653915: Sending PINGRESP to notification_service
1782653934: Received PINGREQ from dashboard_b56115
1782653934: Sending PINGRESP to dashboard_b56115
1782653976: Received PINGREQ from cardiosense_subscriber
1782653976: Sending PINGRESP to cardiosense_subscriber
1782653976: Received PINGREQ from notification_service
1782653976: Sending PINGRESP to notification_service
1782653994: Received PINGREQ from dashboard_b56115
1782653994: Sending PINGRESP to dashboard_b56115
1782654036: Received PINGREQ from cardiosense_subscriber
1782654036: Sending PINGRESP to cardiosense_subscriber
1782654036: Received PINGREQ from notification_service
1782654036: Sending PINGRESP to notification_service
1782654054: Received PINGREQ from dashboard_b56115
1782654054: Sending PINGRESP to dashboard_b56115
1782654097: Received PINGREQ from notification_service
1782654097: Sending PINGRESP to notification_service
1782654097: Received PINGREQ from cardiosense_subscriber
1782654097: Sending PINGRESP to cardiosense_subscriber
1782654111: Client dashboard_b56115 closed its connection.
1782654136: Received DISCONNECT from cardiosense_subscriber
1782654136: Client cardiosense_subscriber disconnected.
1782654137: Client notification_service closed its connection.
1782654147: New connection from 172.18.0.1:46408 on port 1883.
1782654147: New client connected from 172.18.0.1:46408 as notification_service (p2, c1, k60).
1782654147: No will message specified.
1782654147: Sending CONNACK to notification_service (0, 0)
1782654147: New connection from 172.18.0.1:46420 on port 1883.
1782654147: New client connected from 172.18.0.1:46420 as cardiosense_subscriber (p2, c1, k60).
1782654147: No will message specified.
1782654147: Sending CONNACK to cardiosense_subscriber (0, 0)
1782654147: Received SUBSCRIBE from cardiosense_subscriber
1782654147: 	cardiosense/dati (QoS 1)
1782654147: cardiosense_subscriber 1 cardiosense/dati
1782654147: Sending SUBACK to cardiosense_subscriber
1782654185: Received DISCONNECT from cardiosense_subscriber
1782654185: Client cardiosense_subscriber disconnected.
1782654186: Client notification_service closed its connection.
1782654198: New connection from 172.18.0.1:43020 on port 1883.
1782654198: New client connected from 172.18.0.1:43020 as notification_service (p2, c1, k60).
1782654198: No will message specified.
1782654198: Sending CONNACK to notification_service (0, 0)
1782654198: New connection from 172.18.0.1:43034 on port 1883.
1782654198: New client connected from 172.18.0.1:43034 as cardiosense_subscriber (p2, c1, k60).
1782654198: No will message specified.
1782654198: Sending CONNACK to cardiosense_subscriber (0, 0)
1782654198: Received SUBSCRIBE from cardiosense_subscriber
1782654198: 	cardiosense/dati (QoS 1)
1782654198: cardiosense_subscriber 1 cardiosense/dati
1782654198: Sending SUBACK to cardiosense_subscriber
1782654259: Received PINGREQ from cardiosense_subscriber
1782654259: Sending PINGRESP to cardiosense_subscriber
1782654259: Received PINGREQ from notification_service
1782654259: Sending PINGRESP to notification_service
1782654294: New client connected from 172.18.0.1:48274 as dashboard_77c705 (p2, c1, k60).
1782654294: No will message specified.
1782654294: Sending CONNACK to dashboard_77c705 (0, 0)
1782654294: Received SUBSCRIBE from dashboard_77c705
1782654294: 	cardiosense/allarmi (QoS 1)
1782654294: dashboard_77c705 1 cardiosense/allarmi
1782654294: Sending SUBACK to dashboard_77c705
1782654319: Received PINGREQ from cardiosense_subscriber
1782654319: Sending PINGRESP to cardiosense_subscriber
1782654319: Received PINGREQ from notification_service
1782654319: Sending PINGRESP to notification_service
1782654354: Received PINGREQ from dashboard_77c705
1782654354: Sending PINGRESP to dashboard_77c705
1782654380: Received PINGREQ from cardiosense_subscriber
1782654380: Sending PINGRESP to cardiosense_subscriber
1782654380: Client dashboard_77c705 closed its connection.
1782654380: Received PINGREQ from notification_service
1782654380: Sending PINGRESP to notification_service
1782654380: New client connected from 172.18.0.1:50996 as dashboard_35f0e1 (p2, c1, k60).
1782654380: No will message specified.
1782654380: Sending CONNACK to dashboard_35f0e1 (0, 0)
1782654380: Received SUBSCRIBE from dashboard_35f0e1
1782654380: 	cardiosense/allarmi (QoS 1)
1782654380: dashboard_35f0e1 1 cardiosense/allarmi
1782654380: Sending SUBACK to dashboard_35f0e1
1782654390: New connection from 172.18.0.1:53230 on port 1883.
1782654390: New client connected from 172.18.0.1:53230 as cardiosense_simulator (p2, c1, k60).
1782654390: No will message specified.
1782654390: Sending CONNACK to cardiosense_simulator (0, 0)
1782654390: Received PUBLISH from cardiosense_simulator (d0, q1, r0, m1, 'cardiosense/dati', ... (2263 bytes))
1782654390: Sending PUBLISH to cardiosense_subscriber (d0, q1, r0, m1, 'cardiosense/dati', ... (2263 bytes))
1782654390: Sending PUBACK to cardiosense_simulator (m1, rc0)
1782654390: Received PUBLISH from notification_service (d0, q1, r0, m1, 'cardiosense/allarmi', ... (226 bytes))
1782654390: Sending PUBLISH to dashboard_35f0e1 (d0, q1, r0, m1, 'cardiosense/allarmi', ... (226 bytes))
1782654390: Sending PUBACK to notification_service (m1, rc0)
1782654390: Received PUBACK from cardiosense_subscriber (Mid: 1, RC:0)
1782654390: Received PUBACK from dashboard_35f0e1 (Mid: 1, RC:0)
1782654391: Received PUBLISH from cardiosense_simulator (d0, q1, r0, m2, 'cardiosense/dati', ... (2277 bytes))
1782654391: Sending PUBLISH to cardiosense_subscriber (d0, q1, r0, m2, 'cardiosense/dati', ... (2277 bytes))
1782654391: Sending PUBACK to cardiosense_simulator (m2, rc0)
1782654391: Received PUBACK from cardiosense_subscriber (Mid: 2, RC:0)
1782654391: Received PUBLISH from notification_service (d0, q1, r0, m2, 'cardiosense/allarmi', ... (225 bytes))
1782654391: Sending PUBLISH to dashboard_35f0e1 (d0, q1, r0, m2, 'cardiosense/allarmi', ... (225 bytes))
1782654391: Sending PUBACK to notification_service (m2, rc0)
1782654391: Received PUBACK from dashboard_35f0e1 (Mid: 2, RC:0)
1782654392: Received PUBLISH from cardiosense_simulator (d0, q1, r0, m3, 'cardiosense/dati', ... (2290 bytes))
1782654392: Sending PUBLISH to cardiosense_subscriber (d0, q1, r0, m3, 'cardiosense/dati', ... (2290 bytes))
1782654392: Sending PUBACK to cardiosense_simulator (m3, rc0)
1782654392: Received PUBACK from cardiosense_subscriber (Mid: 3, RC:0)
1782654392: Received PUBLISH from notification_service (d0, q1, r0, m3, 'cardiosense/allarmi', ... (225 bytes))
1782654392: Sending PUBLISH to dashboard_35f0e1 (d0, q1, r0, m3, 'cardiosense/allarmi', ... (225 bytes))
1782654392: Sending PUBACK to notification_service (m3, rc0)
1782654392: Received PUBACK from dashboard_35f0e1 (Mid: 3, RC:0)
1782654393: Received PUBLISH from cardiosense_simulator (d0, q1, r0, m4, 'cardiosense/dati', ... (2255 bytes))
1782654393: Sending PUBLISH to cardiosense_subscriber (d0, q1, r0, m4, 'cardiosense/dati', ... (2255 bytes))
1782654393: Sending PUBACK to cardiosense_simulator (m4, rc0)
1782654393: Received PUBLISH from notification_service (d0, q1, r0, m4, 'cardiosense/allarmi', ... (226 bytes))
1782654393: Sending PUBLISH to dashboard_35f0e1 (d0, q1, r0, m4, 'cardiosense/allarmi', ... (226 bytes))
1782654393: Sending PUBACK to notification_service (m4, rc0)
1782654393: Received PUBACK from cardiosense_subscriber (Mid: 4, RC:0)
1782654393: Received PUBACK from dashboard_35f0e1 (Mid: 4, RC:0)
1782654394: Received PUBLISH from cardiosense_simulator (d0, q1, r0, m5, 'cardiosense/dati', ... (2274 bytes))
1782654394: Sending PUBLISH to cardiosense_subscriber (d0, q1, r0, m5, 'cardiosense/dati', ... (2274 bytes))
1782654394: Sending PUBACK to cardiosense_simulator (m5, rc0)
1782654394: Received PUBLISH from notification_service (d0, q1, r0, m5, 'cardiosense/allarmi', ... (226 bytes))
1782654394: Sending PUBLISH to dashboard_35f0e1 (d0, q1, r0, m5, 'cardiosense/allarmi', ... (226 bytes))
1782654394: Sending PUBACK to notification_service (m5, rc0)
1782654394: Received PUBACK from cardiosense_subscriber (Mid: 5, RC:0)
1782654394: Received PUBACK from dashboard_35f0e1 (Mid: 5, RC:0)
1782654395: Received PUBLISH from cardiosense_simulator (d0, q1, r0, m6, 'cardiosense/dati', ... (2259 bytes))
1782654395: Sending PUBLISH to cardiosense_subscriber (d0, q1, r0, m6, 'cardiosense/dati', ... (2259 bytes))
1782654395: Sending PUBACK to cardiosense_simulator (m6, rc0)
1782654395: Received PUBACK from cardiosense_subscriber (Mid: 6, RC:0)
1782654395: Received PUBLISH from notification_service (d0, q1, r0, m6, 'cardiosense/allarmi', ... (225 bytes))
1782654395: Sending PUBLISH to dashboard_35f0e1 (d0, q1, r0, m6, 'cardiosense/allarmi', ... (225 bytes))
1782654395: Sending PUBACK to notification_service (m6, rc0)
1782654395: Received PUBACK from dashboard_35f0e1 (Mid: 6, RC:0)
1782654396: Received PUBLISH from cardiosense_simulator (d0, q1, r0, m7, 'cardiosense/dati', ... (2253 bytes))
1782654396: Sending PUBLISH to cardiosense_subscriber (d0, q1, r0, m7, 'cardiosense/dati', ... (2253 bytes))
1782654396: Sending PUBACK to cardiosense_simulator (m7, rc0)
1782654396: Received PUBLISH from notification_service (d0, q1, r0, m7, 'cardiosense/allarmi', ... (226 bytes))
1782654396: Sending PUBLISH to dashboard_35f0e1 (d0, q1, r0, m7, 'cardiosense/allarmi', ... (226 bytes))
1782654396: Sending PUBACK to notification_service (m7, rc0)
1782654396: Received PUBACK from cardiosense_subscriber (Mid: 7, RC:0)
1782654396: Received PUBACK from dashboard_35f0e1 (Mid: 7, RC:0)
1782654397: Received PUBLISH from cardiosense_simulator (d0, q1, r0, m8, 'cardiosense/dati', ... (2268 bytes))
1782654397: Sending PUBLISH to cardiosense_subscriber (d0, q1, r0, m8, 'cardiosense/dati', ... (2268 bytes))
1782654397: Sending PUBACK to cardiosense_simulator (m8, rc0)
1782654397: Received PUBLISH from notification_service (d0, q1, r0, m8, 'cardiosense/allarmi', ... (225 bytes))
1782654397: Sending PUBLISH to dashboard_35f0e1 (d0, q1, r0, m8, 'cardiosense/allarmi', ... (225 bytes))
1782654397: Sending PUBACK to notification_service (m8, rc0)
1782654397: Received PUBACK from cardiosense_subscriber (Mid: 8, RC:0)
1782654397: Received PUBACK from dashboard_35f0e1 (Mid: 8, RC:0)
1782654398: Received DISCONNECT from cardiosense_simulator
1782654398: Client cardiosense_simulator disconnected.
1782654433: New connection from 172.18.0.1:52492 on port 1883.
1782654433: New client connected from 172.18.0.1:52492 as cardiosense_simulator (p2, c1, k60).
1782654433: No will message specified.
1782654433: Sending CONNACK to cardiosense_simulator (0, 0)
1782654433: Received PUBLISH from cardiosense_simulator (d0, q1, r0, m1, 'cardiosense/dati', ... (2248 bytes))
1782654433: Sending PUBLISH to cardiosense_subscriber (d0, q1, r0, m9, 'cardiosense/dati', ... (2248 bytes))
1782654433: Sending PUBACK to cardiosense_simulator (m1, rc0)
1782654433: Received PUBACK from cardiosense_subscriber (Mid: 9, RC:0)
1782654434: Received PUBLISH from cardiosense_simulator (d0, q1, r0, m2, 'cardiosense/dati', ... (2252 bytes))
1782654434: Sending PUBLISH to cardiosense_subscriber (d0, q1, r0, m10, 'cardiosense/dati', ... (2252 bytes))
1782654434: Sending PUBACK to cardiosense_simulator (m2, rc0)
1782654434: Received PUBLISH from notification_service (d0, q1, r0, m9, 'cardiosense/allarmi', ... (226 bytes))
1782654434: Sending PUBLISH to dashboard_35f0e1 (d0, q1, r0, m9, 'cardiosense/allarmi', ... (226 bytes))
1782654434: Sending PUBACK to notification_service (m9, rc0)
1782654434: Received PUBACK from cardiosense_subscriber (Mid: 10, RC:0)
1782654434: Received PUBACK from dashboard_35f0e1 (Mid: 9, RC:0)
1782654435: Received PUBLISH from cardiosense_simulator (d0, q1, r0, m3, 'cardiosense/dati', ... (2277 bytes))
1782654435: Sending PUBLISH to cardiosense_subscriber (d0, q1, r0, m11, 'cardiosense/dati', ... (2277 bytes))
1782654435: Sending PUBACK to cardiosense_simulator (m3, rc0)
1782654435: Received PUBLISH from notification_service (d0, q1, r0, m10, 'cardiosense/allarmi', ... (225 bytes))
1782654435: Sending PUBLISH to dashboard_35f0e1 (d0, q1, r0, m10, 'cardiosense/allarmi', ... (225 bytes))
1782654435: Sending PUBACK to notification_service (m10, rc0)
1782654435: Received PUBACK from cardiosense_subscriber (Mid: 11, RC:0)
1782654435: Received PUBACK from dashboard_35f0e1 (Mid: 10, RC:0)
1782654436: Received PUBLISH from cardiosense_simulator (d0, q1, r0, m4, 'cardiosense/dati', ... (2268 bytes))
1782654436: Sending PUBLISH to cardiosense_subscriber (d0, q1, r0, m12, 'cardiosense/dati', ... (2268 bytes))
1782654436: Sending PUBACK to cardiosense_simulator (m4, rc0)
1782654436: Received PUBACK from cardiosense_subscriber (Mid: 12, RC:0)
1782654436: Received PUBLISH from notification_service (d0, q1, r0, m11, 'cardiosense/allarmi', ... (225 bytes))
1782654436: Sending PUBLISH to dashboard_35f0e1 (d0, q1, r0, m11, 'cardiosense/allarmi', ... (225 bytes))
1782654436: Sending PUBACK to notification_service (m11, rc0)
1782654436: Received PUBACK from dashboard_35f0e1 (Mid: 11, RC:0)
1782654437: Received DISCONNECT from cardiosense_simulator
1782654437: Client cardiosense_simulator disconnected.
1782654440: Received PINGREQ from cardiosense_subscriber
1782654440: Sending PINGRESP to cardiosense_subscriber
1782654440: Received PINGREQ from notification_service
1782654440: Sending PINGRESP to notification_service
1782654440: Received PINGREQ from dashboard_35f0e1
1782654440: Sending PINGRESP to dashboard_35f0e1
1782654453: New connection from 172.18.0.1:59814 on port 1883.
1782654453: New client connected from 172.18.0.1:59814 as cardiosense_simulator (p2, c1, k60).
1782654453: No will message specified.
1782654453: Sending CONNACK to cardiosense_simulator (0, 0)
1782654453: Received PUBLISH from cardiosense_simulator (d0, q1, r0, m1, 'cardiosense/dati', ... (2259 bytes))
1782654453: Sending PUBLISH to cardiosense_subscriber (d0, q1, r0, m13, 'cardiosense/dati', ... (2259 bytes))
1782654453: Sending PUBACK to cardiosense_simulator (m1, rc0)
1782654453: Received PUBLISH from notification_service (d0, q1, r0, m12, 'cardiosense/allarmi', ... (225 bytes))
1782654453: Sending PUBLISH to dashboard_35f0e1 (d0, q1, r0, m12, 'cardiosense/allarmi', ... (225 bytes))
1782654453: Sending PUBACK to notification_service (m12, rc0)
1782654453: Received PUBACK from cardiosense_subscriber (Mid: 13, RC:0)
1782654453: Received PUBACK from dashboard_35f0e1 (Mid: 12, RC:0)
1782654454: Received PUBLISH from cardiosense_simulator (d0, q1, r0, m2, 'cardiosense/dati', ... (2263 bytes))
1782654454: Sending PUBLISH to cardiosense_subscriber (d0, q1, r0, m14, 'cardiosense/dati', ... (2263 bytes))
1782654454: Sending PUBACK to cardiosense_simulator (m2, rc0)
1782654454: Received PUBACK from cardiosense_subscriber (Mid: 14, RC:0)
1782654454: Received PUBLISH from notification_service (d0, q1, r0, m13, 'cardiosense/allarmi', ... (225 bytes))
1782654454: Sending PUBLISH to dashboard_35f0e1 (d0, q1, r0, m13, 'cardiosense/allarmi', ... (225 bytes))
1782654454: Sending PUBACK to notification_service (m13, rc0)
1782654454: Received PUBACK from dashboard_35f0e1 (Mid: 13, RC:0)
1782654455: Received PUBLISH from cardiosense_simulator (d0, q1, r0, m3, 'cardiosense/dati', ... (2257 bytes))
1782654455: Sending PUBLISH to cardiosense_subscriber (d0, q1, r0, m15, 'cardiosense/dati', ... (2257 bytes))
1782654455: Sending PUBACK to cardiosense_simulator (m3, rc0)
1782654455: Received PUBLISH from notification_service (d0, q1, r0, m14, 'cardiosense/allarmi', ... (226 bytes))
1782654455: Sending PUBLISH to dashboard_35f0e1 (d0, q1, r0, m14, 'cardiosense/allarmi', ... (226 bytes))
1782654455: Sending PUBACK to notification_service (m14, rc0)
1782654455: Received PUBACK from cardiosense_subscriber (Mid: 15, RC:0)
1782654455: Received PUBACK from dashboard_35f0e1 (Mid: 14, RC:0)
1782654456: Received PUBLISH from cardiosense_simulator (d0, q1, r0, m4, 'cardiosense/dati', ... (2259 bytes))
1782654456: Sending PUBLISH to cardiosense_subscriber (d0, q1, r0, m16, 'cardiosense/dati', ... (2259 bytes))
1782654456: Sending PUBACK to cardiosense_simulator (m4, rc0)
1782654456: Received PUBACK from cardiosense_subscriber (Mid: 16, RC:0)
1782654456: Received PUBLISH from notification_service (d0, q1, r0, m15, 'cardiosense/allarmi', ... (225 bytes))
1782654456: Sending PUBLISH to dashboard_35f0e1 (d0, q1, r0, m15, 'cardiosense/allarmi', ... (225 bytes))
1782654456: Sending PUBACK to notification_service (m15, rc0)
1782654456: Received PUBACK from dashboard_35f0e1 (Mid: 15, RC:0)
1782654457: Received PUBLISH from cardiosense_simulator (d0, q1, r0, m5, 'cardiosense/dati', ... (2264 bytes))
1782654457: Sending PUBLISH to cardiosense_subscriber (d0, q1, r0, m17, 'cardiosense/dati', ... (2264 bytes))
1782654457: Sending PUBACK to cardiosense_simulator (m5, rc0)
1782654457: Received PUBLISH from notification_service (d0, q1, r0, m16, 'cardiosense/allarmi', ... (226 bytes))
1782654457: Sending PUBLISH to dashboard_35f0e1 (d0, q1, r0, m16, 'cardiosense/allarmi', ... (226 bytes))
1782654457: Sending PUBACK to notification_service (m16, rc0)
1782654457: Received PUBACK from cardiosense_subscriber (Mid: 17, RC:0)
1782654457: Received PUBACK from dashboard_35f0e1 (Mid: 16, RC:0)
1782654458: Received PUBLISH from cardiosense_simulator (d0, q1, r0, m6, 'cardiosense/dati', ... (2280 bytes))
1782654458: Sending PUBLISH to cardiosense_subscriber (d0, q1, r0, m18, 'cardiosense/dati', ... (2280 bytes))
1782654458: Sending PUBACK to cardiosense_simulator (m6, rc0)
1782654458: Received PUBLISH from notification_service (d0, q1, r0, m17, 'cardiosense/allarmi', ... (226 bytes))
1782654458: Sending PUBLISH to dashboard_35f0e1 (d0, q1, r0, m17, 'cardiosense/allarmi', ... (226 bytes))
1782654458: Sending PUBACK to notification_service (m17, rc0)
1782654458: Received PUBACK from cardiosense_subscriber (Mid: 18, RC:0)
1782654458: Received PUBACK from dashboard_35f0e1 (Mid: 17, RC:0)
1782654459: Received PUBLISH from cardiosense_simulator (d0, q1, r0, m7, 'cardiosense/dati', ... (2273 bytes))
1782654459: Sending PUBLISH to cardiosense_subscriber (d0, q1, r0, m19, 'cardiosense/dati', ... (2273 bytes))
1782654459: Sending PUBACK to cardiosense_simulator (m7, rc0)
1782654459: Received PUBACK from cardiosense_subscriber (Mid: 19, RC:0)
1782654459: Received PUBLISH from notification_service (d0, q1, r0, m18, 'cardiosense/allarmi', ... (226 bytes))
1782654459: Sending PUBLISH to dashboard_35f0e1 (d0, q1, r0, m18, 'cardiosense/allarmi', ... (226 bytes))
1782654459: Sending PUBACK to notification_service (m18, rc0)
1782654459: Received PUBACK from dashboard_35f0e1 (Mid: 18, RC:0)
1782654460: Received PUBLISH from cardiosense_simulator (d0, q1, r0, m8, 'cardiosense/dati', ... (2280 bytes))
1782654460: Sending PUBLISH to cardiosense_subscriber (d0, q1, r0, m20, 'cardiosense/dati', ... (2280 bytes))
1782654460: Sending PUBACK to cardiosense_simulator (m8, rc0)
1782654460: Received PUBACK from cardiosense_subscriber (Mid: 20, RC:0)
1782654460: Received PUBLISH from notification_service (d0, q1, r0, m19, 'cardiosense/allarmi', ... (225 bytes))
1782654460: Sending PUBLISH to dashboard_35f0e1 (d0, q1, r0, m19, 'cardiosense/allarmi', ... (225 bytes))
1782654460: Sending PUBACK to notification_service (m19, rc0)
1782654460: Received PUBACK from dashboard_35f0e1 (Mid: 19, RC:0)
1782654461: Received PUBLISH from cardiosense_simulator (d0, q1, r0, m9, 'cardiosense/dati', ... (2265 bytes))
1782654461: Sending PUBLISH to cardiosense_subscriber (d0, q1, r0, m21, 'cardiosense/dati', ... (2265 bytes))
1782654461: Sending PUBACK to cardiosense_simulator (m9, rc0)
1782654461: Received PUBACK from cardiosense_subscriber (Mid: 21, RC:0)
1782654461: Received PUBLISH from notification_service (d0, q1, r0, m20, 'cardiosense/allarmi', ... (225 bytes))
1782654461: Sending PUBLISH to dashboard_35f0e1 (d0, q1, r0, m20, 'cardiosense/allarmi', ... (225 bytes))
1782654461: Sending PUBACK to notification_service (m20, rc0)
1782654461: Received PUBACK from dashboard_35f0e1 (Mid: 20, RC:0)
1782654462: Received PUBLISH from cardiosense_simulator (d0, q1, r0, m10, 'cardiosense/dati', ... (2276 bytes))
1782654462: Sending PUBLISH to cardiosense_subscriber (d0, q1, r0, m22, 'cardiosense/dati', ... (2276 bytes))
1782654462: Sending PUBACK to cardiosense_simulator (m10, rc0)
1782654462: Received PUBLISH from notification_service (d0, q1, r0, m21, 'cardiosense/allarmi', ... (226 bytes))
1782654462: Sending PUBLISH to dashboard_35f0e1 (d0, q1, r0, m21, 'cardiosense/allarmi', ... (226 bytes))
1782654462: Sending PUBACK to notification_service (m21, rc0)
1782654462: Received PUBACK from cardiosense_subscriber (Mid: 22, RC:0)
1782654462: Received PUBACK from dashboard_35f0e1 (Mid: 21, RC:0)
1782654463: Received PUBLISH from cardiosense_simulator (d0, q1, r0, m11, 'cardiosense/dati', ... (2266 bytes))
1782654463: Sending PUBLISH to cardiosense_subscriber (d0, q1, r0, m23, 'cardiosense/dati', ... (2266 bytes))
1782654463: Sending PUBACK to cardiosense_simulator (m11, rc0)
1782654463: Received PUBACK from cardiosense_subscriber (Mid: 23, RC:0)
1782654463: Received PUBLISH from notification_service (d0, q1, r0, m22, 'cardiosense/allarmi', ... (225 bytes))
1782654463: Sending PUBLISH to dashboard_35f0e1 (d0, q1, r0, m22, 'cardiosense/allarmi', ... (225 bytes))
1782654463: Sending PUBACK to notification_service (m22, rc0)
1782654463: Received PUBACK from dashboard_35f0e1 (Mid: 22, RC:0)
1782654464: Received PUBLISH from cardiosense_simulator (d0, q1, r0, m12, 'cardiosense/dati', ... (2287 bytes))
1782654464: Sending PUBLISH to cardiosense_subscriber (d0, q1, r0, m24, 'cardiosense/dati', ... (2287 bytes))
1782654464: Sending PUBACK to cardiosense_simulator (m12, rc0)
1782654464: Received PUBACK from cardiosense_subscriber (Mid: 24, RC:0)
1782654464: Received PUBLISH from notification_service (d0, q1, r0, m23, 'cardiosense/allarmi', ... (226 bytes))
1782654464: Sending PUBLISH to dashboard_35f0e1 (d0, q1, r0, m23, 'cardiosense/allarmi', ... (226 bytes))
1782654464: Sending PUBACK to notification_service (m23, rc0)
1782654464: Received PUBACK from dashboard_35f0e1 (Mid: 23, RC:0)
1782654465: Received PUBLISH from cardiosense_simulator (d0, q1, r0, m13, 'cardiosense/dati', ... (2285 bytes))
1782654465: Sending PUBLISH to cardiosense_subscriber (d0, q1, r0, m25, 'cardiosense/dati', ... (2285 bytes))
1782654465: Sending PUBACK to cardiosense_simulator (m13, rc0)
1782654465: Received PUBLISH from notification_service (d0, q1, r0, m24, 'cardiosense/allarmi', ... (225 bytes))
1782654465: Sending PUBLISH to dashboard_35f0e1 (d0, q1, r0, m24, 'cardiosense/allarmi', ... (225 bytes))
1782654465: Sending PUBACK to notification_service (m24, rc0)
1782654465: Received PUBACK from cardiosense_subscriber (Mid: 25, RC:0)
1782654465: Received PUBACK from dashboard_35f0e1 (Mid: 24, RC:0)
1782654466: Received PUBLISH from cardiosense_simulator (d0, q1, r0, m14, 'cardiosense/dati', ... (2273 bytes))
1782654466: Sending PUBLISH to cardiosense_subscriber (d0, q1, r0, m26, 'cardiosense/dati', ... (2273 bytes))
1782654466: Sending PUBACK to cardiosense_simulator (m14, rc0)
1782654466: Received PUBACK from cardiosense_subscriber (Mid: 26, RC:0)
1782654466: Received PUBLISH from notification_service (d0, q1, r0, m25, 'cardiosense/allarmi', ... (225 bytes))
1782654466: Sending PUBLISH to dashboard_35f0e1 (d0, q1, r0, m25, 'cardiosense/allarmi', ... (225 bytes))
1782654466: Sending PUBACK to notification_service (m25, rc0)
1782654466: Received PUBACK from dashboard_35f0e1 (Mid: 25, RC:0)
1782654467: Received PUBLISH from cardiosense_simulator (d0, q1, r0, m15, 'cardiosense/dati', ... (2265 bytes))
1782654467: Sending PUBLISH to cardiosense_subscriber (d0, q1, r0, m27, 'cardiosense/dati', ... (2265 bytes))
1782654467: Sending PUBACK to cardiosense_simulator (m15, rc0)
1782654467: Received PUBACK from cardiosense_subscriber (Mid: 27, RC:0)
1782654467: Received PUBLISH from notification_service (d0, q1, r0, m26, 'cardiosense/allarmi', ... (226 bytes))
1782654467: Sending PUBLISH to dashboard_35f0e1 (d0, q1, r0, m26, 'cardiosense/allarmi', ... (226 bytes))
1782654467: Sending PUBACK to notification_service (m26, rc0)
1782654467: Received PUBACK from dashboard_35f0e1 (Mid: 26, RC:0)
1782654468: Received PUBLISH from cardiosense_simulator (d0, q1, r0, m16, 'cardiosense/dati', ... (2257 bytes))
1782654468: Sending PUBLISH to cardiosense_subscriber (d0, q1, r0, m28, 'cardiosense/dati', ... (2257 bytes))
1782654468: Sending PUBACK to cardiosense_simulator (m16, rc0)
1782654468: Received PUBACK from cardiosense_subscriber (Mid: 28, RC:0)
1782654468: Received PUBLISH from notification_service (d0, q1, r0, m27, 'cardiosense/allarmi', ... (226 bytes))
1782654468: Sending PUBLISH to dashboard_35f0e1 (d0, q1, r0, m27, 'cardiosense/allarmi', ... (226 bytes))
1782654468: Sending PUBACK to notification_service (m27, rc0)
1782654468: Received PUBACK from dashboard_35f0e1 (Mid: 27, RC:0)
1782654469: Received PUBLISH from cardiosense_simulator (d0, q1, r0, m17, 'cardiosense/dati', ... (2275 bytes))
1782654469: Sending PUBLISH to cardiosense_subscriber (d0, q1, r0, m29, 'cardiosense/dati', ... (2275 bytes))
1782654469: Sending PUBACK to cardiosense_simulator (m17, rc0)
1782654469: Received PUBACK from cardiosense_subscriber (Mid: 29, RC:0)
1782654469: Received PUBLISH from notification_service (d0, q1, r0, m28, 'cardiosense/allarmi', ... (225 bytes))
1782654469: Sending PUBLISH to dashboard_35f0e1 (d0, q1, r0, m28, 'cardiosense/allarmi', ... (225 bytes))
1782654469: Sending PUBACK to notification_service (m28, rc0)
1782654469: Received PUBACK from dashboard_35f0e1 (Mid: 28, RC:0)
1782654470: Received PUBLISH from cardiosense_simulator (d0, q1, r0, m18, 'cardiosense/dati', ... (2278 bytes))
1782654470: Sending PUBLISH to cardiosense_subscriber (d0, q1, r0, m30, 'cardiosense/dati', ... (2278 bytes))
1782654470: Sending PUBACK to cardiosense_simulator (m18, rc0)
1782654470: Received PUBACK from cardiosense_subscriber (Mid: 30, RC:0)
1782654470: Received PUBLISH from notification_service (d0, q1, r0, m29, 'cardiosense/allarmi', ... (225 bytes))
1782654470: Sending PUBLISH to dashboard_35f0e1 (d0, q1, r0, m29, 'cardiosense/allarmi', ... (225 bytes))
1782654470: Sending PUBACK to notification_service (m29, rc0)
1782654470: Received PUBACK from dashboard_35f0e1 (Mid: 29, RC:0)
1782654471: Received PUBLISH from cardiosense_simulator (d0, q1, r0, m19, 'cardiosense/dati', ... (2282 bytes))
1782654471: Sending PUBLISH to cardiosense_subscriber (d0, q1, r0, m31, 'cardiosense/dati', ... (2282 bytes))
1782654471: Sending PUBACK to cardiosense_simulator (m19, rc0)
1782654471: Received PUBACK from cardiosense_subscriber (Mid: 31, RC:0)
1782654471: Received PUBLISH from notification_service (d0, q1, r0, m30, 'cardiosense/allarmi', ... (225 bytes))
1782654471: Sending PUBLISH to dashboard_35f0e1 (d0, q1, r0, m30, 'cardiosense/allarmi', ... (225 bytes))
1782654471: Sending PUBACK to notification_service (m30, rc0)
1782654471: Received PUBACK from dashboard_35f0e1 (Mid: 30, RC:0)
1782654472: Received PUBLISH from cardiosense_simulator (d0, q1, r0, m20, 'cardiosense/dati', ... (2274 bytes))
1782654472: Sending PUBLISH to cardiosense_subscriber (d0, q1, r0, m32, 'cardiosense/dati', ... (2274 bytes))
1782654472: Sending PUBACK to cardiosense_simulator (m20, rc0)
1782654472: Received PUBACK from cardiosense_subscriber (Mid: 32, RC:0)
1782654472: Received PUBLISH from notification_service (d0, q1, r0, m31, 'cardiosense/allarmi', ... (225 bytes))
1782654472: Sending PUBLISH to dashboard_35f0e1 (d0, q1, r0, m31, 'cardiosense/allarmi', ... (225 bytes))
1782654472: Sending PUBACK to notification_service (m31, rc0)
1782654472: Received PUBACK from dashboard_35f0e1 (Mid: 31, RC:0)
1782654473: Received PUBLISH from cardiosense_simulator (d0, q1, r0, m21, 'cardiosense/dati', ... (2273 bytes))
1782654473: Sending PUBLISH to cardiosense_subscriber (d0, q1, r0, m33, 'cardiosense/dati', ... (2273 bytes))
1782654473: Sending PUBACK to cardiosense_simulator (m21, rc0)
1782654473: Received PUBACK from cardiosense_subscriber (Mid: 33, RC:0)
1782654473: Received PUBLISH from notification_service (d0, q1, r0, m32, 'cardiosense/allarmi', ... (225 bytes))
1782654473: Sending PUBLISH to dashboard_35f0e1 (d0, q1, r0, m32, 'cardiosense/allarmi', ... (225 bytes))
1782654473: Sending PUBACK to notification_service (m32, rc0)
1782654473: Received PUBACK from dashboard_35f0e1 (Mid: 32, RC:0)
1782654474: Received PUBLISH from cardiosense_simulator (d0, q1, r0, m22, 'cardiosense/dati', ... (2270 bytes))
1782654474: Sending PUBLISH to cardiosense_subscriber (d0, q1, r0, m34, 'cardiosense/dati', ... (2270 bytes))
1782654474: Sending PUBACK to cardiosense_simulator (m22, rc0)
1782654474: Received PUBACK from cardiosense_subscriber (Mid: 34, RC:0)
1782654474: Received PUBLISH from notification_service (d0, q1, r0, m33, 'cardiosense/allarmi', ... (226 bytes))
1782654474: Sending PUBLISH to dashboard_35f0e1 (d0, q1, r0, m33, 'cardiosense/allarmi', ... (226 bytes))
1782654474: Sending PUBACK to notification_service (m33, rc0)
1782654474: Received PUBACK from dashboard_35f0e1 (Mid: 33, RC:0)
1782654475: Received PUBLISH from cardiosense_simulator (d0, q1, r0, m23, 'cardiosense/dati', ... (2282 bytes))
1782654475: Sending PUBLISH to cardiosense_subscriber (d0, q1, r0, m35, 'cardiosense/dati', ... (2282 bytes))
1782654475: Sending PUBACK to cardiosense_simulator (m23, rc0)
1782654475: Received PUBACK from cardiosense_subscriber (Mid: 35, RC:0)
1782654475: Received PUBLISH from notification_service (d0, q1, r0, m34, 'cardiosense/allarmi', ... (226 bytes))
1782654475: Sending PUBLISH to dashboard_35f0e1 (d0, q1, r0, m34, 'cardiosense/allarmi', ... (226 bytes))
1782654475: Sending PUBACK to notification_service (m34, rc0)
1782654475: Received PUBACK from dashboard_35f0e1 (Mid: 34, RC:0)
1782654476: Received PUBLISH from cardiosense_simulator (d0, q1, r0, m24, 'cardiosense/dati', ... (2270 bytes))
1782654476: Sending PUBLISH to cardiosense_subscriber (d0, q1, r0, m36, 'cardiosense/dati', ... (2270 bytes))
1782654476: Sending PUBACK to cardiosense_simulator (m24, rc0)
1782654476: Received PUBACK from cardiosense_subscriber (Mid: 36, RC:0)
1782654476: Received PUBLISH from notification_service (d0, q1, r0, m35, 'cardiosense/allarmi', ... (225 bytes))
1782654476: Sending PUBLISH to dashboard_35f0e1 (d0, q1, r0, m35, 'cardiosense/allarmi', ... (225 bytes))
1782654476: Sending PUBACK to notification_service (m35, rc0)
1782654476: Received PUBACK from dashboard_35f0e1 (Mid: 35, RC:0)
1782654477: Received PUBLISH from cardiosense_simulator (d0, q1, r0, m25, 'cardiosense/dati', ... (2266 bytes))
1782654477: Sending PUBLISH to cardiosense_subscriber (d0, q1, r0, m37, 'cardiosense/dati', ... (2266 bytes))
1782654477: Sending PUBACK to cardiosense_simulator (m25, rc0)
1782654477: Received PUBACK from cardiosense_subscriber (Mid: 37, RC:0)
1782654477: Received PUBLISH from notification_service (d0, q1, r0, m36, 'cardiosense/allarmi', ... (225 bytes))
1782654477: Sending PUBLISH to dashboard_35f0e1 (d0, q1, r0, m36, 'cardiosense/allarmi', ... (225 bytes))
1782654477: Sending PUBACK to notification_service (m36, rc0)
1782654477: Received PUBACK from dashboard_35f0e1 (Mid: 36, RC:0)
1782654478: Received PUBLISH from cardiosense_simulator (d0, q1, r0, m26, 'cardiosense/dati', ... (2260 bytes))
1782654478: Sending PUBLISH to cardiosense_subscriber (d0, q1, r0, m38, 'cardiosense/dati', ... (2260 bytes))
1782654478: Sending PUBACK to cardiosense_simulator (m26, rc0)
1782654478: Received PUBACK from cardiosense_subscriber (Mid: 38, RC:0)
1782654478: Received PUBLISH from notification_service (d0, q1, r0, m37, 'cardiosense/allarmi', ... (225 bytes))
1782654478: Sending PUBLISH to dashboard_35f0e1 (d0, q1, r0, m37, 'cardiosense/allarmi', ... (225 bytes))
1782654478: Sending PUBACK to notification_service (m37, rc0)
1782654478: Received PUBACK from dashboard_35f0e1 (Mid: 37, RC:0)
1782654479: Received PUBLISH from cardiosense_simulator (d0, q1, r0, m27, 'cardiosense/dati', ... (2248 bytes))
1782654479: Sending PUBLISH to cardiosense_subscriber (d0, q1, r0, m39, 'cardiosense/dati', ... (2248 bytes))
1782654479: Sending PUBACK to cardiosense_simulator (m27, rc0)
1782654479: Received PUBACK from cardiosense_subscriber (Mid: 39, RC:0)
1782654479: Received PUBLISH from notification_service (d0, q1, r0, m38, 'cardiosense/allarmi', ... (225 bytes))
1782654479: Sending PUBLISH to dashboard_35f0e1 (d0, q1, r0, m38, 'cardiosense/allarmi', ... (225 bytes))
1782654479: Sending PUBACK to notification_service (m38, rc0)
1782654479: Received PUBACK from dashboard_35f0e1 (Mid: 38, RC:0)
1782654480: Received PUBLISH from cardiosense_simulator (d0, q1, r0, m28, 'cardiosense/dati', ... (2279 bytes))
1782654480: Sending PUBLISH to cardiosense_subscriber (d0, q1, r0, m40, 'cardiosense/dati', ... (2279 bytes))
1782654480: Sending PUBACK to cardiosense_simulator (m28, rc0)
1782654480: Received PUBLISH from notification_service (d0, q1, r0, m39, 'cardiosense/allarmi', ... (225 bytes))
1782654480: Sending PUBLISH to dashboard_35f0e1 (d0, q1, r0, m39, 'cardiosense/allarmi', ... (225 bytes))
1782654480: Sending PUBACK to notification_service (m39, rc0)
1782654480: Received PUBACK from cardiosense_subscriber (Mid: 40, RC:0)
1782654480: Received PUBACK from dashboard_35f0e1 (Mid: 39, RC:0)
1782654481: Received PUBLISH from cardiosense_simulator (d0, q1, r0, m29, 'cardiosense/dati', ... (2268 bytes))
1782654481: Sending PUBLISH to cardiosense_subscriber (d0, q1, r0, m41, 'cardiosense/dati', ... (2268 bytes))
1782654481: Sending PUBACK to cardiosense_simulator (m29, rc0)
1782654481: Received PUBACK from cardiosense_subscriber (Mid: 41, RC:0)
1782654481: Received PUBLISH from notification_service (d0, q1, r0, m40, 'cardiosense/allarmi', ... (225 bytes))
1782654481: Sending PUBLISH to dashboard_35f0e1 (d0, q1, r0, m40, 'cardiosense/allarmi', ... (225 bytes))
1782654481: Sending PUBACK to notification_service (m40, rc0)
1782654481: Received PUBACK from dashboard_35f0e1 (Mid: 40, RC:0)
1782654482: Received PUBLISH from cardiosense_simulator (d0, q1, r0, m30, 'cardiosense/dati', ... (2277 bytes))
1782654482: Sending PUBLISH to cardiosense_subscriber (d0, q1, r0, m42, 'cardiosense/dati', ... (2277 bytes))
1782654482: Sending PUBACK to cardiosense_simulator (m30, rc0)
1782654482: Received PUBACK from cardiosense_subscriber (Mid: 42, RC:0)
1782654482: Received PUBLISH from notification_service (d0, q1, r0, m41, 'cardiosense/allarmi', ... (226 bytes))
1782654482: Sending PUBLISH to dashboard_35f0e1 (d0, q1, r0, m41, 'cardiosense/allarmi', ... (226 bytes))
1782654482: Sending PUBACK to notification_service (m41, rc0)
1782654482: Received PUBACK from dashboard_35f0e1 (Mid: 41, RC:0)
1782654483: Received PUBLISH from cardiosense_simulator (d0, q1, r0, m31, 'cardiosense/dati', ... (2261 bytes))
1782654483: Sending PUBLISH to cardiosense_subscriber (d0, q1, r0, m43, 'cardiosense/dati', ... (2261 bytes))
1782654483: Sending PUBACK to cardiosense_simulator (m31, rc0)
1782654483: Received PUBLISH from notification_service (d0, q1, r0, m42, 'cardiosense/allarmi', ... (226 bytes))
1782654483: Sending PUBLISH to dashboard_35f0e1 (d0, q1, r0, m42, 'cardiosense/allarmi', ... (226 bytes))
1782654483: Sending PUBACK to notification_service (m42, rc0)
1782654483: Received PUBACK from cardiosense_subscriber (Mid: 43, RC:0)
1782654483: Received PUBACK from dashboard_35f0e1 (Mid: 42, RC:0)
1782654484: Received PUBLISH from cardiosense_simulator (d0, q1, r0, m32, 'cardiosense/dati', ... (2246 bytes))
1782654484: Sending PUBLISH to cardiosense_subscriber (d0, q1, r0, m44, 'cardiosense/dati', ... (2246 bytes))
1782654484: Sending PUBACK to cardiosense_simulator (m32, rc0)
1782654484: Received PUBLISH from notification_service (d0, q1, r0, m43, 'cardiosense/allarmi', ... (225 bytes))
1782654484: Sending PUBLISH to dashboard_35f0e1 (d0, q1, r0, m43, 'cardiosense/allarmi', ... (225 bytes))
1782654484: Sending PUBACK to notification_service (m43, rc0)
1782654484: Received PUBACK from cardiosense_subscriber (Mid: 44, RC:0)
1782654484: Received PUBACK from dashboard_35f0e1 (Mid: 43, RC:0)
1782654485: Received PUBLISH from cardiosense_simulator (d0, q1, r0, m33, 'cardiosense/dati', ... (2244 bytes))
1782654485: Sending PUBLISH to cardiosense_subscriber (d0, q1, r0, m45, 'cardiosense/dati', ... (2244 bytes))
1782654485: Sending PUBACK to cardiosense_simulator (m33, rc0)
1782654485: Received PUBLISH from notification_service (d0, q1, r0, m44, 'cardiosense/allarmi', ... (226 bytes))
1782654485: Sending PUBLISH to dashboard_35f0e1 (d0, q1, r0, m44, 'cardiosense/allarmi', ... (226 bytes))
1782654485: Sending PUBACK to notification_service (m44, rc0)
1782654485: Received PUBACK from cardiosense_subscriber (Mid: 45, RC:0)
1782654485: Received PUBACK from dashboard_35f0e1 (Mid: 44, RC:0)
1782654486: Received PUBLISH from cardiosense_simulator (d0, q1, r0, m34, 'cardiosense/dati', ... (2270 bytes))
1782654486: Sending PUBLISH to cardiosense_subscriber (d0, q1, r0, m46, 'cardiosense/dati', ... (2270 bytes))
1782654486: Sending PUBACK to cardiosense_simulator (m34, rc0)
1782654486: Received PUBLISH from notification_service (d0, q1, r0, m45, 'cardiosense/allarmi', ... (226 bytes))
1782654486: Sending PUBLISH to dashboard_35f0e1 (d0, q1, r0, m45, 'cardiosense/allarmi', ... (226 bytes))
1782654486: Sending PUBACK to notification_service (m45, rc0)
1782654486: Received PUBACK from cardiosense_subscriber (Mid: 46, RC:0)
1782654486: Received PUBACK from dashboard_35f0e1 (Mid: 45, RC:0)
1782654487: Received DISCONNECT from cardiosense_simulator
1782654487: Client cardiosense_simulator disconnected.
1782654500: Received PINGREQ from dashboard_35f0e1
1782654500: Sending PINGRESP to dashboard_35f0e1
1782654501: Received PINGREQ from cardiosense_subscriber
1782654501: Sending PINGRESP to cardiosense_subscriber
1782654501: Received PINGREQ from notification_service
1782654501: Sending PINGRESP to notification_service
1782654512: Saving in-memory database to /mosquitto/data//mosquitto.db.
1782654560: Received PINGREQ from dashboard_35f0e1
1782654560: Sending PINGRESP to dashboard_35f0e1
1782654561: Received PINGREQ from notification_service
1782654561: Sending PINGRESP to notification_service
1782654561: Received PINGREQ from cardiosense_subscriber
1782654561: Sending PINGRESP to cardiosense_subscriber
1782654620: Received PINGREQ from dashboard_35f0e1
1782654620: Sending PINGRESP to dashboard_35f0e1
1782654622: Received PINGREQ from cardiosense_subscriber
1782654622: Sending PINGRESP to cardiosense_subscriber
1782654622: Received PINGREQ from notification_service
1782654622: Sending PINGRESP to notification_service
1782654681: Received PINGREQ from dashboard_35f0e1
1782654681: Sending PINGRESP to dashboard_35f0e1
1782654682: Received PINGREQ from notification_service
1782654682: Sending PINGRESP to notification_service
1782654682: Received PINGREQ from cardiosense_subscriber
1782654682: Sending PINGRESP to cardiosense_subscriber
1782654741: Received PINGREQ from dashboard_35f0e1
1782654741: Sending PINGRESP to dashboard_35f0e1
1782654743: Received PINGREQ from cardiosense_subscriber
1782654743: Sending PINGRESP to cardiosense_subscriber
1782654743: Received PINGREQ from notification_service
1782654743: Sending PINGRESP to notification_service
1782654801: Received PINGREQ from dashboard_35f0e1
1782654801: Sending PINGRESP to dashboard_35f0e1
1782654803: Received PINGREQ from cardiosense_subscriber
1782654803: Sending PINGRESP to cardiosense_subscriber
1782654803: Received PINGREQ from notification_service
1782654803: Sending PINGRESP to notification_service
1782654861: Received PINGREQ from dashboard_35f0e1
1782654861: Sending PINGRESP to dashboard_35f0e1
1782654863: Received PINGREQ from cardiosense_subscriber
1782654863: Sending PINGRESP to cardiosense_subscriber
1782654863: Received PINGREQ from notification_service
1782654863: Sending PINGRESP to notification_service
1782654921: Received PINGREQ from dashboard_35f0e1
1782654921: Sending PINGRESP to dashboard_35f0e1
1782654924: Received PINGREQ from notification_service
1782654924: Sending PINGRESP to notification_service
1782654924: Received PINGREQ from cardiosense_subscriber
1782654924: Sending PINGRESP to cardiosense_subscriber
1782654981: Received PINGREQ from dashboard_35f0e1
1782654981: Sending PINGRESP to dashboard_35f0e1
1782654984: Received PINGREQ from cardiosense_subscriber
1782654984: Sending PINGRESP to cardiosense_subscriber
1782654984: Received PINGREQ from notification_service
1782654984: Sending PINGRESP to notification_service
1782655041: Received PINGREQ from dashboard_35f0e1
1782655041: Sending PINGRESP to dashboard_35f0e1
1782655045: Received PINGREQ from cardiosense_subscriber
1782655045: Sending PINGRESP to cardiosense_subscriber
1782655045: Received PINGREQ from notification_service
1782655045: Sending PINGRESP to notification_service
1782655101: Received PINGREQ from dashboard_35f0e1
1782655101: Sending PINGRESP to dashboard_35f0e1
1782655105: Received PINGREQ from cardiosense_subscriber
1782655105: Sending PINGRESP to cardiosense_subscriber
1782655105: Received PINGREQ from notification_service
1782655105: Sending PINGRESP to notification_service
1782655161: Received PINGREQ from dashboard_35f0e1
1782655161: Sending PINGRESP to dashboard_35f0e1
1782655166: Received PINGREQ from notification_service
1782655166: Sending PINGRESP to notification_service
1782655166: Received PINGREQ from cardiosense_subscriber
1782655166: Sending PINGRESP to cardiosense_subscriber
1782655221: Received PINGREQ from dashboard_35f0e1
1782655221: Sending PINGRESP to dashboard_35f0e1
1782655226: Received PINGREQ from cardiosense_subscriber
1782655226: Sending PINGRESP to cardiosense_subscriber
1782655226: Received PINGREQ from notification_service
1782655226: Sending PINGRESP to notification_service
1782655281: Received PINGREQ from dashboard_35f0e1
1782655281: Sending PINGRESP to dashboard_35f0e1
1782655287: Received PINGREQ from cardiosense_subscriber
1782655287: Sending PINGRESP to cardiosense_subscriber
1782655287: Received PINGREQ from notification_service
1782655287: Sending PINGRESP to notification_service
1782655341: Received PINGREQ from dashboard_35f0e1
1782655341: Sending PINGRESP to dashboard_35f0e1
1782655347: Received PINGREQ from cardiosense_subscriber
1782655347: Sending PINGRESP to cardiosense_subscriber
1782655347: Received PINGREQ from notification_service
1782655347: Sending PINGRESP to notification_service
1782655401: Received PINGREQ from dashboard_35f0e1
1782655401: Sending PINGRESP to dashboard_35f0e1
1782655408: Received PINGREQ from cardiosense_subscriber
1782655408: Sending PINGRESP to cardiosense_subscriber
1782655408: Received PINGREQ from notification_service
1782655408: Sending PINGRESP to notification_service
1782655461: Received PINGREQ from dashboard_35f0e1
1782655461: Sending PINGRESP to dashboard_35f0e1
1782655468: Received PINGREQ from cardiosense_subscriber
1782655468: Sending PINGRESP to cardiosense_subscriber
1782655468: Received PINGREQ from notification_service
1782655468: Sending PINGRESP to notification_service
1782655521: Received PINGREQ from dashboard_35f0e1
1782655521: Sending PINGRESP to dashboard_35f0e1
1782655529: Received PINGREQ from cardiosense_subscriber
1782655529: Sending PINGRESP to cardiosense_subscriber
1782655529: Received PINGREQ from notification_service
1782655529: Sending PINGRESP to notification_service
1782655581: Received PINGREQ from dashboard_35f0e1
1782655581: Sending PINGRESP to dashboard_35f0e1
1782655589: Received PINGREQ from cardiosense_subscriber
1782655589: Sending PINGRESP to cardiosense_subscriber
1782655589: Received PINGREQ from notification_service
1782655589: Sending PINGRESP to notification_service
1782655641: Received PINGREQ from dashboard_35f0e1
1782655641: Sending PINGRESP to dashboard_35f0e1
1782655650: Received PINGREQ from cardiosense_subscriber
1782655650: Sending PINGRESP to cardiosense_subscriber
1782655650: Received PINGREQ from notification_service
1782655650: Sending PINGRESP to notification_service
1782655700: New connection from 172.18.0.1:43626 on port 1883.
1782655700: New client connected from 172.18.0.1:43626 as cardiosense_simulator (p2, c1, k60).
1782655700: No will message specified.
1782655700: Sending CONNACK to cardiosense_simulator (0, 0)
1782655700: Received PUBLISH from cardiosense_simulator (d0, q1, r0, m1, 'cardiosense/dati', ... (2256 bytes))
1782655700: Sending PUBLISH to cardiosense_subscriber (d0, q1, r0, m47, 'cardiosense/dati', ... (2256 bytes))
1782655700: Sending PUBACK to cardiosense_simulator (m1, rc0)
1782655700: Received PUBACK from cardiosense_subscriber (Mid: 47, RC:0)
1782655701: Received PINGREQ from dashboard_35f0e1
1782655701: Sending PINGRESP to dashboard_35f0e1
1782655701: Received PUBLISH from cardiosense_simulator (d0, q1, r0, m2, 'cardiosense/dati', ... (2271 bytes))
1782655701: Sending PUBLISH to cardiosense_subscriber (d0, q1, r0, m48, 'cardiosense/dati', ... (2271 bytes))
1782655701: Sending PUBACK to cardiosense_simulator (m2, rc0)
1782655701: Received PUBACK from cardiosense_subscriber (Mid: 48, RC:0)
1782655702: Received PUBLISH from cardiosense_simulator (d0, q1, r0, m3, 'cardiosense/dati', ... (2258 bytes))
1782655702: Sending PUBLISH to cardiosense_subscriber (d0, q1, r0, m49, 'cardiosense/dati', ... (2258 bytes))
1782655702: Sending PUBACK to cardiosense_simulator (m3, rc0)
1782655702: Received PUBACK from cardiosense_subscriber (Mid: 49, RC:0)
1782655703: Received PUBLISH from cardiosense_simulator (d0, q1, r0, m4, 'cardiosense/dati', ... (2252 bytes))
1782655703: Sending PUBLISH to cardiosense_subscriber (d0, q1, r0, m50, 'cardiosense/dati', ... (2252 bytes))
1782655703: Sending PUBACK to cardiosense_simulator (m4, rc0)
1782655703: Received PUBACK from cardiosense_subscriber (Mid: 50, RC:0)
1782655704: Received PUBLISH from cardiosense_simulator (d0, q1, r0, m5, 'cardiosense/dati', ... (2257 bytes))
1782655704: Sending PUBLISH to cardiosense_subscriber (d0, q1, r0, m51, 'cardiosense/dati', ... (2257 bytes))
1782655704: Sending PUBACK to cardiosense_simulator (m5, rc0)
1782655704: Received PUBACK from cardiosense_subscriber (Mid: 51, RC:0)
1782655705: Received PUBLISH from cardiosense_simulator (d0, q1, r0, m6, 'cardiosense/dati', ... (2257 bytes))
1782655705: Sending PUBLISH to cardiosense_subscriber (d0, q1, r0, m52, 'cardiosense/dati', ... (2257 bytes))
1782655705: Sending PUBACK to cardiosense_simulator (m6, rc0)
1782655705: Received PUBACK from cardiosense_subscriber (Mid: 52, RC:0)
1782655706: Received PUBLISH from cardiosense_simulator (d0, q1, r0, m7, 'cardiosense/dati', ... (2270 bytes))
1782655706: Sending PUBLISH to cardiosense_subscriber (d0, q1, r0, m53, 'cardiosense/dati', ... (2270 bytes))
1782655706: Sending PUBACK to cardiosense_simulator (m7, rc0)
1782655706: Received PUBACK from cardiosense_subscriber (Mid: 53, RC:0)
1782655707: Received PUBLISH from cardiosense_simulator (d0, q1, r0, m8, 'cardiosense/dati', ... (2276 bytes))
1782655707: Sending PUBLISH to cardiosense_subscriber (d0, q1, r0, m54, 'cardiosense/dati', ... (2276 bytes))
1782655707: Sending PUBACK to cardiosense_simulator (m8, rc0)
1782655707: Received PUBACK from cardiosense_subscriber (Mid: 54, RC:0)
1782655708: Received PUBLISH from cardiosense_simulator (d0, q1, r0, m9, 'cardiosense/dati', ... (2255 bytes))
1782655708: Sending PUBLISH to cardiosense_subscriber (d0, q1, r0, m55, 'cardiosense/dati', ... (2255 bytes))
1782655708: Sending PUBACK to cardiosense_simulator (m9, rc0)
1782655708: Received PUBACK from cardiosense_subscriber (Mid: 55, RC:0)
1782655709: Received PUBLISH from cardiosense_simulator (d0, q1, r0, m10, 'cardiosense/dati', ... (2265 bytes))
1782655709: Sending PUBLISH to cardiosense_subscriber (d0, q1, r0, m56, 'cardiosense/dati', ... (2265 bytes))
1782655709: Sending PUBACK to cardiosense_simulator (m10, rc0)
1782655709: Received PUBACK from cardiosense_subscriber (Mid: 56, RC:0)
1782655710: Received PUBLISH from cardiosense_simulator (d0, q1, r0, m11, 'cardiosense/dati', ... (2250 bytes))
1782655710: Sending PUBLISH to cardiosense_subscriber (d0, q1, r0, m57, 'cardiosense/dati', ... (2250 bytes))
1782655710: Sending PUBACK to cardiosense_simulator (m11, rc0)
1782655710: Received PUBACK from cardiosense_subscriber (Mid: 57, RC:0)
1782655710: Received PINGREQ from cardiosense_subscriber
1782655710: Sending PINGRESP to cardiosense_subscriber
1782655710: Received PINGREQ from notification_service
1782655710: Sending PINGRESP to notification_service
1782655711: Received PUBLISH from cardiosense_simulator (d0, q1, r0, m12, 'cardiosense/dati', ... (2267 bytes))
1782655711: Sending PUBLISH to cardiosense_subscriber (d0, q1, r0, m58, 'cardiosense/dati', ... (2267 bytes))
1782655711: Sending PUBACK to cardiosense_simulator (m12, rc0)
1782655711: Received PUBACK from cardiosense_subscriber (Mid: 58, RC:0)
1782655712: Received PUBLISH from cardiosense_simulator (d0, q1, r0, m13, 'cardiosense/dati', ... (2265 bytes))
1782655712: Sending PUBLISH to cardiosense_subscriber (d0, q1, r0, m59, 'cardiosense/dati', ... (2265 bytes))
1782655712: Sending PUBACK to cardiosense_simulator (m13, rc0)
1782655712: Received PUBACK from cardiosense_subscriber (Mid: 59, RC:0)
1782655713: Received PUBLISH from cardiosense_simulator (d0, q1, r0, m14, 'cardiosense/dati', ... (2266 bytes))
1782655713: Sending PUBLISH to cardiosense_subscriber (d0, q1, r0, m60, 'cardiosense/dati', ... (2266 bytes))
1782655713: Sending PUBACK to cardiosense_simulator (m14, rc0)
1782655713: Received PUBACK from cardiosense_subscriber (Mid: 60, RC:0)
1782655714: Received PUBLISH from cardiosense_simulator (d0, q1, r0, m15, 'cardiosense/dati', ... (2266 bytes))
1782655714: Sending PUBLISH to cardiosense_subscriber (d0, q1, r0, m61, 'cardiosense/dati', ... (2266 bytes))
1782655714: Sending PUBACK to cardiosense_simulator (m15, rc0)
1782655714: Received PUBACK from cardiosense_subscriber (Mid: 61, RC:0)
1782655715: Received PUBLISH from cardiosense_simulator (d0, q1, r0, m16, 'cardiosense/dati', ... (2269 bytes))
1782655715: Sending PUBLISH to cardiosense_subscriber (d0, q1, r0, m62, 'cardiosense/dati', ... (2269 bytes))
1782655715: Sending PUBACK to cardiosense_simulator (m16, rc0)
1782655715: Received PUBACK from cardiosense_subscriber (Mid: 62, RC:0)
1782655716: Received PUBLISH from cardiosense_simulator (d0, q1, r0, m17, 'cardiosense/dati', ... (2272 bytes))
1782655716: Sending PUBLISH to cardiosense_subscriber (d0, q1, r0, m63, 'cardiosense/dati', ... (2272 bytes))
1782655716: Sending PUBACK to cardiosense_simulator (m17, rc0)
1782655716: Received PUBACK from cardiosense_subscriber (Mid: 63, RC:0)
1782655717: Received PUBLISH from cardiosense_simulator (d0, q1, r0, m18, 'cardiosense/dati', ... (2256 bytes))
1782655717: Sending PUBLISH to cardiosense_subscriber (d0, q1, r0, m64, 'cardiosense/dati', ... (2256 bytes))
1782655717: Sending PUBACK to cardiosense_simulator (m18, rc0)
1782655717: Received PUBACK from cardiosense_subscriber (Mid: 64, RC:0)
1782655718: Received PUBLISH from cardiosense_simulator (d0, q1, r0, m19, 'cardiosense/dati', ... (2262 bytes))
1782655718: Sending PUBLISH to cardiosense_subscriber (d0, q1, r0, m65, 'cardiosense/dati', ... (2262 bytes))
1782655718: Sending PUBACK to cardiosense_simulator (m19, rc0)
1782655718: Received PUBACK from cardiosense_subscriber (Mid: 65, RC:0)
1782655719: Received PUBLISH from cardiosense_simulator (d0, q1, r0, m20, 'cardiosense/dati', ... (2286 bytes))
1782655719: Sending PUBLISH to cardiosense_subscriber (d0, q1, r0, m66, 'cardiosense/dati', ... (2286 bytes))
1782655719: Sending PUBACK to cardiosense_simulator (m20, rc0)
1782655719: Received PUBACK from cardiosense_subscriber (Mid: 66, RC:0)
1782655720: Received PUBLISH from cardiosense_simulator (d0, q1, r0, m21, 'cardiosense/dati', ... (2264 bytes))
1782655720: Sending PUBLISH to cardiosense_subscriber (d0, q1, r0, m67, 'cardiosense/dati', ... (2264 bytes))
1782655720: Sending PUBACK to cardiosense_simulator (m21, rc0)
1782655720: Received PUBACK from cardiosense_subscriber (Mid: 67, RC:0)
1782655721: Received PUBLISH from cardiosense_simulator (d0, q1, r0, m22, 'cardiosense/dati', ... (2271 bytes))
1782655721: Sending PUBLISH to cardiosense_subscriber (d0, q1, r0, m68, 'cardiosense/dati', ... (2271 bytes))
1782655721: Sending PUBACK to cardiosense_simulator (m22, rc0)
1782655721: Received PUBACK from cardiosense_subscriber (Mid: 68, RC:0)
1782655722: Received PUBLISH from cardiosense_simulator (d0, q1, r0, m23, 'cardiosense/dati', ... (2275 bytes))
1782655722: Sending PUBLISH to cardiosense_subscriber (d0, q1, r0, m69, 'cardiosense/dati', ... (2275 bytes))
1782655722: Sending PUBACK to cardiosense_simulator (m23, rc0)
1782655722: Received PUBACK from cardiosense_subscriber (Mid: 69, RC:0)
1782655723: Received PUBLISH from cardiosense_simulator (d0, q1, r0, m24, 'cardiosense/dati', ... (2252 bytes))
1782655723: Sending PUBLISH to cardiosense_subscriber (d0, q1, r0, m70, 'cardiosense/dati', ... (2252 bytes))
1782655723: Sending PUBACK to cardiosense_simulator (m24, rc0)
1782655723: Received PUBACK from cardiosense_subscriber (Mid: 70, RC:0)
1782655724: Received PUBLISH from cardiosense_simulator (d0, q1, r0, m25, 'cardiosense/dati', ... (2257 bytes))
1782655724: Sending PUBLISH to cardiosense_subscriber (d0, q1, r0, m71, 'cardiosense/dati', ... (2257 bytes))
1782655724: Sending PUBACK to cardiosense_simulator (m25, rc0)
1782655724: Received PUBACK from cardiosense_subscriber (Mid: 71, RC:0)
1782655725: Received PUBLISH from cardiosense_simulator (d0, q1, r0, m26, 'cardiosense/dati', ... (2273 bytes))
1782655725: Sending PUBLISH to cardiosense_subscriber (d0, q1, r0, m72, 'cardiosense/dati', ... (2273 bytes))
1782655725: Sending PUBACK to cardiosense_simulator (m26, rc0)
1782655725: Received PUBACK from cardiosense_subscriber (Mid: 72, RC:0)
1782655726: Received PUBLISH from cardiosense_simulator (d0, q1, r0, m27, 'cardiosense/dati', ... (2276 bytes))
1782655726: Sending PUBLISH to cardiosense_subscriber (d0, q1, r0, m73, 'cardiosense/dati', ... (2276 bytes))
1782655726: Sending PUBACK to cardiosense_simulator (m27, rc0)
1782655726: Received PUBACK from cardiosense_subscriber (Mid: 73, RC:0)
1782655727: Received PUBLISH from cardiosense_simulator (d0, q1, r0, m28, 'cardiosense/dati', ... (2257 bytes))
1782655727: Sending PUBLISH to cardiosense_subscriber (d0, q1, r0, m74, 'cardiosense/dati', ... (2257 bytes))
1782655727: Sending PUBACK to cardiosense_simulator (m28, rc0)
1782655727: Received PUBACK from cardiosense_subscriber (Mid: 74, RC:0)
1782655728: Received PUBLISH from cardiosense_simulator (d0, q1, r0, m29, 'cardiosense/dati', ... (2249 bytes))
1782655728: Sending PUBLISH to cardiosense_subscriber (d0, q1, r0, m75, 'cardiosense/dati', ... (2249 bytes))
1782655728: Sending PUBACK to cardiosense_simulator (m29, rc0)
1782655728: Received PUBACK from cardiosense_subscriber (Mid: 75, RC:0)
1782655729: Received PUBLISH from cardiosense_simulator (d0, q1, r0, m30, 'cardiosense/dati', ... (2271 bytes))
1782655729: Sending PUBLISH to cardiosense_subscriber (d0, q1, r0, m76, 'cardiosense/dati', ... (2271 bytes))
1782655729: Sending PUBACK to cardiosense_simulator (m30, rc0)
1782655729: Received PUBACK from cardiosense_subscriber (Mid: 76, RC:0)
1782655730: Received PUBLISH from cardiosense_simulator (d0, q1, r0, m31, 'cardiosense/dati', ... (2256 bytes))
1782655730: Sending PUBLISH to cardiosense_subscriber (d0, q1, r0, m77, 'cardiosense/dati', ... (2256 bytes))
1782655730: Sending PUBACK to cardiosense_simulator (m31, rc0)
1782655730: Received PUBACK from cardiosense_subscriber (Mid: 77, RC:0)
1782655731: Received PUBLISH from cardiosense_simulator (d0, q1, r0, m32, 'cardiosense/dati', ... (2253 bytes))
1782655731: Sending PUBLISH to cardiosense_subscriber (d0, q1, r0, m78, 'cardiosense/dati', ... (2253 bytes))
1782655731: Sending PUBACK to cardiosense_simulator (m32, rc0)
1782655731: Received PUBACK from cardiosense_subscriber (Mid: 78, RC:0)
1782655732: Received PUBLISH from cardiosense_simulator (d0, q1, r0, m33, 'cardiosense/dati', ... (2260 bytes))
1782655732: Sending PUBLISH to cardiosense_subscriber (d0, q1, r0, m79, 'cardiosense/dati', ... (2260 bytes))
1782655732: Sending PUBACK to cardiosense_simulator (m33, rc0)
1782655732: Received PUBACK from cardiosense_subscriber (Mid: 79, RC:0)
1782655733: Received PUBLISH from cardiosense_simulator (d0, q1, r0, m34, 'cardiosense/dati', ... (2264 bytes))
1782655733: Sending PUBLISH to cardiosense_subscriber (d0, q1, r0, m80, 'cardiosense/dati', ... (2264 bytes))
1782655733: Sending PUBACK to cardiosense_simulator (m34, rc0)
1782655733: Received PUBACK from cardiosense_subscriber (Mid: 80, RC:0)
1782655734: Received PUBLISH from cardiosense_simulator (d0, q1, r0, m35, 'cardiosense/dati', ... (2267 bytes))
1782655734: Sending PUBLISH to cardiosense_subscriber (d0, q1, r0, m81, 'cardiosense/dati', ... (2267 bytes))
1782655734: Sending PUBACK to cardiosense_simulator (m35, rc0)
1782655734: Received PUBACK from cardiosense_subscriber (Mid: 81, RC:0)
1782655735: Received PUBLISH from cardiosense_simulator (d0, q1, r0, m36, 'cardiosense/dati', ... (2280 bytes))
1782655735: Sending PUBLISH to cardiosense_subscriber (d0, q1, r0, m82, 'cardiosense/dati', ... (2280 bytes))
1782655735: Sending PUBACK to cardiosense_simulator (m36, rc0)
1782655735: Received PUBLISH from notification_service (d0, q1, r0, m46, 'cardiosense/allarmi', ... (225 bytes))
1782655735: Sending PUBLISH to dashboard_35f0e1 (d0, q1, r0, m46, 'cardiosense/allarmi', ... (225 bytes))
1782655735: Sending PUBACK to notification_service (m46, rc0)
1782655735: Received PUBACK from cardiosense_subscriber (Mid: 82, RC:0)
1782655735: Received PUBACK from dashboard_35f0e1 (Mid: 46, RC:0)
1782655736: Received PUBLISH from cardiosense_simulator (d0, q1, r0, m37, 'cardiosense/dati', ... (2255 bytes))
1782655736: Sending PUBLISH to cardiosense_subscriber (d0, q1, r0, m83, 'cardiosense/dati', ... (2255 bytes))
1782655736: Sending PUBACK to cardiosense_simulator (m37, rc0)
1782655736: Received PUBACK from cardiosense_subscriber (Mid: 83, RC:0)
1782655736: Received PUBLISH from notification_service (d0, q1, r0, m47, 'cardiosense/allarmi', ... (225 bytes))
1782655736: Sending PUBLISH to dashboard_35f0e1 (d0, q1, r0, m47, 'cardiosense/allarmi', ... (225 bytes))
1782655736: Sending PUBACK to notification_service (m47, rc0)
1782655736: Received PUBACK from dashboard_35f0e1 (Mid: 47, RC:0)
1782655737: Received PUBLISH from cardiosense_simulator (d0, q1, r0, m38, 'cardiosense/dati', ... (2264 bytes))
1782655737: Sending PUBLISH to cardiosense_subscriber (d0, q1, r0, m84, 'cardiosense/dati', ... (2264 bytes))
1782655737: Sending PUBACK to cardiosense_simulator (m38, rc0)
1782655737: Received PUBLISH from notification_service (d0, q1, r0, m48, 'cardiosense/allarmi', ... (225 bytes))
1782655737: Sending PUBLISH to dashboard_35f0e1 (d0, q1, r0, m48, 'cardiosense/allarmi', ... (225 bytes))
1782655737: Sending PUBACK to notification_service (m48, rc0)
1782655737: Received PUBACK from cardiosense_subscriber (Mid: 84, RC:0)
1782655737: Received PUBACK from dashboard_35f0e1 (Mid: 48, RC:0)
1782655738: Received PUBLISH from cardiosense_simulator (d0, q1, r0, m39, 'cardiosense/dati', ... (2266 bytes))
1782655738: Sending PUBLISH to cardiosense_subscriber (d0, q1, r0, m85, 'cardiosense/dati', ... (2266 bytes))
1782655738: Sending PUBACK to cardiosense_simulator (m39, rc0)
1782655738: Received PUBLISH from notification_service (d0, q1, r0, m49, 'cardiosense/allarmi', ... (225 bytes))
1782655738: Sending PUBLISH to dashboard_35f0e1 (d0, q1, r0, m49, 'cardiosense/allarmi', ... (225 bytes))
1782655738: Sending PUBACK to notification_service (m49, rc0)
1782655738: Received PUBACK from cardiosense_subscriber (Mid: 85, RC:0)
1782655738: Received PUBACK from dashboard_35f0e1 (Mid: 49, RC:0)
1782655739: Received PUBLISH from cardiosense_simulator (d0, q1, r0, m40, 'cardiosense/dati', ... (2254 bytes))
1782655739: Sending PUBLISH to cardiosense_subscriber (d0, q1, r0, m86, 'cardiosense/dati', ... (2254 bytes))
1782655739: Sending PUBACK to cardiosense_simulator (m40, rc0)
1782655739: Received PUBLISH from notification_service (d0, q1, r0, m50, 'cardiosense/allarmi', ... (225 bytes))
1782655739: Sending PUBLISH to dashboard_35f0e1 (d0, q1, r0, m50, 'cardiosense/allarmi', ... (225 bytes))
1782655739: Sending PUBACK to notification_service (m50, rc0)
1782655739: Received PUBACK from cardiosense_subscriber (Mid: 86, RC:0)
1782655739: Received PUBACK from dashboard_35f0e1 (Mid: 50, RC:0)
1782655740: Received PUBLISH from cardiosense_simulator (d0, q1, r0, m41, 'cardiosense/dati', ... (2284 bytes))
1782655740: Sending PUBLISH to cardiosense_subscriber (d0, q1, r0, m87, 'cardiosense/dati', ... (2284 bytes))
1782655740: Sending PUBACK to cardiosense_simulator (m41, rc0)
1782655740: Received PUBACK from cardiosense_subscriber (Mid: 87, RC:0)
1782655740: Received PUBLISH from notification_service (d0, q1, r0, m51, 'cardiosense/allarmi', ... (225 bytes))
1782655740: Sending PUBLISH to dashboard_35f0e1 (d0, q1, r0, m51, 'cardiosense/allarmi', ... (225 bytes))
1782655740: Sending PUBACK to notification_service (m51, rc0)
1782655740: Received PUBACK from dashboard_35f0e1 (Mid: 51, RC:0)
1782655741: Received PUBLISH from cardiosense_simulator (d0, q1, r0, m42, 'cardiosense/dati', ... (2257 bytes))
1782655741: Sending PUBLISH to cardiosense_subscriber (d0, q1, r0, m88, 'cardiosense/dati', ... (2257 bytes))
1782655741: Sending PUBACK to cardiosense_simulator (m42, rc0)
1782655741: Received PUBLISH from notification_service (d0, q1, r0, m52, 'cardiosense/allarmi', ... (225 bytes))
1782655741: Sending PUBLISH to dashboard_35f0e1 (d0, q1, r0, m52, 'cardiosense/allarmi', ... (225 bytes))
1782655741: Sending PUBACK to notification_service (m52, rc0)
1782655741: Received PUBACK from cardiosense_subscriber (Mid: 88, RC:0)
1782655741: Received PUBACK from dashboard_35f0e1 (Mid: 52, RC:0)
1782655742: Received PUBLISH from cardiosense_simulator (d0, q1, r0, m43, 'cardiosense/dati', ... (2256 bytes))
1782655742: Sending PUBLISH to cardiosense_subscriber (d0, q1, r0, m89, 'cardiosense/dati', ... (2256 bytes))
1782655742: Sending PUBACK to cardiosense_simulator (m43, rc0)
1782655742: Received PUBACK from cardiosense_subscriber (Mid: 89, RC:0)
1782655742: Received PUBLISH from notification_service (d0, q1, r0, m53, 'cardiosense/allarmi', ... (225 bytes))
1782655742: Sending PUBLISH to dashboard_35f0e1 (d0, q1, r0, m53, 'cardiosense/allarmi', ... (225 bytes))
1782655742: Sending PUBACK to notification_service (m53, rc0)
1782655742: Received PUBACK from dashboard_35f0e1 (Mid: 53, RC:0)
1782655743: Received PUBLISH from cardiosense_simulator (d0, q1, r0, m44, 'cardiosense/dati', ... (2262 bytes))
1782655743: Sending PUBLISH to cardiosense_subscriber (d0, q1, r0, m90, 'cardiosense/dati', ... (2262 bytes))
1782655743: Sending PUBACK to cardiosense_simulator (m44, rc0)
1782655743: Received PUBLISH from notification_service (d0, q1, r0, m54, 'cardiosense/allarmi', ... (225 bytes))
1782655743: Sending PUBLISH to dashboard_35f0e1 (d0, q1, r0, m54, 'cardiosense/allarmi', ... (225 bytes))
1782655743: Sending PUBACK to notification_service (m54, rc0)
1782655743: Received PUBACK from cardiosense_subscriber (Mid: 90, RC:0)
1782655743: Received PUBACK from dashboard_35f0e1 (Mid: 54, RC:0)
1782655744: Received PUBLISH from cardiosense_simulator (d0, q1, r0, m45, 'cardiosense/dati', ... (2281 bytes))
1782655744: Sending PUBLISH to cardiosense_subscriber (d0, q1, r0, m91, 'cardiosense/dati', ... (2281 bytes))
1782655744: Sending PUBACK to cardiosense_simulator (m45, rc0)
1782655744: Received PUBLISH from notification_service (d0, q1, r0, m55, 'cardiosense/allarmi', ... (225 bytes))
1782655744: Sending PUBLISH to dashboard_35f0e1 (d0, q1, r0, m55, 'cardiosense/allarmi', ... (225 bytes))
1782655744: Sending PUBACK to notification_service (m55, rc0)
1782655744: Received PUBACK from cardiosense_subscriber (Mid: 91, RC:0)
1782655744: Received PUBACK from dashboard_35f0e1 (Mid: 55, RC:0)
1782655745: Received PUBLISH from cardiosense_simulator (d0, q1, r0, m46, 'cardiosense/dati', ... (2265 bytes))
1782655745: Sending PUBLISH to cardiosense_subscriber (d0, q1, r0, m92, 'cardiosense/dati', ... (2265 bytes))
1782655745: Sending PUBACK to cardiosense_simulator (m46, rc0)
1782655745: Received PUBACK from cardiosense_subscriber (Mid: 92, RC:0)
1782655745: Received PUBLISH from notification_service (d0, q1, r0, m56, 'cardiosense/allarmi', ... (225 bytes))
1782655745: Sending PUBLISH to dashboard_35f0e1 (d0, q1, r0, m56, 'cardiosense/allarmi', ... (225 bytes))
1782655745: Sending PUBACK to notification_service (m56, rc0)
1782655745: Received PUBACK from dashboard_35f0e1 (Mid: 56, RC:0)
1782655746: Received PUBLISH from cardiosense_simulator (d0, q1, r0, m47, 'cardiosense/dati', ... (2268 bytes))
1782655746: Sending PUBLISH to cardiosense_subscriber (d0, q1, r0, m93, 'cardiosense/dati', ... (2268 bytes))
1782655746: Sending PUBACK to cardiosense_simulator (m47, rc0)
1782655746: Received PUBACK from cardiosense_subscriber (Mid: 93, RC:0)
1782655746: Received PUBLISH from notification_service (d0, q1, r0, m57, 'cardiosense/allarmi', ... (226 bytes))
1782655746: Sending PUBLISH to dashboard_35f0e1 (d0, q1, r0, m57, 'cardiosense/allarmi', ... (226 bytes))
1782655746: Sending PUBACK to notification_service (m57, rc0)
1782655746: Received PUBACK from dashboard_35f0e1 (Mid: 57, RC:0)
1782655747: Received PUBLISH from cardiosense_simulator (d0, q1, r0, m48, 'cardiosense/dati', ... (2258 bytes))
1782655747: Sending PUBLISH to cardiosense_subscriber (d0, q1, r0, m94, 'cardiosense/dati', ... (2258 bytes))
1782655747: Sending PUBACK to cardiosense_simulator (m48, rc0)
1782655747: Received PUBACK from cardiosense_subscriber (Mid: 94, RC:0)
1782655748: Received PUBLISH from cardiosense_simulator (d0, q1, r0, m49, 'cardiosense/dati', ... (2267 bytes))
1782655748: Sending PUBLISH to cardiosense_subscriber (d0, q1, r0, m95, 'cardiosense/dati', ... (2267 bytes))
1782655748: Sending PUBACK to cardiosense_simulator (m49, rc0)
1782655748: Received PUBACK from cardiosense_subscriber (Mid: 95, RC:0)
1782655749: Received PUBLISH from cardiosense_simulator (d0, q1, r0, m50, 'cardiosense/dati', ... (2262 bytes))
1782655749: Sending PUBLISH to cardiosense_subscriber (d0, q1, r0, m96, 'cardiosense/dati', ... (2262 bytes))
1782655749: Sending PUBACK to cardiosense_simulator (m50, rc0)
1782655749: Received PUBACK from cardiosense_subscriber (Mid: 96, RC:0)
1782655750: Received PUBLISH from cardiosense_simulator (d0, q1, r0, m51, 'cardiosense/dati', ... (2277 bytes))
1782655750: Sending PUBLISH to cardiosense_subscriber (d0, q1, r0, m97, 'cardiosense/dati', ... (2277 bytes))
1782655750: Sending PUBACK to cardiosense_simulator (m51, rc0)
1782655750: Received PUBACK from cardiosense_subscriber (Mid: 97, RC:0)
1782655751: Received PUBLISH from cardiosense_simulator (d0, q1, r0, m52, 'cardiosense/dati', ... (2256 bytes))
1782655751: Sending PUBLISH to cardiosense_subscriber (d0, q1, r0, m98, 'cardiosense/dati', ... (2256 bytes))
1782655751: Sending PUBACK to cardiosense_simulator (m52, rc0)
1782655751: Received PUBACK from cardiosense_subscriber (Mid: 98, RC:0)
1782655752: Received PUBLISH from cardiosense_simulator (d0, q1, r0, m53, 'cardiosense/dati', ... (2249 bytes))
1782655752: Sending PUBLISH to cardiosense_subscriber (d0, q1, r0, m99, 'cardiosense/dati', ... (2249 bytes))
1782655752: Sending PUBACK to cardiosense_simulator (m53, rc0)
1782655752: Received PUBACK from cardiosense_subscriber (Mid: 99, RC:0)
1782655753: Received PUBLISH from cardiosense_simulator (d0, q1, r0, m54, 'cardiosense/dati', ... (2255 bytes))
1782655753: Sending PUBLISH to cardiosense_subscriber (d0, q1, r0, m100, 'cardiosense/dati', ... (2255 bytes))
1782655753: Sending PUBACK to cardiosense_simulator (m54, rc0)
1782655753: Received PUBACK from cardiosense_subscriber (Mid: 100, RC:0)
1782655754: Received PUBLISH from cardiosense_simulator (d0, q1, r0, m55, 'cardiosense/dati', ... (2269 bytes))
1782655754: Sending PUBLISH to cardiosense_subscriber (d0, q1, r0, m101, 'cardiosense/dati', ... (2269 bytes))
1782655754: Sending PUBACK to cardiosense_simulator (m55, rc0)
1782655754: Received PUBACK from cardiosense_subscriber (Mid: 101, RC:0)
1782655755: Received PUBLISH from cardiosense_simulator (d0, q1, r0, m56, 'cardiosense/dati', ... (2256 bytes))
1782655755: Sending PUBLISH to cardiosense_subscriber (d0, q1, r0, m102, 'cardiosense/dati', ... (2256 bytes))
1782655755: Sending PUBACK to cardiosense_simulator (m56, rc0)
1782655755: Received PUBACK from cardiosense_subscriber (Mid: 102, RC:0)
1782655756: Received PUBLISH from cardiosense_simulator (d0, q1, r0, m57, 'cardiosense/dati', ... (2276 bytes))
1782655756: Sending PUBLISH to cardiosense_subscriber (d0, q1, r0, m103, 'cardiosense/dati', ... (2276 bytes))
1782655756: Sending PUBACK to cardiosense_simulator (m57, rc0)
1782655756: Received PUBACK from cardiosense_subscriber (Mid: 103, RC:0)
1782655757: Received PUBLISH from cardiosense_simulator (d0, q1, r0, m58, 'cardiosense/dati', ... (2258 bytes))
1782655757: Sending PUBLISH to cardiosense_subscriber (d0, q1, r0, m104, 'cardiosense/dati', ... (2258 bytes))
1782655757: Sending PUBACK to cardiosense_simulator (m58, rc0)
1782655757: Received PUBACK from cardiosense_subscriber (Mid: 104, RC:0)
1782655758: Received PUBLISH from cardiosense_simulator (d0, q1, r0, m59, 'cardiosense/dati', ... (2270 bytes))
1782655758: Sending PUBLISH to cardiosense_subscriber (d0, q1, r0, m105, 'cardiosense/dati', ... (2270 bytes))
1782655758: Sending PUBACK to cardiosense_simulator (m59, rc0)
1782655758: Received PUBACK from cardiosense_subscriber (Mid: 105, RC:0)
1782655759: Received PUBLISH from cardiosense_simulator (d0, q1, r0, m60, 'cardiosense/dati', ... (2267 bytes))
1782655759: Sending PUBLISH to cardiosense_subscriber (d0, q1, r0, m106, 'cardiosense/dati', ... (2267 bytes))
1782655759: Sending PUBACK to cardiosense_simulator (m60, rc0)
1782655759: Received PUBACK from cardiosense_subscriber (Mid: 106, RC:0)
1782655760: Received PUBLISH from cardiosense_simulator (d0, q1, r0, m61, 'cardiosense/dati', ... (2255 bytes))
1782655760: Sending PUBLISH to cardiosense_subscriber (d0, q1, r0, m107, 'cardiosense/dati', ... (2255 bytes))
1782655760: Sending PUBACK to cardiosense_simulator (m61, rc0)
1782655760: Received PINGREQ from cardiosense_simulator
1782655760: Sending PINGRESP to cardiosense_simulator
1782655760: Received PUBACK from cardiosense_subscriber (Mid: 107, RC:0)
1782655761: Received PINGREQ from dashboard_35f0e1
1782655761: Sending PINGRESP to dashboard_35f0e1
1782655761: Received PUBLISH from cardiosense_simulator (d0, q1, r0, m62, 'cardiosense/dati', ... (2258 bytes))
1782655761: Sending PUBLISH to cardiosense_subscriber (d0, q1, r0, m108, 'cardiosense/dati', ... (2258 bytes))
1782655761: Sending PUBACK to cardiosense_simulator (m62, rc0)
1782655761: Received PUBACK from cardiosense_subscriber (Mid: 108, RC:0)
1782655762: Received PUBLISH from cardiosense_simulator (d0, q1, r0, m63, 'cardiosense/dati', ... (2264 bytes))
1782655762: Sending PUBLISH to cardiosense_subscriber (d0, q1, r0, m109, 'cardiosense/dati', ... (2264 bytes))
1782655762: Sending PUBACK to cardiosense_simulator (m63, rc0)
1782655762: Received PUBACK from cardiosense_subscriber (Mid: 109, RC:0)
1782655763: Received PUBLISH from cardiosense_simulator (d0, q1, r0, m64, 'cardiosense/dati', ... (2247 bytes))
1782655763: Sending PUBLISH to cardiosense_subscriber (d0, q1, r0, m110, 'cardiosense/dati', ... (2247 bytes))
1782655763: Sending PUBACK to cardiosense_simulator (m64, rc0)
1782655763: Received PUBACK from cardiosense_subscriber (Mid: 110, RC:0)
1782655764: Received PUBLISH from cardiosense_simulator (d0, q1, r0, m65, 'cardiosense/dati', ... (2256 bytes))
1782655764: Sending PUBLISH to cardiosense_subscriber (d0, q1, r0, m111, 'cardiosense/dati', ... (2256 bytes))
1782655764: Sending PUBACK to cardiosense_simulator (m65, rc0)
1782655764: Received PUBACK from cardiosense_subscriber (Mid: 111, RC:0)
1782655765: Received PUBLISH from cardiosense_simulator (d0, q1, r0, m66, 'cardiosense/dati', ... (2261 bytes))
1782655765: Sending PUBLISH to cardiosense_subscriber (d0, q1, r0, m112, 'cardiosense/dati', ... (2261 bytes))
1782655765: Sending PUBACK to cardiosense_simulator (m66, rc0)
1782655765: Received PUBACK from cardiosense_subscriber (Mid: 112, RC:0)
1782655766: Received PUBLISH from cardiosense_simulator (d0, q1, r0, m67, 'cardiosense/dati', ... (2266 bytes))
1782655766: Sending PUBLISH to cardiosense_subscriber (d0, q1, r0, m113, 'cardiosense/dati', ... (2266 bytes))
1782655766: Sending PUBACK to cardiosense_simulator (m67, rc0)
1782655766: Received PUBACK from cardiosense_subscriber (Mid: 113, RC:0)
1782655767: Received PUBLISH from cardiosense_simulator (d0, q1, r0, m68, 'cardiosense/dati', ... (2255 bytes))
1782655767: Sending PUBLISH to cardiosense_subscriber (d0, q1, r0, m114, 'cardiosense/dati', ... (2255 bytes))
1782655767: Sending PUBACK to cardiosense_simulator (m68, rc0)
1782655767: Received PUBACK from cardiosense_subscriber (Mid: 114, RC:0)
1782655768: Received PUBLISH from cardiosense_simulator (d0, q1, r0, m69, 'cardiosense/dati', ... (2266 bytes))
1782655768: Sending PUBLISH to cardiosense_subscriber (d0, q1, r0, m115, 'cardiosense/dati', ... (2266 bytes))
1782655768: Sending PUBACK to cardiosense_simulator (m69, rc0)
1782655768: Received PUBLISH from notification_service (d0, q1, r0, m58, 'cardiosense/allarmi', ... (230 bytes))
1782655768: Sending PUBLISH to dashboard_35f0e1 (d0, q1, r0, m58, 'cardiosense/allarmi', ... (230 bytes))
1782655768: Sending PUBACK to notification_service (m58, rc0)
1782655768: Received PUBACK from cardiosense_subscriber (Mid: 115, RC:0)
1782655768: Received PUBACK from dashboard_35f0e1 (Mid: 58, RC:0)
1782655769: Received PUBLISH from cardiosense_simulator (d0, q1, r0, m70, 'cardiosense/dati', ... (2257 bytes))
1782655769: Sending PUBLISH to cardiosense_subscriber (d0, q1, r0, m116, 'cardiosense/dati', ... (2257 bytes))
1782655769: Sending PUBACK to cardiosense_simulator (m70, rc0)
1782655769: Received PUBACK from cardiosense_subscriber (Mid: 116, RC:0)
1782655770: Received PUBLISH from cardiosense_simulator (d0, q1, r0, m71, 'cardiosense/dati', ... (2274 bytes))
1782655770: Sending PUBLISH to cardiosense_subscriber (d0, q1, r0, m117, 'cardiosense/dati', ... (2274 bytes))
1782655770: Sending PUBACK to cardiosense_simulator (m71, rc0)
1782655770: Received PUBACK from cardiosense_subscriber (Mid: 117, RC:0)
1782655770: Received PINGREQ from cardiosense_subscriber
1782655770: Sending PINGRESP to cardiosense_subscriber
1782655771: Received PUBLISH from cardiosense_simulator (d0, q1, r0, m72, 'cardiosense/dati', ... (2251 bytes))
1782655771: Sending PUBLISH to cardiosense_subscriber (d0, q1, r0, m118, 'cardiosense/dati', ... (2251 bytes))
1782655771: Sending PUBACK to cardiosense_simulator (m72, rc0)
1782655771: Received PUBACK from cardiosense_subscriber (Mid: 118, RC:0)
1782655771: Received PINGREQ from notification_service
1782655771: Sending PINGRESP to notification_service
1782655772: Received PUBLISH from cardiosense_simulator (d0, q1, r0, m73, 'cardiosense/dati', ... (2262 bytes))
1782655772: Sending PUBLISH to cardiosense_subscriber (d0, q1, r0, m119, 'cardiosense/dati', ... (2262 bytes))
1782655772: Sending PUBACK to cardiosense_simulator (m73, rc0)
1782655772: Received PUBACK from cardiosense_subscriber (Mid: 119, RC:0)
1782655773: Received PUBLISH from cardiosense_simulator (d0, q1, r0, m74, 'cardiosense/dati', ... (2267 bytes))
1782655773: Sending PUBLISH to cardiosense_subscriber (d0, q1, r0, m120, 'cardiosense/dati', ... (2267 bytes))
1782655773: Sending PUBACK to cardiosense_simulator (m74, rc0)
1782655773: Received PUBACK from cardiosense_subscriber (Mid: 120, RC:0)
1782655774: Received PUBLISH from cardiosense_simulator (d0, q1, r0, m75, 'cardiosense/dati', ... (2265 bytes))
1782655774: Sending PUBLISH to cardiosense_subscriber (d0, q1, r0, m121, 'cardiosense/dati', ... (2265 bytes))
1782655774: Sending PUBACK to cardiosense_simulator (m75, rc0)
1782655774: Received PUBACK from cardiosense_subscriber (Mid: 121, RC:0)
1782655775: Received PUBLISH from cardiosense_simulator (d0, q1, r0, m76, 'cardiosense/dati', ... (2270 bytes))
1782655775: Sending PUBLISH to cardiosense_subscriber (d0, q1, r0, m122, 'cardiosense/dati', ... (2270 bytes))
1782655775: Sending PUBACK to cardiosense_simulator (m76, rc0)
1782655775: Received PUBACK from cardiosense_subscriber (Mid: 122, RC:0)
1782655776: Received PUBLISH from cardiosense_simulator (d0, q1, r0, m77, 'cardiosense/dati', ... (2274 bytes))
1782655776: Sending PUBLISH to cardiosense_subscriber (d0, q1, r0, m123, 'cardiosense/dati', ... (2274 bytes))
1782655776: Sending PUBACK to cardiosense_simulator (m77, rc0)
1782655776: Received PUBACK from cardiosense_subscriber (Mid: 123, RC:0)
1782655777: Received PUBLISH from cardiosense_simulator (d0, q1, r0, m78, 'cardiosense/dati', ... (2260 bytes))
1782655777: Sending PUBLISH to cardiosense_subscriber (d0, q1, r0, m124, 'cardiosense/dati', ... (2260 bytes))
1782655777: Sending PUBACK to cardiosense_simulator (m78, rc0)
1782655777: Received PUBACK from cardiosense_subscriber (Mid: 124, RC:0)
1782655778: Received PUBLISH from cardiosense_simulator (d0, q1, r0, m79, 'cardiosense/dati', ... (2251 bytes))
1782655778: Sending PUBLISH to cardiosense_subscriber (d0, q1, r0, m125, 'cardiosense/dati', ... (2251 bytes))
1782655778: Sending PUBACK to cardiosense_simulator (m79, rc0)
1782655778: Received PUBACK from cardiosense_subscriber (Mid: 125, RC:0)
1782655779: Received PUBLISH from cardiosense_simulator (d0, q1, r0, m80, 'cardiosense/dati', ... (2277 bytes))
1782655779: Sending PUBLISH to cardiosense_subscriber (d0, q1, r0, m126, 'cardiosense/dati', ... (2277 bytes))
1782655779: Sending PUBACK to cardiosense_simulator (m80, rc0)
1782655779: Received PUBACK from cardiosense_subscriber (Mid: 126, RC:0)
1782655780: Received PUBLISH from cardiosense_simulator (d0, q1, r0, m81, 'cardiosense/dati', ... (2253 bytes))
1782655780: Sending PUBLISH to cardiosense_subscriber (d0, q1, r0, m127, 'cardiosense/dati', ... (2253 bytes))
1782655780: Sending PUBACK to cardiosense_simulator (m81, rc0)
1782655780: Received PUBACK from cardiosense_subscriber (Mid: 127, RC:0)
1782655781: Received PUBLISH from cardiosense_simulator (d0, q1, r0, m82, 'cardiosense/dati', ... (2262 bytes))
1782655781: Sending PUBLISH to cardiosense_subscriber (d0, q1, r0, m128, 'cardiosense/dati', ... (2262 bytes))
1782655781: Sending PUBACK to cardiosense_simulator (m82, rc0)
1782655781: Received PUBACK from cardiosense_subscriber (Mid: 128, RC:0)
1782655782: Received PUBLISH from cardiosense_simulator (d0, q1, r0, m83, 'cardiosense/dati', ... (2250 bytes))
1782655782: Sending PUBLISH to cardiosense_subscriber (d0, q1, r0, m129, 'cardiosense/dati', ... (2250 bytes))
1782655782: Sending PUBACK to cardiosense_simulator (m83, rc0)
1782655782: Received PUBACK from cardiosense_subscriber (Mid: 129, RC:0)
1782655783: Received PUBLISH from cardiosense_simulator (d0, q1, r0, m84, 'cardiosense/dati', ... (2274 bytes))
1782655783: Sending PUBLISH to cardiosense_subscriber (d0, q1, r0, m130, 'cardiosense/dati', ... (2274 bytes))
1782655783: Sending PUBACK to cardiosense_simulator (m84, rc0)
1782655783: Received PUBACK from cardiosense_subscriber (Mid: 130, RC:0)
1782655784: Received PUBLISH from cardiosense_simulator (d0, q1, r0, m85, 'cardiosense/dati', ... (2273 bytes))
1782655784: Sending PUBLISH to cardiosense_subscriber (d0, q1, r0, m131, 'cardiosense/dati', ... (2273 bytes))
1782655784: Sending PUBACK to cardiosense_simulator (m85, rc0)
1782655784: Received PUBACK from cardiosense_subscriber (Mid: 131, RC:0)
1782655785: Received PUBLISH from cardiosense_simulator (d0, q1, r0, m86, 'cardiosense/dati', ... (2250 bytes))
1782655785: Sending PUBLISH to cardiosense_subscriber (d0, q1, r0, m132, 'cardiosense/dati', ... (2250 bytes))
1782655785: Sending PUBACK to cardiosense_simulator (m86, rc0)
1782655785: Received PUBACK from cardiosense_subscriber (Mid: 132, RC:0)
1782655786: Received PUBLISH from cardiosense_simulator (d0, q1, r0, m87, 'cardiosense/dati', ... (2267 bytes))
1782655786: Sending PUBLISH to cardiosense_subscriber (d0, q1, r0, m133, 'cardiosense/dati', ... (2267 bytes))
1782655786: Sending PUBACK to cardiosense_simulator (m87, rc0)
1782655786: Received PUBACK from cardiosense_subscriber (Mid: 133, RC:0)
1782655787: Received PUBLISH from cardiosense_simulator (d0, q1, r0, m88, 'cardiosense/dati', ... (2265 bytes))
1782655787: Sending PUBLISH to cardiosense_subscriber (d0, q1, r0, m134, 'cardiosense/dati', ... (2265 bytes))
1782655787: Sending PUBACK to cardiosense_simulator (m88, rc0)
1782655787: Received PUBACK from cardiosense_subscriber (Mid: 134, RC:0)
1782655787: Received PUBLISH from notification_service (d0, q1, r0, m59, 'cardiosense/allarmi', ... (229 bytes))
1782655787: Sending PUBLISH to dashboard_35f0e1 (d0, q1, r0, m59, 'cardiosense/allarmi', ... (229 bytes))
1782655787: Sending PUBACK to notification_service (m59, rc0)
1782655787: Received PUBACK from dashboard_35f0e1 (Mid: 59, RC:0)
1782655788: Received PUBLISH from cardiosense_simulator (d0, q1, r0, m89, 'cardiosense/dati', ... (2280 bytes))
1782655788: Sending PUBLISH to cardiosense_subscriber (d0, q1, r0, m135, 'cardiosense/dati', ... (2280 bytes))
1782655788: Sending PUBACK to cardiosense_simulator (m89, rc0)
1782655788: Received PUBACK from cardiosense_subscriber (Mid: 135, RC:0)
1782655788: Received PUBLISH from notification_service (d0, q1, r0, m60, 'cardiosense/allarmi', ... (229 bytes))
1782655788: Sending PUBLISH to dashboard_35f0e1 (d0, q1, r0, m60, 'cardiosense/allarmi', ... (229 bytes))
1782655788: Sending PUBACK to notification_service (m60, rc0)
1782655788: Received PUBACK from dashboard_35f0e1 (Mid: 60, RC:0)
1782655789: Received PUBLISH from cardiosense_simulator (d0, q1, r0, m90, 'cardiosense/dati', ... (2246 bytes))
1782655789: Sending PUBLISH to cardiosense_subscriber (d0, q1, r0, m136, 'cardiosense/dati', ... (2246 bytes))
1782655789: Sending PUBACK to cardiosense_simulator (m90, rc0)
1782655789: Received PUBACK from cardiosense_subscriber (Mid: 136, RC:0)
1782655789: Received PUBLISH from notification_service (d0, q1, r0, m61, 'cardiosense/allarmi', ... (230 bytes))
1782655789: Sending PUBLISH to dashboard_35f0e1 (d0, q1, r0, m61, 'cardiosense/allarmi', ... (230 bytes))
1782655789: Sending PUBACK to notification_service (m61, rc0)
1782655789: Received PUBACK from dashboard_35f0e1 (Mid: 61, RC:0)
1782655790: Received PUBLISH from cardiosense_simulator (d0, q1, r0, m91, 'cardiosense/dati', ... (2260 bytes))
1782655790: Sending PUBLISH to cardiosense_subscriber (d0, q1, r0, m137, 'cardiosense/dati', ... (2260 bytes))
1782655790: Sending PUBACK to cardiosense_simulator (m91, rc0)
1782655790: Received PUBLISH from notification_service (d0, q1, r0, m62, 'cardiosense/allarmi', ... (229 bytes))
1782655790: Sending PUBLISH to dashboard_35f0e1 (d0, q1, r0, m62, 'cardiosense/allarmi', ... (229 bytes))
1782655790: Sending PUBACK to notification_service (m62, rc0)
1782655790: Received PUBACK from cardiosense_subscriber (Mid: 137, RC:0)
1782655790: Received PUBACK from dashboard_35f0e1 (Mid: 62, RC:0)
1782655791: Received PUBLISH from cardiosense_simulator (d0, q1, r0, m92, 'cardiosense/dati', ... (2260 bytes))
1782655791: Sending PUBLISH to cardiosense_subscriber (d0, q1, r0, m138, 'cardiosense/dati', ... (2260 bytes))
1782655791: Sending PUBACK to cardiosense_simulator (m92, rc0)
1782655791: Received PUBACK from cardiosense_subscriber (Mid: 138, RC:0)
1782655791: Received PUBLISH from notification_service (d0, q1, r0, m63, 'cardiosense/allarmi', ... (229 bytes))
1782655791: Sending PUBLISH to dashboard_35f0e1 (d0, q1, r0, m63, 'cardiosense/allarmi', ... (229 bytes))
1782655791: Sending PUBACK to notification_service (m63, rc0)
1782655791: Received PUBACK from dashboard_35f0e1 (Mid: 63, RC:0)
1782655792: Received PUBLISH from cardiosense_simulator (d0, q1, r0, m93, 'cardiosense/dati', ... (2266 bytes))
1782655792: Sending PUBLISH to cardiosense_subscriber (d0, q1, r0, m139, 'cardiosense/dati', ... (2266 bytes))
1782655792: Sending PUBACK to cardiosense_simulator (m93, rc0)
1782655792: Received PUBLISH from notification_service (d0, q1, r0, m64, 'cardiosense/allarmi', ... (229 bytes))
1782655792: Sending PUBLISH to dashboard_35f0e1 (d0, q1, r0, m64, 'cardiosense/allarmi', ... (229 bytes))
1782655792: Sending PUBACK to notification_service (m64, rc0)
1782655792: Received PUBACK from cardiosense_subscriber (Mid: 139, RC:0)
1782655792: Received PUBACK from dashboard_35f0e1 (Mid: 64, RC:0)
1782655793: Received PUBLISH from cardiosense_simulator (d0, q1, r0, m94, 'cardiosense/dati', ... (2294 bytes))
1782655793: Sending PUBLISH to cardiosense_subscriber (d0, q1, r0, m140, 'cardiosense/dati', ... (2294 bytes))
1782655793: Sending PUBACK to cardiosense_simulator (m94, rc0)
1782655793: Received PUBACK from cardiosense_subscriber (Mid: 140, RC:0)
1782655793: Received PUBLISH from notification_service (d0, q1, r0, m65, 'cardiosense/allarmi', ... (229 bytes))
1782655793: Sending PUBLISH to dashboard_35f0e1 (d0, q1, r0, m65, 'cardiosense/allarmi', ... (229 bytes))
1782655793: Sending PUBACK to notification_service (m65, rc0)
1782655793: Received PUBACK from dashboard_35f0e1 (Mid: 65, RC:0)
1782655794: Received PUBLISH from cardiosense_simulator (d0, q1, r0, m95, 'cardiosense/dati', ... (2258 bytes))
1782655794: Sending PUBLISH to cardiosense_subscriber (d0, q1, r0, m141, 'cardiosense/dati', ... (2258 bytes))
1782655794: Sending PUBACK to cardiosense_simulator (m95, rc0)
1782655794: Received PUBLISH from notification_service (d0, q1, r0, m66, 'cardiosense/allarmi', ... (229 bytes))
1782655794: Sending PUBLISH to dashboard_35f0e1 (d0, q1, r0, m66, 'cardiosense/allarmi', ... (229 bytes))
1782655794: Sending PUBACK to notification_service (m66, rc0)
1782655794: Received PUBACK from cardiosense_subscriber (Mid: 141, RC:0)
1782655794: Received PUBACK from dashboard_35f0e1 (Mid: 66, RC:0)
1782655795: Received PUBLISH from cardiosense_simulator (d0, q1, r0, m96, 'cardiosense/dati', ... (2255 bytes))
1782655795: Sending PUBLISH to cardiosense_subscriber (d0, q1, r0, m142, 'cardiosense/dati', ... (2255 bytes))
1782655795: Sending PUBACK to cardiosense_simulator (m96, rc0)
1782655795: Received PUBACK from cardiosense_subscriber (Mid: 142, RC:0)
1782655795: Received PUBLISH from notification_service (d0, q1, r0, m67, 'cardiosense/allarmi', ... (229 bytes))
1782655795: Sending PUBLISH to dashboard_35f0e1 (d0, q1, r0, m67, 'cardiosense/allarmi', ... (229 bytes))
1782655795: Sending PUBACK to notification_service (m67, rc0)
1782655795: Received PUBACK from dashboard_35f0e1 (Mid: 67, RC:0)
1782655796: Received PUBLISH from cardiosense_simulator (d0, q1, r0, m97, 'cardiosense/dati', ... (2241 bytes))
1782655796: Sending PUBLISH to cardiosense_subscriber (d0, q1, r0, m143, 'cardiosense/dati', ... (2241 bytes))
1782655796: Sending PUBACK to cardiosense_simulator (m97, rc0)
1782655796: Received PUBACK from cardiosense_subscriber (Mid: 143, RC:0)
1782655797: Received PUBLISH from cardiosense_simulator (d0, q1, r0, m98, 'cardiosense/dati', ... (2266 bytes))
1782655797: Sending PUBLISH to cardiosense_subscriber (d0, q1, r0, m144, 'cardiosense/dati', ... (2266 bytes))
1782655797: Sending PUBACK to cardiosense_simulator (m98, rc0)
1782655797: Received PUBACK from cardiosense_subscriber (Mid: 144, RC:0)
1782655798: Received PUBLISH from cardiosense_simulator (d0, q1, r0, m99, 'cardiosense/dati', ... (2261 bytes))
1782655798: Sending PUBLISH to cardiosense_subscriber (d0, q1, r0, m145, 'cardiosense/dati', ... (2261 bytes))
1782655798: Sending PUBACK to cardiosense_simulator (m99, rc0)
1782655798: Received PUBACK from cardiosense_subscriber (Mid: 145, RC:0)
1782655799: Received PUBLISH from cardiosense_simulator (d0, q1, r0, m100, 'cardiosense/dati', ... (2257 bytes))
1782655799: Sending PUBLISH to cardiosense_subscriber (d0, q1, r0, m146, 'cardiosense/dati', ... (2257 bytes))
1782655799: Sending PUBACK to cardiosense_simulator (m100, rc0)
1782655799: Received PUBACK from cardiosense_subscriber (Mid: 146, RC:0)
1782655800: Received PUBLISH from cardiosense_simulator (d0, q1, r0, m101, 'cardiosense/dati', ... (2266 bytes))
1782655800: Sending PUBLISH to cardiosense_subscriber (d0, q1, r0, m147, 'cardiosense/dati', ... (2266 bytes))
1782655800: Sending PUBACK to cardiosense_simulator (m101, rc0)
1782655800: Received PUBACK from cardiosense_subscriber (Mid: 147, RC:0)
1782655801: Received PUBLISH from cardiosense_simulator (d0, q1, r0, m102, 'cardiosense/dati', ... (2254 bytes))
1782655801: Sending PUBLISH to cardiosense_subscriber (d0, q1, r0, m148, 'cardiosense/dati', ... (2254 bytes))
1782655801: Sending PUBACK to cardiosense_simulator (m102, rc0)
1782655801: Received PUBACK from cardiosense_subscriber (Mid: 148, RC:0)
1782655802: Received PUBLISH from cardiosense_simulator (d0, q1, r0, m103, 'cardiosense/dati', ... (2266 bytes))
1782655802: Sending PUBLISH to cardiosense_subscriber (d0, q1, r0, m149, 'cardiosense/dati', ... (2266 bytes))
1782655802: Sending PUBACK to cardiosense_simulator (m103, rc0)
1782655802: Received PUBACK from cardiosense_subscriber (Mid: 149, RC:0)
1782655803: Received PUBLISH from cardiosense_simulator (d0, q1, r0, m104, 'cardiosense/dati', ... (2265 bytes))
1782655803: Sending PUBLISH to cardiosense_subscriber (d0, q1, r0, m150, 'cardiosense/dati', ... (2265 bytes))
1782655803: Sending PUBACK to cardiosense_simulator (m104, rc0)
1782655803: Received PUBACK from cardiosense_subscriber (Mid: 150, RC:0)
1782655804: Received PUBLISH from cardiosense_simulator (d0, q1, r0, m105, 'cardiosense/dati', ... (2250 bytes))
1782655804: Sending PUBLISH to cardiosense_subscriber (d0, q1, r0, m151, 'cardiosense/dati', ... (2250 bytes))
1782655804: Sending PUBACK to cardiosense_simulator (m105, rc0)
1782655804: Received PUBACK from cardiosense_subscriber (Mid: 151, RC:0)
1782655805: Received PUBLISH from cardiosense_simulator (d0, q1, r0, m106, 'cardiosense/dati', ... (2272 bytes))
1782655805: Sending PUBLISH to cardiosense_subscriber (d0, q1, r0, m152, 'cardiosense/dati', ... (2272 bytes))
1782655805: Sending PUBACK to cardiosense_simulator (m106, rc0)
1782655805: Received PUBACK from cardiosense_subscriber (Mid: 152, RC:0)
1782655806: Received PUBLISH from cardiosense_simulator (d0, q1, r0, m107, 'cardiosense/dati', ... (2262 bytes))
1782655806: Sending PUBLISH to cardiosense_subscriber (d0, q1, r0, m153, 'cardiosense/dati', ... (2262 bytes))
1782655806: Sending PUBACK to cardiosense_simulator (m107, rc0)
1782655806: Received PUBACK from cardiosense_subscriber (Mid: 153, RC:0)
1782655807: Received PUBLISH from cardiosense_simulator (d0, q1, r0, m108, 'cardiosense/dati', ... (2268 bytes))
1782655807: Sending PUBLISH to cardiosense_subscriber (d0, q1, r0, m154, 'cardiosense/dati', ... (2268 bytes))
1782655807: Sending PUBACK to cardiosense_simulator (m108, rc0)
1782655807: Received PUBACK from cardiosense_subscriber (Mid: 154, RC:0)
1782655808: Received PUBLISH from cardiosense_simulator (d0, q1, r0, m109, 'cardiosense/dati', ... (2258 bytes))
1782655808: Sending PUBLISH to cardiosense_subscriber (d0, q1, r0, m155, 'cardiosense/dati', ... (2258 bytes))
1782655808: Sending PUBACK to cardiosense_simulator (m109, rc0)
1782655808: Received PUBACK from cardiosense_subscriber (Mid: 155, RC:0)
1782655809: Received PUBLISH from cardiosense_simulator (d0, q1, r0, m110, 'cardiosense/dati', ... (2254 bytes))
1782655809: Sending PUBLISH to cardiosense_subscriber (d0, q1, r0, m156, 'cardiosense/dati', ... (2254 bytes))
1782655809: Sending PUBACK to cardiosense_simulator (m110, rc0)
1782655809: Received PUBACK from cardiosense_subscriber (Mid: 156, RC:0)
1782655810: Received PUBLISH from cardiosense_simulator (d0, q1, r0, m111, 'cardiosense/dati', ... (2259 bytes))
1782655810: Sending PUBLISH to cardiosense_subscriber (d0, q1, r0, m157, 'cardiosense/dati', ... (2259 bytes))
1782655810: Sending PUBACK to cardiosense_simulator (m111, rc0)
1782655810: Received PUBACK from cardiosense_subscriber (Mid: 157, RC:0)
1782655811: Received PUBLISH from cardiosense_simulator (d0, q1, r0, m112, 'cardiosense/dati', ... (2256 bytes))
1782655811: Sending PUBLISH to cardiosense_subscriber (d0, q1, r0, m158, 'cardiosense/dati', ... (2256 bytes))
1782655811: Sending PUBACK to cardiosense_simulator (m112, rc0)
1782655811: Received PUBACK from cardiosense_subscriber (Mid: 158, RC:0)
1782655812: Received PUBLISH from cardiosense_simulator (d0, q1, r0, m113, 'cardiosense/dati', ... (2249 bytes))
1782655812: Sending PUBLISH to cardiosense_subscriber (d0, q1, r0, m159, 'cardiosense/dati', ... (2249 bytes))
1782655812: Sending PUBACK to cardiosense_simulator (m113, rc0)
1782655812: Received PUBACK from cardiosense_subscriber (Mid: 159, RC:0)
1782655813: Received PUBLISH from cardiosense_simulator (d0, q1, r0, m114, 'cardiosense/dati', ... (2259 bytes))
1782655813: Sending PUBLISH to cardiosense_subscriber (d0, q1, r0, m160, 'cardiosense/dati', ... (2259 bytes))
1782655813: Sending PUBACK to cardiosense_simulator (m114, rc0)
1782655813: Received PUBACK from cardiosense_subscriber (Mid: 160, RC:0)
1782655814: Received PUBLISH from cardiosense_simulator (d0, q1, r0, m115, 'cardiosense/dati', ... (2261 bytes))
1782655814: Sending PUBLISH to cardiosense_subscriber (d0, q1, r0, m161, 'cardiosense/dati', ... (2261 bytes))
1782655814: Sending PUBACK to cardiosense_simulator (m115, rc0)
1782655814: Received PUBACK from cardiosense_subscriber (Mid: 161, RC:0)
1782655815: Received PUBLISH from cardiosense_simulator (d0, q1, r0, m116, 'cardiosense/dati', ... (2265 bytes))
1782655815: Sending PUBLISH to cardiosense_subscriber (d0, q1, r0, m162, 'cardiosense/dati', ... (2265 bytes))
1782655815: Sending PUBACK to cardiosense_simulator (m116, rc0)
1782655815: Received PUBACK from cardiosense_subscriber (Mid: 162, RC:0)
1782655816: Received PUBLISH from cardiosense_simulator (d0, q1, r0, m117, 'cardiosense/dati', ... (2270 bytes))
1782655816: Sending PUBLISH to cardiosense_subscriber (d0, q1, r0, m163, 'cardiosense/dati', ... (2270 bytes))
1782655816: Sending PUBACK to cardiosense_simulator (m117, rc0)
1782655816: Received PUBACK from cardiosense_subscriber (Mid: 163, RC:0)
1782655817: Received PUBLISH from cardiosense_simulator (d0, q1, r0, m118, 'cardiosense/dati', ... (2263 bytes))
1782655817: Sending PUBLISH to cardiosense_subscriber (d0, q1, r0, m164, 'cardiosense/dati', ... (2263 bytes))
1782655817: Sending PUBACK to cardiosense_simulator (m118, rc0)
1782655817: Received PUBACK from cardiosense_subscriber (Mid: 164, RC:0)
1782655818: Received PUBLISH from cardiosense_simulator (d0, q1, r0, m119, 'cardiosense/dati', ... (2268 bytes))
1782655818: Sending PUBLISH to cardiosense_subscriber (d0, q1, r0, m165, 'cardiosense/dati', ... (2268 bytes))
1782655818: Sending PUBACK to cardiosense_simulator (m119, rc0)
1782655818: Received PUBACK from cardiosense_subscriber (Mid: 165, RC:0)
1782655819: Received PUBLISH from cardiosense_simulator (d0, q1, r0, m120, 'cardiosense/dati', ... (2259 bytes))
1782655819: Sending PUBLISH to cardiosense_subscriber (d0, q1, r0, m166, 'cardiosense/dati', ... (2259 bytes))
1782655819: Sending PUBACK to cardiosense_simulator (m120, rc0)
1782655819: Received PUBACK from cardiosense_subscriber (Mid: 166, RC:0)
1782655820: Received PUBLISH from cardiosense_simulator (d0, q1, r0, m121, 'cardiosense/dati', ... (2256 bytes))
1782655820: Sending PUBLISH to cardiosense_subscriber (d0, q1, r0, m167, 'cardiosense/dati', ... (2256 bytes))
1782655820: Sending PUBACK to cardiosense_simulator (m121, rc0)
1782655820: Received PINGREQ from cardiosense_simulator
1782655820: Sending PINGRESP to cardiosense_simulator
1782655820: Received PUBACK from cardiosense_subscriber (Mid: 167, RC:0)
1782655820: Received PUBLISH from notification_service (d0, q1, r0, m68, 'cardiosense/allarmi', ... (229 bytes))
1782655820: Sending PUBLISH to dashboard_35f0e1 (d0, q1, r0, m68, 'cardiosense/allarmi', ... (229 bytes))
1782655820: Sending PUBACK to notification_service (m68, rc0)
1782655820: Received PUBACK from dashboard_35f0e1 (Mid: 68, RC:0)
1782655821: Received PINGREQ from dashboard_35f0e1
1782655821: Sending PINGRESP to dashboard_35f0e1
1782655821: Received PUBLISH from cardiosense_simulator (d0, q1, r0, m122, 'cardiosense/dati', ... (2266 bytes))
1782655821: Sending PUBLISH to cardiosense_subscriber (d0, q1, r0, m168, 'cardiosense/dati', ... (2266 bytes))
1782655821: Sending PUBACK to cardiosense_simulator (m122, rc0)
1782655821: Received PUBLISH from notification_service (d0, q1, r0, m69, 'cardiosense/allarmi', ... (229 bytes))
1782655821: Sending PUBLISH to dashboard_35f0e1 (d0, q1, r0, m69, 'cardiosense/allarmi', ... (229 bytes))
1782655821: Sending PUBACK to notification_service (m69, rc0)
1782655821: Received PUBACK from cardiosense_subscriber (Mid: 168, RC:0)
1782655821: Received PUBACK from dashboard_35f0e1 (Mid: 69, RC:0)
1782655822: Received PUBLISH from cardiosense_simulator (d0, q1, r0, m123, 'cardiosense/dati', ... (2249 bytes))
1782655822: Sending PUBLISH to cardiosense_subscriber (d0, q1, r0, m169, 'cardiosense/dati', ... (2249 bytes))
1782655822: Sending PUBACK to cardiosense_simulator (m123, rc0)
1782655822: Received PUBACK from cardiosense_subscriber (Mid: 169, RC:0)
1782655822: Received PUBLISH from notification_service (d0, q1, r0, m70, 'cardiosense/allarmi', ... (230 bytes))
1782655822: Sending PUBLISH to dashboard_35f0e1 (d0, q1, r0, m70, 'cardiosense/allarmi', ... (230 bytes))
1782655822: Sending PUBACK to notification_service (m70, rc0)
1782655822: Received PUBACK from dashboard_35f0e1 (Mid: 70, RC:0)
1782655823: Received PUBLISH from cardiosense_simulator (d0, q1, r0, m124, 'cardiosense/dati', ... (2263 bytes))
1782655823: Sending PUBLISH to cardiosense_subscriber (d0, q1, r0, m170, 'cardiosense/dati', ... (2263 bytes))
1782655823: Sending PUBACK to cardiosense_simulator (m124, rc0)
1782655823: Received PUBACK from cardiosense_subscriber (Mid: 170, RC:0)
1782655823: Received PUBLISH from notification_service (d0, q1, r0, m71, 'cardiosense/allarmi', ... (229 bytes))
1782655823: Sending PUBLISH to dashboard_35f0e1 (d0, q1, r0, m71, 'cardiosense/allarmi', ... (229 bytes))
1782655823: Sending PUBACK to notification_service (m71, rc0)
1782655823: Received PUBACK from dashboard_35f0e1 (Mid: 71, RC:0)
1782655824: Received PUBLISH from cardiosense_simulator (d0, q1, r0, m125, 'cardiosense/dati', ... (2267 bytes))
1782655824: Sending PUBLISH to cardiosense_subscriber (d0, q1, r0, m171, 'cardiosense/dati', ... (2267 bytes))
1782655824: Sending PUBACK to cardiosense_simulator (m125, rc0)
1782655824: Received PUBLISH from notification_service (d0, q1, r0, m72, 'cardiosense/allarmi', ... (229 bytes))
1782655824: Sending PUBLISH to dashboard_35f0e1 (d0, q1, r0, m72, 'cardiosense/allarmi', ... (229 bytes))
1782655824: Sending PUBACK to notification_service (m72, rc0)
1782655824: Received PUBACK from cardiosense_subscriber (Mid: 171, RC:0)
1782655824: Received PUBACK from dashboard_35f0e1 (Mid: 72, RC:0)
1782655825: Received PUBLISH from cardiosense_simulator (d0, q1, r0, m126, 'cardiosense/dati', ... (2266 bytes))
1782655825: Sending PUBLISH to cardiosense_subscriber (d0, q1, r0, m172, 'cardiosense/dati', ... (2266 bytes))
1782655825: Sending PUBACK to cardiosense_simulator (m126, rc0)
1782655825: Received PUBACK from cardiosense_subscriber (Mid: 172, RC:0)
1782655825: Received PUBLISH from notification_service (d0, q1, r0, m73, 'cardiosense/allarmi', ... (229 bytes))
1782655825: Sending PUBLISH to dashboard_35f0e1 (d0, q1, r0, m73, 'cardiosense/allarmi', ... (229 bytes))
1782655825: Sending PUBACK to notification_service (m73, rc0)
1782655825: Received PUBACK from dashboard_35f0e1 (Mid: 73, RC:0)
1782655826: Received PUBLISH from cardiosense_simulator (d0, q1, r0, m127, 'cardiosense/dati', ... (2257 bytes))
1782655826: Sending PUBLISH to cardiosense_subscriber (d0, q1, r0, m173, 'cardiosense/dati', ... (2257 bytes))
1782655826: Sending PUBACK to cardiosense_simulator (m127, rc0)
1782655826: Received PUBACK from cardiosense_subscriber (Mid: 173, RC:0)
1782655826: Received PUBLISH from notification_service (d0, q1, r0, m74, 'cardiosense/allarmi', ... (229 bytes))
1782655826: Sending PUBLISH to dashboard_35f0e1 (d0, q1, r0, m74, 'cardiosense/allarmi', ... (229 bytes))
1782655826: Sending PUBACK to notification_service (m74, rc0)
1782655826: Received PUBACK from dashboard_35f0e1 (Mid: 74, RC:0)
1782655827: Received PUBLISH from cardiosense_simulator (d0, q1, r0, m128, 'cardiosense/dati', ... (2259 bytes))
1782655827: Sending PUBLISH to cardiosense_subscriber (d0, q1, r0, m174, 'cardiosense/dati', ... (2259 bytes))
1782655827: Sending PUBACK to cardiosense_simulator (m128, rc0)
1782655827: Received PUBLISH from notification_service (d0, q1, r0, m75, 'cardiosense/allarmi', ... (229 bytes))
1782655827: Sending PUBLISH to dashboard_35f0e1 (d0, q1, r0, m75, 'cardiosense/allarmi', ... (229 bytes))
1782655827: Sending PUBACK to notification_service (m75, rc0)
1782655827: Received PUBACK from cardiosense_subscriber (Mid: 174, RC:0)
1782655827: Received PUBACK from dashboard_35f0e1 (Mid: 75, RC:0)
1782655828: Received PUBLISH from cardiosense_simulator (d0, q1, r0, m129, 'cardiosense/dati', ... (2264 bytes))
1782655828: Sending PUBLISH to cardiosense_subscriber (d0, q1, r0, m175, 'cardiosense/dati', ... (2264 bytes))
1782655828: Sending PUBACK to cardiosense_simulator (m129, rc0)
1782655828: Received PUBACK from cardiosense_subscriber (Mid: 175, RC:0)
1782655828: Received PUBLISH from notification_service (d0, q1, r0, m76, 'cardiosense/allarmi', ... (229 bytes))
1782655828: Sending PUBLISH to dashboard_35f0e1 (d0, q1, r0, m76, 'cardiosense/allarmi', ... (229 bytes))
1782655828: Sending PUBACK to notification_service (m76, rc0)
1782655828: Received PUBACK from dashboard_35f0e1 (Mid: 76, RC:0)
1782655829: Received PUBLISH from cardiosense_simulator (d0, q1, r0, m130, 'cardiosense/dati', ... (2270 bytes))
1782655829: Sending PUBLISH to cardiosense_subscriber (d0, q1, r0, m176, 'cardiosense/dati', ... (2270 bytes))
1782655829: Sending PUBACK to cardiosense_simulator (m130, rc0)
1782655829: Received PUBACK from cardiosense_subscriber (Mid: 176, RC:0)
1782655829: Received PUBLISH from notification_service (d0, q1, r0, m77, 'cardiosense/allarmi', ... (230 bytes))
1782655829: Sending PUBLISH to dashboard_35f0e1 (d0, q1, r0, m77, 'cardiosense/allarmi', ... (230 bytes))
1782655829: Sending PUBACK to notification_service (m77, rc0)
1782655829: Received PUBACK from dashboard_35f0e1 (Mid: 77, RC:0)
1782655830: Received PUBLISH from cardiosense_simulator (d0, q1, r0, m131, 'cardiosense/dati', ... (2272 bytes))
1782655830: Sending PUBLISH to cardiosense_subscriber (d0, q1, r0, m177, 'cardiosense/dati', ... (2272 bytes))
1782655830: Sending PUBACK to cardiosense_simulator (m131, rc0)
1782655830: Received PUBLISH from notification_service (d0, q1, r0, m78, 'cardiosense/allarmi', ... (229 bytes))
1782655830: Sending PUBLISH to dashboard_35f0e1 (d0, q1, r0, m78, 'cardiosense/allarmi', ... (229 bytes))
1782655830: Sending PUBACK to notification_service (m78, rc0)
1782655830: Received PUBACK from cardiosense_subscriber (Mid: 177, RC:0)
1782655830: Received PINGREQ from cardiosense_subscriber
1782655830: Sending PINGRESP to cardiosense_subscriber
1782655830: Received PUBACK from dashboard_35f0e1 (Mid: 78, RC:0)
1782655831: Received PUBLISH from cardiosense_simulator (d0, q1, r0, m132, 'cardiosense/dati', ... (2264 bytes))
1782655831: Sending PUBLISH to cardiosense_subscriber (d0, q1, r0, m178, 'cardiosense/dati', ... (2264 bytes))
1782655831: Sending PUBACK to cardiosense_simulator (m132, rc0)
1782655831: Received PUBACK from cardiosense_subscriber (Mid: 178, RC:0)
1782655831: Received PUBLISH from notification_service (d0, q1, r0, m79, 'cardiosense/allarmi', ... (229 bytes))
1782655831: Sending PUBLISH to dashboard_35f0e1 (d0, q1, r0, m79, 'cardiosense/allarmi', ... (229 bytes))
1782655831: Sending PUBACK to notification_service (m79, rc0)
1782655831: Received PINGREQ from notification_service
1782655831: Sending PINGRESP to notification_service
1782655831: Received PUBACK from dashboard_35f0e1 (Mid: 79, RC:0)
1782655832: Received PUBLISH from cardiosense_simulator (d0, q1, r0, m133, 'cardiosense/dati', ... (2258 bytes))
1782655832: Sending PUBLISH to cardiosense_subscriber (d0, q1, r0, m179, 'cardiosense/dati', ... (2258 bytes))
1782655832: Sending PUBACK to cardiosense_simulator (m133, rc0)
1782655832: Received PUBACK from cardiosense_subscriber (Mid: 179, RC:0)
1782655832: Received PUBLISH from notification_service (d0, q1, r0, m80, 'cardiosense/allarmi', ... (229 bytes))
1782655832: Sending PUBLISH to dashboard_35f0e1 (d0, q1, r0, m80, 'cardiosense/allarmi', ... (229 bytes))
1782655832: Sending PUBACK to notification_service (m80, rc0)
1782655832: Received PUBACK from dashboard_35f0e1 (Mid: 80, RC:0)
1782655833: Received PUBLISH from cardiosense_simulator (d0, q1, r0, m134, 'cardiosense/dati', ... (2267 bytes))
1782655833: Sending PUBLISH to cardiosense_subscriber (d0, q1, r0, m180, 'cardiosense/dati', ... (2267 bytes))
1782655833: Sending PUBACK to cardiosense_simulator (m134, rc0)
1782655833: Received PUBLISH from notification_service (d0, q1, r0, m81, 'cardiosense/allarmi', ... (230 bytes))
1782655833: Sending PUBLISH to dashboard_35f0e1 (d0, q1, r0, m81, 'cardiosense/allarmi', ... (230 bytes))
1782655833: Sending PUBACK to notification_service (m81, rc0)
1782655833: Received PUBACK from cardiosense_subscriber (Mid: 180, RC:0)
1782655833: Received PUBACK from dashboard_35f0e1 (Mid: 81, RC:0)
1782655834: Received PUBLISH from cardiosense_simulator (d0, q1, r0, m135, 'cardiosense/dati', ... (2276 bytes))
1782655834: Sending PUBLISH to cardiosense_subscriber (d0, q1, r0, m181, 'cardiosense/dati', ... (2276 bytes))
1782655834: Sending PUBACK to cardiosense_simulator (m135, rc0)
1782655834: Received PUBACK from cardiosense_subscriber (Mid: 181, RC:0)
1782655834: Received PUBLISH from notification_service (d0, q1, r0, m82, 'cardiosense/allarmi', ... (230 bytes))
1782655834: Sending PUBLISH to dashboard_35f0e1 (d0, q1, r0, m82, 'cardiosense/allarmi', ... (230 bytes))
1782655834: Sending PUBACK to notification_service (m82, rc0)
1782655834: Received PUBACK from dashboard_35f0e1 (Mid: 82, RC:0)
1782655835: Received PUBLISH from cardiosense_simulator (d0, q1, r0, m136, 'cardiosense/dati', ... (2260 bytes))
1782655835: Sending PUBLISH to cardiosense_subscriber (d0, q1, r0, m182, 'cardiosense/dati', ... (2260 bytes))
1782655835: Sending PUBACK to cardiosense_simulator (m136, rc0)
1782655835: Received PUBACK from cardiosense_subscriber (Mid: 182, RC:0)
1782655835: Received PUBLISH from notification_service (d0, q1, r0, m83, 'cardiosense/allarmi', ... (229 bytes))
1782655835: Sending PUBLISH to dashboard_35f0e1 (d0, q1, r0, m83, 'cardiosense/allarmi', ... (229 bytes))
1782655835: Sending PUBACK to notification_service (m83, rc0)
1782655835: Received PUBACK from dashboard_35f0e1 (Mid: 83, RC:0)
1782655836: Received PUBLISH from cardiosense_simulator (d0, q1, r0, m137, 'cardiosense/dati', ... (2264 bytes))
1782655836: Sending PUBLISH to cardiosense_subscriber (d0, q1, r0, m183, 'cardiosense/dati', ... (2264 bytes))
1782655836: Sending PUBACK to cardiosense_simulator (m137, rc0)
1782655836: Received PUBACK from cardiosense_subscriber (Mid: 183, RC:0)
1782655837: Received PUBLISH from cardiosense_simulator (d0, q1, r0, m138, 'cardiosense/dati', ... (2265 bytes))
1782655837: Sending PUBLISH to cardiosense_subscriber (d0, q1, r0, m184, 'cardiosense/dati', ... (2265 bytes))
1782655837: Sending PUBACK to cardiosense_simulator (m138, rc0)
1782655837: Received PUBACK from cardiosense_subscriber (Mid: 184, RC:0)
1782655838: Received PUBLISH from cardiosense_simulator (d0, q1, r0, m139, 'cardiosense/dati', ... (2266 bytes))
1782655838: Sending PUBLISH to cardiosense_subscriber (d0, q1, r0, m185, 'cardiosense/dati', ... (2266 bytes))
1782655838: Sending PUBACK to cardiosense_simulator (m139, rc0)
1782655838: Received PUBACK from cardiosense_subscriber (Mid: 185, RC:0)
1782655839: Received PUBLISH from cardiosense_simulator (d0, q1, r0, m140, 'cardiosense/dati', ... (2262 bytes))
1782655839: Sending PUBLISH to cardiosense_subscriber (d0, q1, r0, m186, 'cardiosense/dati', ... (2262 bytes))
1782655839: Sending PUBACK to cardiosense_simulator (m140, rc0)
1782655839: Received PUBACK from cardiosense_subscriber (Mid: 186, RC:0)
1782655840: Received PUBLISH from cardiosense_simulator (d0, q1, r0, m141, 'cardiosense/dati', ... (2283 bytes))
1782655840: Sending PUBLISH to cardiosense_subscriber (d0, q1, r0, m187, 'cardiosense/dati', ... (2283 bytes))
1782655840: Sending PUBACK to cardiosense_simulator (m141, rc0)
1782655840: Received PUBACK from cardiosense_subscriber (Mid: 187, RC:0)
1782655841: Received PUBLISH from cardiosense_simulator (d0, q1, r0, m142, 'cardiosense/dati', ... (2245 bytes))
1782655841: Sending PUBLISH to cardiosense_subscriber (d0, q1, r0, m188, 'cardiosense/dati', ... (2245 bytes))
1782655841: Sending PUBACK to cardiosense_simulator (m142, rc0)
1782655841: Received PUBACK from cardiosense_subscriber (Mid: 188, RC:0)
1782655842: Received PUBLISH from cardiosense_simulator (d0, q1, r0, m143, 'cardiosense/dati', ... (2266 bytes))
1782655842: Sending PUBLISH to cardiosense_subscriber (d0, q1, r0, m189, 'cardiosense/dati', ... (2266 bytes))
1782655842: Sending PUBACK to cardiosense_simulator (m143, rc0)
1782655842: Received PUBACK from cardiosense_subscriber (Mid: 189, RC:0)
1782655843: Received PUBLISH from cardiosense_simulator (d0, q1, r0, m144, 'cardiosense/dati', ... (2269 bytes))
1782655843: Sending PUBLISH to cardiosense_subscriber (d0, q1, r0, m190, 'cardiosense/dati', ... (2269 bytes))
1782655843: Sending PUBACK to cardiosense_simulator (m144, rc0)
1782655843: Received PUBACK from cardiosense_subscriber (Mid: 190, RC:0)
1782655844: Received PUBLISH from cardiosense_simulator (d0, q1, r0, m145, 'cardiosense/dati', ... (2255 bytes))
1782655844: Sending PUBLISH to cardiosense_subscriber (d0, q1, r0, m191, 'cardiosense/dati', ... (2255 bytes))
1782655844: Sending PUBACK to cardiosense_simulator (m145, rc0)
1782655844: Received PUBACK from cardiosense_subscriber (Mid: 191, RC:0)
1782655845: Received DISCONNECT from cardiosense_simulator
1782655845: Client cardiosense_simulator disconnected.
1782655881: Received PINGREQ from dashboard_35f0e1
1782655881: Sending PINGRESP to dashboard_35f0e1
1782655890: Received PINGREQ from cardiosense_subscriber
1782655890: Sending PINGRESP to cardiosense_subscriber
1782655892: Received PINGREQ from notification_service
1782655892: Sending PINGRESP to notification_service
1782655941: Received PINGREQ from dashboard_35f0e1
1782655941: Sending PINGRESP to dashboard_35f0e1
1782655951: Received PINGREQ from cardiosense_subscriber
1782655951: Sending PINGRESP to cardiosense_subscriber
1782655952: Received PINGREQ from notification_service
1782655952: Sending PINGRESP to notification_service
1782656001: Received PINGREQ from dashboard_35f0e1
1782656001: Sending PINGRESP to dashboard_35f0e1
1782656011: Received PINGREQ from cardiosense_subscriber
1782656011: Sending PINGRESP to cardiosense_subscriber
1782656012: Received PINGREQ from notification_service
1782656012: Sending PINGRESP to notification_service
1782656061: Received PINGREQ from dashboard_35f0e1
1782656061: Sending PINGRESP to dashboard_35f0e1
1782656072: Received PINGREQ from cardiosense_subscriber
1782656072: Sending PINGRESP to cardiosense_subscriber
1782656073: Received PINGREQ from notification_service
1782656073: Sending PINGRESP to notification_service
1782656121: Received PINGREQ from dashboard_35f0e1
1782656121: Sending PINGRESP to dashboard_35f0e1
1782656132: Received PINGREQ from cardiosense_subscriber
1782656132: Sending PINGRESP to cardiosense_subscriber
1782656133: Received PINGREQ from notification_service
1782656133: Sending PINGRESP to notification_service
1782656181: Received PINGREQ from dashboard_35f0e1
1782656181: Sending PINGRESP to dashboard_35f0e1
1782656193: Received PINGREQ from cardiosense_subscriber
1782656193: Sending PINGRESP to cardiosense_subscriber
1782656194: Received PINGREQ from notification_service
1782656194: Sending PINGRESP to notification_service
1782656241: Received PINGREQ from dashboard_35f0e1
1782656241: Sending PINGRESP to dashboard_35f0e1
1782656253: Received PINGREQ from cardiosense_subscriber
1782656253: Sending PINGRESP to cardiosense_subscriber
1782656254: Received PINGREQ from notification_service
1782656254: Sending PINGRESP to notification_service
1782656301: Received PINGREQ from dashboard_35f0e1
1782656301: Sending PINGRESP to dashboard_35f0e1
1782656312: Saving in-memory database to /mosquitto/data//mosquitto.db.
1782656313: Received PINGREQ from cardiosense_subscriber
1782656313: Sending PINGRESP to cardiosense_subscriber
1782656315: Received PINGREQ from notification_service
1782656315: Sending PINGRESP to notification_service
1782656361: Received PINGREQ from dashboard_35f0e1
1782656361: Sending PINGRESP to dashboard_35f0e1
1782656374: Received PINGREQ from cardiosense_subscriber
1782656374: Sending PINGRESP to cardiosense_subscriber
1782656375: Received PINGREQ from notification_service
1782656375: Sending PINGRESP to notification_service
1782656421: Received PINGREQ from dashboard_35f0e1
1782656421: Sending PINGRESP to dashboard_35f0e1
1782656434: Received PINGREQ from cardiosense_subscriber
1782656434: Sending PINGRESP to cardiosense_subscriber
1782656436: Received PINGREQ from notification_service
1782656436: Sending PINGRESP to notification_service
1782656481: Received PINGREQ from dashboard_35f0e1
1782656481: Sending PINGRESP to dashboard_35f0e1
1782656495: Received PINGREQ from cardiosense_subscriber
1782656495: Sending PINGRESP to cardiosense_subscriber
1782656496: Received PINGREQ from notification_service
1782656496: Sending PINGRESP to notification_service
1782656541: Received PINGREQ from dashboard_35f0e1
1782656541: Sending PINGRESP to dashboard_35f0e1
1782656556: Received PINGREQ from cardiosense_subscriber
1782656556: Sending PINGRESP to cardiosense_subscriber
1782656557: Received PINGREQ from notification_service
1782656557: Sending PINGRESP to notification_service
1782656601: Received PINGREQ from dashboard_35f0e1
1782656601: Sending PINGRESP to dashboard_35f0e1
1782656616: Received PINGREQ from cardiosense_subscriber
1782656616: Sending PINGRESP to cardiosense_subscriber
1782656617: Received PINGREQ from notification_service
1782656617: Sending PINGRESP to notification_service
1782656661: Received PINGREQ from dashboard_35f0e1
1782656661: Sending PINGRESP to dashboard_35f0e1
1782656677: Received PINGREQ from cardiosense_subscriber
1782656677: Sending PINGRESP to cardiosense_subscriber
1782656678: Received PINGREQ from notification_service
1782656678: Sending PINGRESP to notification_service
1782656721: Received PINGREQ from dashboard_35f0e1
1782656721: Sending PINGRESP to dashboard_35f0e1
1782656737: Received PINGREQ from cardiosense_subscriber
1782656737: Sending PINGRESP to cardiosense_subscriber
1782656738: Received PINGREQ from notification_service
1782656738: Sending PINGRESP to notification_service
1782656771: Received DISCONNECT from cardiosense_subscriber
1782656771: Client cardiosense_subscriber disconnected.
1782656772: Client notification_service closed its connection.
1782656779: New connection from 172.18.0.1:44040 on port 1883.
1782656779: New client connected from 172.18.0.1:44040 as notification_service (p2, c1, k60).
1782656779: No will message specified.
1782656779: Sending CONNACK to notification_service (0, 0)
1782656779: New connection from 172.18.0.1:44056 on port 1883.
1782656779: New client connected from 172.18.0.1:44056 as cardiosense_subscriber (p2, c1, k60).
1782656779: No will message specified.
1782656779: Sending CONNACK to cardiosense_subscriber (0, 0)
1782656779: Received SUBSCRIBE from cardiosense_subscriber
1782656779: 	cardiosense/dati (QoS 1)
1782656779: cardiosense_subscriber 1 cardiosense/dati
1782656779: Sending SUBACK to cardiosense_subscriber
1782656781: Received PINGREQ from dashboard_35f0e1
1782656781: Sending PINGRESP to dashboard_35f0e1
1782656794: Client dashboard_35f0e1 closed its connection.
1782656794: New client connected from 172.18.0.1:33146 as dashboard_e1335c (p2, c1, k60).
1782656794: No will message specified.
1782656794: Sending CONNACK to dashboard_e1335c (0, 0)
1782656794: Received SUBSCRIBE from dashboard_e1335c
1782656794: 	cardiosense/allarmi (QoS 1)
1782656794: dashboard_e1335c 1 cardiosense/allarmi
1782656794: Sending SUBACK to dashboard_e1335c
1782656806: New connection from 172.18.0.1:42940 on port 1883.
1782656806: New client connected from 172.18.0.1:42940 as cardiosense_simulator (p2, c1, k60).
1782656806: No will message specified.
1782656806: Sending CONNACK to cardiosense_simulator (0, 0)
1782656806: Received PUBLISH from cardiosense_simulator (d0, q1, r0, m1, 'cardiosense/dati', ... (2272 bytes))
1782656806: Sending PUBLISH to cardiosense_subscriber (d0, q1, r0, m1, 'cardiosense/dati', ... (2272 bytes))
1782656806: Sending PUBACK to cardiosense_simulator (m1, rc0)
1782656806: Received PUBACK from cardiosense_subscriber (Mid: 1, RC:0)
1782656807: Received PUBLISH from cardiosense_simulator (d0, q1, r0, m2, 'cardiosense/dati', ... (2260 bytes))
1782656807: Sending PUBLISH to cardiosense_subscriber (d0, q1, r0, m2, 'cardiosense/dati', ... (2260 bytes))
1782656807: Sending PUBACK to cardiosense_simulator (m2, rc0)
1782656807: Received PUBACK from cardiosense_subscriber (Mid: 2, RC:0)
1782656808: Received PUBLISH from cardiosense_simulator (d0, q1, r0, m3, 'cardiosense/dati', ... (2253 bytes))
1782656808: Sending PUBLISH to cardiosense_subscriber (d0, q1, r0, m3, 'cardiosense/dati', ... (2253 bytes))
1782656808: Sending PUBACK to cardiosense_simulator (m3, rc0)
1782656808: Received PUBACK from cardiosense_subscriber (Mid: 3, RC:0)
1782656809: Received PUBLISH from cardiosense_simulator (d0, q1, r0, m4, 'cardiosense/dati', ... (2252 bytes))
1782656809: Sending PUBLISH to cardiosense_subscriber (d0, q1, r0, m4, 'cardiosense/dati', ... (2252 bytes))
1782656809: Sending PUBACK to cardiosense_simulator (m4, rc0)
1782656809: Received PUBACK from cardiosense_subscriber (Mid: 4, RC:0)
1782656810: Received PUBLISH from cardiosense_simulator (d0, q1, r0, m5, 'cardiosense/dati', ... (2246 bytes))
1782656810: Sending PUBLISH to cardiosense_subscriber (d0, q1, r0, m5, 'cardiosense/dati', ... (2246 bytes))
1782656810: Sending PUBACK to cardiosense_simulator (m5, rc0)
1782656810: Received PUBACK from cardiosense_subscriber (Mid: 5, RC:0)
1782656811: Received PUBLISH from cardiosense_simulator (d0, q1, r0, m6, 'cardiosense/dati', ... (2264 bytes))
1782656811: Sending PUBLISH to cardiosense_subscriber (d0, q1, r0, m6, 'cardiosense/dati', ... (2264 bytes))
1782656811: Sending PUBACK to cardiosense_simulator (m6, rc0)
1782656811: Received PUBACK from cardiosense_subscriber (Mid: 6, RC:0)
1782656812: Received PUBLISH from cardiosense_simulator (d0, q1, r0, m7, 'cardiosense/dati', ... (2252 bytes))
1782656812: Sending PUBLISH to cardiosense_subscriber (d0, q1, r0, m7, 'cardiosense/dati', ... (2252 bytes))
1782656812: Sending PUBACK to cardiosense_simulator (m7, rc0)
1782656812: Received PUBACK from cardiosense_subscriber (Mid: 7, RC:0)
1782656813: Received PUBLISH from cardiosense_simulator (d0, q1, r0, m8, 'cardiosense/dati', ... (2278 bytes))
1782656813: Sending PUBLISH to cardiosense_subscriber (d0, q1, r0, m8, 'cardiosense/dati', ... (2278 bytes))
1782656813: Sending PUBACK to cardiosense_simulator (m8, rc0)
1782656813: Received PUBACK from cardiosense_subscriber (Mid: 8, RC:0)
1782656814: Received PUBLISH from cardiosense_simulator (d0, q1, r0, m9, 'cardiosense/dati', ... (2268 bytes))
1782656814: Sending PUBLISH to cardiosense_subscriber (d0, q1, r0, m9, 'cardiosense/dati', ... (2268 bytes))
1782656814: Sending PUBACK to cardiosense_simulator (m9, rc0)
1782656814: Received PUBACK from cardiosense_subscriber (Mid: 9, RC:0)
1782656815: Received PUBLISH from cardiosense_simulator (d0, q1, r0, m10, 'cardiosense/dati', ... (2250 bytes))
1782656815: Sending PUBLISH to cardiosense_subscriber (d0, q1, r0, m10, 'cardiosense/dati', ... (2250 bytes))
1782656815: Sending PUBACK to cardiosense_simulator (m10, rc0)
1782656815: Received PUBACK from cardiosense_subscriber (Mid: 10, RC:0)
1782656816: Received PUBLISH from cardiosense_simulator (d0, q1, r0, m11, 'cardiosense/dati', ... (2262 bytes))
1782656816: Sending PUBLISH to cardiosense_subscriber (d0, q1, r0, m11, 'cardiosense/dati', ... (2262 bytes))
1782656816: Sending PUBACK to cardiosense_simulator (m11, rc0)
1782656816: Received PUBACK from cardiosense_subscriber (Mid: 11, RC:0)
1782656817: Received PUBLISH from cardiosense_simulator (d0, q1, r0, m12, 'cardiosense/dati', ... (2247 bytes))
1782656817: Sending PUBLISH to cardiosense_subscriber (d0, q1, r0, m12, 'cardiosense/dati', ... (2247 bytes))
1782656817: Sending PUBACK to cardiosense_simulator (m12, rc0)
1782656817: Received PUBACK from cardiosense_subscriber (Mid: 12, RC:0)
1782656818: Received PUBLISH from cardiosense_simulator (d0, q1, r0, m13, 'cardiosense/dati', ... (2268 bytes))
1782656818: Sending PUBLISH to cardiosense_subscriber (d0, q1, r0, m13, 'cardiosense/dati', ... (2268 bytes))
1782656818: Sending PUBACK to cardiosense_simulator (m13, rc0)
1782656818: Received PUBACK from cardiosense_subscriber (Mid: 13, RC:0)
1782656819: Received PUBLISH from cardiosense_simulator (d0, q1, r0, m14, 'cardiosense/dati', ... (2275 bytes))
1782656819: Sending PUBLISH to cardiosense_subscriber (d0, q1, r0, m14, 'cardiosense/dati', ... (2275 bytes))
1782656819: Sending PUBACK to cardiosense_simulator (m14, rc0)
1782656819: Received PUBACK from cardiosense_subscriber (Mid: 14, RC:0)
1782656820: Received PUBLISH from cardiosense_simulator (d0, q1, r0, m15, 'cardiosense/dati', ... (2252 bytes))
1782656820: Sending PUBLISH to cardiosense_subscriber (d0, q1, r0, m15, 'cardiosense/dati', ... (2252 bytes))
1782656820: Sending PUBACK to cardiosense_simulator (m15, rc0)
1782656820: Received PUBACK from cardiosense_subscriber (Mid: 15, RC:0)
1782656821: Received PUBLISH from cardiosense_simulator (d0, q1, r0, m16, 'cardiosense/dati', ... (2249 bytes))
1782656821: Sending PUBLISH to cardiosense_subscriber (d0, q1, r0, m16, 'cardiosense/dati', ... (2249 bytes))
1782656821: Sending PUBACK to cardiosense_simulator (m16, rc0)
1782656821: Received PUBACK from cardiosense_subscriber (Mid: 16, RC:0)
1782656822: Received PUBLISH from cardiosense_simulator (d0, q1, r0, m17, 'cardiosense/dati', ... (2268 bytes))
1782656822: Sending PUBLISH to cardiosense_subscriber (d0, q1, r0, m17, 'cardiosense/dati', ... (2268 bytes))
1782656822: Sending PUBACK to cardiosense_simulator (m17, rc0)
1782656822: Received PUBACK from cardiosense_subscriber (Mid: 17, RC:0)
1782656823: Received PUBLISH from cardiosense_simulator (d0, q1, r0, m18, 'cardiosense/dati', ... (2252 bytes))
1782656823: Sending PUBLISH to cardiosense_subscriber (d0, q1, r0, m18, 'cardiosense/dati', ... (2252 bytes))
1782656823: Sending PUBACK to cardiosense_simulator (m18, rc0)
1782656823: Received PUBACK from cardiosense_subscriber (Mid: 18, RC:0)
1782656824: Received PUBLISH from cardiosense_simulator (d0, q1, r0, m19, 'cardiosense/dati', ... (2257 bytes))
1782656824: Sending PUBLISH to cardiosense_subscriber (d0, q1, r0, m19, 'cardiosense/dati', ... (2257 bytes))
1782656824: Sending PUBACK to cardiosense_simulator (m19, rc0)
1782656824: Received PUBACK from cardiosense_subscriber (Mid: 19, RC:0)
1782656825: Received PUBLISH from cardiosense_simulator (d0, q1, r0, m20, 'cardiosense/dati', ... (2268 bytes))
1782656825: Sending PUBLISH to cardiosense_subscriber (d0, q1, r0, m20, 'cardiosense/dati', ... (2268 bytes))
1782656825: Sending PUBACK to cardiosense_simulator (m20, rc0)
1782656825: Received PUBACK from cardiosense_subscriber (Mid: 20, RC:0)
1782656826: Received PUBLISH from cardiosense_simulator (d0, q1, r0, m21, 'cardiosense/dati', ... (2257 bytes))
1782656826: Sending PUBLISH to cardiosense_subscriber (d0, q1, r0, m21, 'cardiosense/dati', ... (2257 bytes))
1782656826: Sending PUBACK to cardiosense_simulator (m21, rc0)
1782656826: Received PUBACK from cardiosense_subscriber (Mid: 21, RC:0)
1782656827: Received PUBLISH from cardiosense_simulator (d0, q1, r0, m22, 'cardiosense/dati', ... (2239 bytes))
1782656827: Sending PUBLISH to cardiosense_subscriber (d0, q1, r0, m22, 'cardiosense/dati', ... (2239 bytes))
1782656827: Sending PUBACK to cardiosense_simulator (m22, rc0)
1782656827: Received PUBACK from cardiosense_subscriber (Mid: 22, RC:0)
1782656828: Received PUBLISH from cardiosense_simulator (d0, q1, r0, m23, 'cardiosense/dati', ... (2255 bytes))
1782656828: Sending PUBLISH to cardiosense_subscriber (d0, q1, r0, m23, 'cardiosense/dati', ... (2255 bytes))
1782656828: Sending PUBACK to cardiosense_simulator (m23, rc0)
1782656828: Received PUBACK from cardiosense_subscriber (Mid: 23, RC:0)
1782656829: Received PUBLISH from cardiosense_simulator (d0, q1, r0, m24, 'cardiosense/dati', ... (2252 bytes))
1782656829: Sending PUBLISH to cardiosense_subscriber (d0, q1, r0, m24, 'cardiosense/dati', ... (2252 bytes))
1782656829: Sending PUBACK to cardiosense_simulator (m24, rc0)
1782656829: Received PUBACK from cardiosense_subscriber (Mid: 24, RC:0)
1782656830: Received PUBLISH from cardiosense_simulator (d0, q1, r0, m25, 'cardiosense/dati', ... (2261 bytes))
1782656830: Sending PUBLISH to cardiosense_subscriber (d0, q1, r0, m25, 'cardiosense/dati', ... (2261 bytes))
1782656830: Sending PUBACK to cardiosense_simulator (m25, rc0)
1782656830: Received PUBACK from cardiosense_subscriber (Mid: 25, RC:0)
1782656831: Received PUBLISH from cardiosense_simulator (d0, q1, r0, m26, 'cardiosense/dati', ... (2264 bytes))
1782656831: Sending PUBLISH to cardiosense_subscriber (d0, q1, r0, m26, 'cardiosense/dati', ... (2264 bytes))
1782656831: Sending PUBACK to cardiosense_simulator (m26, rc0)
1782656831: Received PUBACK from cardiosense_subscriber (Mid: 26, RC:0)
1782656832: Received PUBLISH from cardiosense_simulator (d0, q1, r0, m27, 'cardiosense/dati', ... (2265 bytes))
1782656832: Sending PUBLISH to cardiosense_subscriber (d0, q1, r0, m27, 'cardiosense/dati', ... (2265 bytes))
1782656832: Sending PUBACK to cardiosense_simulator (m27, rc0)
1782656832: Received PUBACK from cardiosense_subscriber (Mid: 27, RC:0)
1782656833: Received PUBLISH from cardiosense_simulator (d0, q1, r0, m28, 'cardiosense/dati', ... (2255 bytes))
1782656833: Sending PUBLISH to cardiosense_subscriber (d0, q1, r0, m28, 'cardiosense/dati', ... (2255 bytes))
1782656833: Sending PUBACK to cardiosense_simulator (m28, rc0)
1782656833: Received PUBACK from cardiosense_subscriber (Mid: 28, RC:0)
1782656834: Received PUBLISH from cardiosense_simulator (d0, q1, r0, m29, 'cardiosense/dati', ... (2254 bytes))
1782656834: Sending PUBLISH to cardiosense_subscriber (d0, q1, r0, m29, 'cardiosense/dati', ... (2254 bytes))
1782656834: Sending PUBACK to cardiosense_simulator (m29, rc0)
1782656834: Received PUBACK from cardiosense_subscriber (Mid: 29, RC:0)
1782656835: Received PUBLISH from cardiosense_simulator (d0, q1, r0, m30, 'cardiosense/dati', ... (2265 bytes))
1782656835: Sending PUBLISH to cardiosense_subscriber (d0, q1, r0, m30, 'cardiosense/dati', ... (2265 bytes))
1782656835: Sending PUBACK to cardiosense_simulator (m30, rc0)
1782656835: Received PUBACK from cardiosense_subscriber (Mid: 30, RC:0)
1782656836: Received PUBLISH from cardiosense_simulator (d0, q1, r0, m31, 'cardiosense/dati', ... (2257 bytes))
1782656836: Sending PUBLISH to cardiosense_subscriber (d0, q1, r0, m31, 'cardiosense/dati', ... (2257 bytes))
1782656836: Sending PUBACK to cardiosense_simulator (m31, rc0)
1782656836: Received PUBACK from cardiosense_subscriber (Mid: 31, RC:0)
1782656837: Received PUBLISH from cardiosense_simulator (d0, q1, r0, m32, 'cardiosense/dati', ... (2252 bytes))
1782656837: Sending PUBLISH to cardiosense_subscriber (d0, q1, r0, m32, 'cardiosense/dati', ... (2252 bytes))
1782656837: Sending PUBACK to cardiosense_simulator (m32, rc0)
1782656837: Received PUBACK from cardiosense_subscriber (Mid: 32, RC:0)
1782656837: Received PUBLISH from notification_service (d0, q1, r0, m1, 'cardiosense/allarmi', ... (225 bytes))
1782656837: Sending PUBLISH to dashboard_e1335c (d0, q1, r0, m1, 'cardiosense/allarmi', ... (225 bytes))
1782656837: Sending PUBACK to notification_service (m1, rc0)
1782656837: Received PUBACK from dashboard_e1335c (Mid: 1, RC:0)
1782656838: Received PUBLISH from cardiosense_simulator (d0, q1, r0, m33, 'cardiosense/dati', ... (2279 bytes))
1782656838: Sending PUBLISH to cardiosense_subscriber (d0, q1, r0, m33, 'cardiosense/dati', ... (2279 bytes))
1782656838: Sending PUBACK to cardiosense_simulator (m33, rc0)
1782656838: Received PUBACK from cardiosense_subscriber (Mid: 33, RC:0)
1782656838: Received PUBLISH from notification_service (d0, q1, r0, m2, 'cardiosense/allarmi', ... (225 bytes))
1782656838: Sending PUBLISH to dashboard_e1335c (d0, q1, r0, m2, 'cardiosense/allarmi', ... (225 bytes))
1782656838: Sending PUBACK to notification_service (m2, rc0)
1782656838: Received PUBACK from dashboard_e1335c (Mid: 2, RC:0)
1782656839: Received PUBLISH from cardiosense_simulator (d0, q1, r0, m34, 'cardiosense/dati', ... (2254 bytes))
1782656839: Sending PUBLISH to cardiosense_subscriber (d0, q1, r0, m34, 'cardiosense/dati', ... (2254 bytes))
1782656839: Sending PUBACK to cardiosense_simulator (m34, rc0)
1782656839: Received PUBACK from cardiosense_subscriber (Mid: 34, RC:0)
1782656839: Received PUBLISH from notification_service (d0, q1, r0, m3, 'cardiosense/allarmi', ... (226 bytes))
1782656839: Sending PUBLISH to dashboard_e1335c (d0, q1, r0, m3, 'cardiosense/allarmi', ... (226 bytes))
1782656839: Sending PUBACK to notification_service (m3, rc0)
1782656839: Received PINGREQ from cardiosense_subscriber
1782656839: Sending PINGRESP to cardiosense_subscriber
1782656839: Received PINGREQ from notification_service
1782656839: Sending PINGRESP to notification_service
1782656839: Received PUBACK from dashboard_e1335c (Mid: 3, RC:0)
1782656840: Received PUBLISH from cardiosense_simulator (d0, q1, r0, m35, 'cardiosense/dati', ... (2258 bytes))
1782656840: Sending PUBLISH to cardiosense_subscriber (d0, q1, r0, m35, 'cardiosense/dati', ... (2258 bytes))
1782656840: Sending PUBACK to cardiosense_simulator (m35, rc0)
1782656840: Received PUBACK from cardiosense_subscriber (Mid: 35, RC:0)
1782656840: Received PUBLISH from notification_service (d0, q1, r0, m4, 'cardiosense/allarmi', ... (225 bytes))
1782656840: Sending PUBLISH to dashboard_e1335c (d0, q1, r0, m4, 'cardiosense/allarmi', ... (225 bytes))
1782656840: Sending PUBACK to notification_service (m4, rc0)
1782656840: Received PUBACK from dashboard_e1335c (Mid: 4, RC:0)
1782656841: Received PUBLISH from cardiosense_simulator (d0, q1, r0, m36, 'cardiosense/dati', ... (2263 bytes))
1782656841: Sending PUBLISH to cardiosense_subscriber (d0, q1, r0, m36, 'cardiosense/dati', ... (2263 bytes))
1782656841: Sending PUBACK to cardiosense_simulator (m36, rc0)
1782656841: Received PUBACK from cardiosense_subscriber (Mid: 36, RC:0)
1782656841: Received PUBLISH from notification_service (d0, q1, r0, m5, 'cardiosense/allarmi', ... (225 bytes))
1782656841: Sending PUBLISH to dashboard_e1335c (d0, q1, r0, m5, 'cardiosense/allarmi', ... (225 bytes))
1782656841: Sending PUBACK to notification_service (m5, rc0)
1782656841: Received PUBACK from dashboard_e1335c (Mid: 5, RC:0)
1782656842: Received PUBLISH from cardiosense_simulator (d0, q1, r0, m37, 'cardiosense/dati', ... (2250 bytes))
1782656842: Sending PUBLISH to cardiosense_subscriber (d0, q1, r0, m37, 'cardiosense/dati', ... (2250 bytes))
1782656842: Sending PUBACK to cardiosense_simulator (m37, rc0)
1782656842: Received PUBLISH from notification_service (d0, q1, r0, m6, 'cardiosense/allarmi', ... (226 bytes))
1782656842: Sending PUBLISH to dashboard_e1335c (d0, q1, r0, m6, 'cardiosense/allarmi', ... (226 bytes))
1782656842: Sending PUBACK to notification_service (m6, rc0)
1782656842: Received PUBACK from cardiosense_subscriber (Mid: 37, RC:0)
1782656842: Received PUBACK from dashboard_e1335c (Mid: 6, RC:0)
1782656843: Received PUBLISH from cardiosense_simulator (d0, q1, r0, m38, 'cardiosense/dati', ... (2262 bytes))
1782656843: Sending PUBLISH to cardiosense_subscriber (d0, q1, r0, m38, 'cardiosense/dati', ... (2262 bytes))
1782656843: Sending PUBACK to cardiosense_simulator (m38, rc0)
1782656843: Received PUBACK from cardiosense_subscriber (Mid: 38, RC:0)
1782656843: Received PUBLISH from notification_service (d0, q1, r0, m7, 'cardiosense/allarmi', ... (226 bytes))
1782656843: Sending PUBLISH to dashboard_e1335c (d0, q1, r0, m7, 'cardiosense/allarmi', ... (226 bytes))
1782656843: Sending PUBACK to notification_service (m7, rc0)
1782656843: Received PUBACK from dashboard_e1335c (Mid: 7, RC:0)
1782656844: Received PUBLISH from cardiosense_simulator (d0, q1, r0, m39, 'cardiosense/dati', ... (2281 bytes))
1782656844: Sending PUBLISH to cardiosense_subscriber (d0, q1, r0, m39, 'cardiosense/dati', ... (2281 bytes))
1782656844: Sending PUBACK to cardiosense_simulator (m39, rc0)
1782656844: Received PUBLISH from notification_service (d0, q1, r0, m8, 'cardiosense/allarmi', ... (225 bytes))
1782656844: Sending PUBLISH to dashboard_e1335c (d0, q1, r0, m8, 'cardiosense/allarmi', ... (225 bytes))
1782656844: Sending PUBACK to notification_service (m8, rc0)
1782656844: Received PUBACK from cardiosense_subscriber (Mid: 39, RC:0)
1782656844: Received PUBACK from dashboard_e1335c (Mid: 8, RC:0)
1782656845: Received PUBLISH from cardiosense_simulator (d0, q1, r0, m40, 'cardiosense/dati', ... (2269 bytes))
1782656845: Sending PUBLISH to cardiosense_subscriber (d0, q1, r0, m40, 'cardiosense/dati', ... (2269 bytes))
1782656845: Sending PUBACK to cardiosense_simulator (m40, rc0)
1782656845: Received PUBACK from cardiosense_subscriber (Mid: 40, RC:0)
1782656845: Received PUBLISH from notification_service (d0, q1, r0, m9, 'cardiosense/allarmi', ... (225 bytes))
1782656845: Sending PUBLISH to dashboard_e1335c (d0, q1, r0, m9, 'cardiosense/allarmi', ... (225 bytes))
1782656845: Sending PUBACK to notification_service (m9, rc0)
1782656845: Received PUBACK from dashboard_e1335c (Mid: 9, RC:0)
1782656846: Received PUBLISH from cardiosense_simulator (d0, q1, r0, m41, 'cardiosense/dati', ... (2263 bytes))
1782656846: Sending PUBLISH to cardiosense_subscriber (d0, q1, r0, m41, 'cardiosense/dati', ... (2263 bytes))
1782656846: Sending PUBACK to cardiosense_simulator (m41, rc0)
1782656846: Received PUBLISH from notification_service (d0, q1, r0, m10, 'cardiosense/allarmi', ... (225 bytes))
1782656846: Sending PUBLISH to dashboard_e1335c (d0, q1, r0, m10, 'cardiosense/allarmi', ... (225 bytes))
1782656846: Sending PUBACK to notification_service (m10, rc0)
1782656846: Received PUBACK from cardiosense_subscriber (Mid: 41, RC:0)
1782656846: Received PUBACK from dashboard_e1335c (Mid: 10, RC:0)
1782656847: Received PUBLISH from cardiosense_simulator (d0, q1, r0, m42, 'cardiosense/dati', ... (2271 bytes))
1782656847: Sending PUBLISH to cardiosense_subscriber (d0, q1, r0, m42, 'cardiosense/dati', ... (2271 bytes))
1782656847: Sending PUBACK to cardiosense_simulator (m42, rc0)
1782656847: Received PUBLISH from notification_service (d0, q1, r0, m11, 'cardiosense/allarmi', ... (226 bytes))
1782656847: Sending PUBLISH to dashboard_e1335c (d0, q1, r0, m11, 'cardiosense/allarmi', ... (226 bytes))
1782656847: Sending PUBACK to notification_service (m11, rc0)
1782656847: Received PUBACK from cardiosense_subscriber (Mid: 42, RC:0)
1782656847: Received PUBACK from dashboard_e1335c (Mid: 11, RC:0)
1782656848: Received PUBLISH from cardiosense_simulator (d0, q1, r0, m43, 'cardiosense/dati', ... (2265 bytes))
1782656848: Sending PUBLISH to cardiosense_subscriber (d0, q1, r0, m43, 'cardiosense/dati', ... (2265 bytes))
1782656848: Sending PUBACK to cardiosense_simulator (m43, rc0)
1782656848: Received PUBACK from cardiosense_subscriber (Mid: 43, RC:0)
1782656848: Received PUBLISH from notification_service (d0, q1, r0, m12, 'cardiosense/allarmi', ... (225 bytes))
1782656848: Sending PUBLISH to dashboard_e1335c (d0, q1, r0, m12, 'cardiosense/allarmi', ... (225 bytes))
1782656848: Sending PUBACK to notification_service (m12, rc0)
1782656848: Received PUBACK from dashboard_e1335c (Mid: 12, RC:0)
1782656849: Received PUBLISH from cardiosense_simulator (d0, q1, r0, m44, 'cardiosense/dati', ... (2254 bytes))
1782656849: Sending PUBLISH to cardiosense_subscriber (d0, q1, r0, m44, 'cardiosense/dati', ... (2254 bytes))
1782656849: Sending PUBACK to cardiosense_simulator (m44, rc0)
1782656849: Received PUBLISH from notification_service (d0, q1, r0, m13, 'cardiosense/allarmi', ... (226 bytes))
1782656849: Sending PUBLISH to dashboard_e1335c (d0, q1, r0, m13, 'cardiosense/allarmi', ... (226 bytes))
1782656849: Sending PUBACK to notification_service (m13, rc0)
1782656849: Received PUBACK from cardiosense_subscriber (Mid: 44, RC:0)
1782656849: Received PUBACK from dashboard_e1335c (Mid: 13, RC:0)
1782656850: Received PUBLISH from cardiosense_simulator (d0, q1, r0, m45, 'cardiosense/dati', ... (2273 bytes))
1782656850: Sending PUBLISH to cardiosense_subscriber (d0, q1, r0, m45, 'cardiosense/dati', ... (2273 bytes))
1782656850: Sending PUBACK to cardiosense_simulator (m45, rc0)
1782656850: Received PUBACK from cardiosense_subscriber (Mid: 45, RC:0)
1782656850: Received PUBLISH from notification_service (d0, q1, r0, m14, 'cardiosense/allarmi', ... (225 bytes))
1782656850: Sending PUBLISH to dashboard_e1335c (d0, q1, r0, m14, 'cardiosense/allarmi', ... (225 bytes))
1782656850: Sending PUBACK to notification_service (m14, rc0)
1782656850: Received PUBACK from dashboard_e1335c (Mid: 14, RC:0)
1782656851: Received PUBLISH from cardiosense_simulator (d0, q1, r0, m46, 'cardiosense/dati', ... (2260 bytes))
1782656851: Sending PUBLISH to cardiosense_subscriber (d0, q1, r0, m46, 'cardiosense/dati', ... (2260 bytes))
1782656851: Sending PUBACK to cardiosense_simulator (m46, rc0)
1782656851: Received PUBLISH from notification_service (d0, q1, r0, m15, 'cardiosense/allarmi', ... (225 bytes))
1782656851: Sending PUBLISH to dashboard_e1335c (d0, q1, r0, m15, 'cardiosense/allarmi', ... (225 bytes))
1782656851: Sending PUBACK to notification_service (m15, rc0)
1782656851: Received PUBACK from cardiosense_subscriber (Mid: 46, RC:0)
1782656851: Received PUBACK from dashboard_e1335c (Mid: 15, RC:0)
1782656852: Received PUBLISH from cardiosense_simulator (d0, q1, r0, m47, 'cardiosense/dati', ... (2274 bytes))
1782656852: Sending PUBLISH to cardiosense_subscriber (d0, q1, r0, m47, 'cardiosense/dati', ... (2274 bytes))
1782656852: Sending PUBACK to cardiosense_simulator (m47, rc0)
1782656852: Received PUBACK from cardiosense_subscriber (Mid: 47, RC:0)
1782656852: Received PUBLISH from notification_service (d0, q1, r0, m16, 'cardiosense/allarmi', ... (225 bytes))
1782656852: Sending PUBLISH to dashboard_e1335c (d0, q1, r0, m16, 'cardiosense/allarmi', ... (225 bytes))
1782656852: Sending PUBACK to notification_service (m16, rc0)
1782656852: Received PUBACK from dashboard_e1335c (Mid: 16, RC:0)
1782656853: Received PUBLISH from cardiosense_simulator (d0, q1, r0, m48, 'cardiosense/dati', ... (2248 bytes))
1782656853: Sending PUBLISH to cardiosense_subscriber (d0, q1, r0, m48, 'cardiosense/dati', ... (2248 bytes))
1782656853: Sending PUBACK to cardiosense_simulator (m48, rc0)
1782656853: Received PUBACK from cardiosense_subscriber (Mid: 48, RC:0)
1782656854: Received PUBLISH from cardiosense_simulator (d0, q1, r0, m49, 'cardiosense/dati', ... (2260 bytes))
1782656854: Sending PUBLISH to cardiosense_subscriber (d0, q1, r0, m49, 'cardiosense/dati', ... (2260 bytes))
1782656854: Sending PUBACK to cardiosense_simulator (m49, rc0)
1782656854: Received PUBACK from cardiosense_subscriber (Mid: 49, RC:0)
1782656854: Received PINGREQ from dashboard_e1335c
1782656854: Sending PINGRESP to dashboard_e1335c
1782656855: Received PUBLISH from cardiosense_simulator (d0, q1, r0, m50, 'cardiosense/dati', ... (2261 bytes))
1782656855: Sending PUBLISH to cardiosense_subscriber (d0, q1, r0, m50, 'cardiosense/dati', ... (2261 bytes))
1782656855: Sending PUBACK to cardiosense_simulator (m50, rc0)
1782656855: Received PUBACK from cardiosense_subscriber (Mid: 50, RC:0)
1782656856: Received PUBLISH from cardiosense_simulator (d0, q1, r0, m51, 'cardiosense/dati', ... (2276 bytes))
1782656856: Sending PUBLISH to cardiosense_subscriber (d0, q1, r0, m51, 'cardiosense/dati', ... (2276 bytes))
1782656856: Sending PUBACK to cardiosense_simulator (m51, rc0)
1782656856: Received PUBACK from cardiosense_subscriber (Mid: 51, RC:0)
1782656857: Received PUBLISH from cardiosense_simulator (d0, q1, r0, m52, 'cardiosense/dati', ... (2281 bytes))
1782656857: Sending PUBLISH to cardiosense_subscriber (d0, q1, r0, m52, 'cardiosense/dati', ... (2281 bytes))
1782656857: Sending PUBACK to cardiosense_simulator (m52, rc0)
1782656857: Received PUBACK from cardiosense_subscriber (Mid: 52, RC:0)
1782656858: Received PUBLISH from cardiosense_simulator (d0, q1, r0, m53, 'cardiosense/dati', ... (2264 bytes))
1782656858: Sending PUBLISH to cardiosense_subscriber (d0, q1, r0, m53, 'cardiosense/dati', ... (2264 bytes))
1782656858: Sending PUBACK to cardiosense_simulator (m53, rc0)
1782656858: Received PUBACK from cardiosense_subscriber (Mid: 53, RC:0)
1782656859: Received PUBLISH from cardiosense_simulator (d0, q1, r0, m54, 'cardiosense/dati', ... (2269 bytes))
1782656859: Sending PUBLISH to cardiosense_subscriber (d0, q1, r0, m54, 'cardiosense/dati', ... (2269 bytes))
1782656859: Sending PUBACK to cardiosense_simulator (m54, rc0)
1782656859: Received PUBACK from cardiosense_subscriber (Mid: 54, RC:0)
1782656860: Received PUBLISH from cardiosense_simulator (d0, q1, r0, m55, 'cardiosense/dati', ... (2262 bytes))
1782656860: Sending PUBLISH to cardiosense_subscriber (d0, q1, r0, m55, 'cardiosense/dati', ... (2262 bytes))
1782656860: Sending PUBACK to cardiosense_simulator (m55, rc0)
1782656860: Received PUBACK from cardiosense_subscriber (Mid: 55, RC:0)
1782656861: Received PUBLISH from cardiosense_simulator (d0, q1, r0, m56, 'cardiosense/dati', ... (2260 bytes))
1782656861: Sending PUBLISH to cardiosense_subscriber (d0, q1, r0, m56, 'cardiosense/dati', ... (2260 bytes))
1782656861: Sending PUBACK to cardiosense_simulator (m56, rc0)
1782656861: Received PUBACK from cardiosense_subscriber (Mid: 56, RC:0)
1782656862: Received PUBLISH from cardiosense_simulator (d0, q1, r0, m57, 'cardiosense/dati', ... (2264 bytes))
1782656862: Sending PUBLISH to cardiosense_subscriber (d0, q1, r0, m57, 'cardiosense/dati', ... (2264 bytes))
1782656862: Sending PUBACK to cardiosense_simulator (m57, rc0)
1782656862: Received PUBACK from cardiosense_subscriber (Mid: 57, RC:0)
1782656863: Received PUBLISH from cardiosense_simulator (d0, q1, r0, m58, 'cardiosense/dati', ... (2244 bytes))
1782656863: Sending PUBLISH to cardiosense_subscriber (d0, q1, r0, m58, 'cardiosense/dati', ... (2244 bytes))
1782656863: Sending PUBACK to cardiosense_simulator (m58, rc0)
1782656863: Received PUBACK from cardiosense_subscriber (Mid: 58, RC:0)
1782656864: Received PUBLISH from cardiosense_simulator (d0, q1, r0, m59, 'cardiosense/dati', ... (2248 bytes))
1782656864: Sending PUBLISH to cardiosense_subscriber (d0, q1, r0, m59, 'cardiosense/dati', ... (2248 bytes))
1782656864: Sending PUBACK to cardiosense_simulator (m59, rc0)
1782656864: Received PUBACK from cardiosense_subscriber (Mid: 59, RC:0)
1782656865: Received PUBLISH from cardiosense_simulator (d0, q1, r0, m60, 'cardiosense/dati', ... (2273 bytes))
1782656865: Sending PUBLISH to cardiosense_subscriber (d0, q1, r0, m60, 'cardiosense/dati', ... (2273 bytes))
1782656865: Sending PUBACK to cardiosense_simulator (m60, rc0)
1782656865: Received PUBACK from cardiosense_subscriber (Mid: 60, RC:0)
1782656866: Received PUBLISH from cardiosense_simulator (d0, q1, r0, m61, 'cardiosense/dati', ... (2253 bytes))
1782656866: Sending PUBLISH to cardiosense_subscriber (d0, q1, r0, m61, 'cardiosense/dati', ... (2253 bytes))
1782656866: Sending PUBACK to cardiosense_simulator (m61, rc0)
1782656866: Received PINGREQ from cardiosense_simulator
1782656866: Sending PINGRESP to cardiosense_simulator
1782656866: Received PUBACK from cardiosense_subscriber (Mid: 61, RC:0)
1782656867: Received PUBLISH from cardiosense_simulator (d0, q1, r0, m62, 'cardiosense/dati', ... (2273 bytes))
1782656867: Sending PUBLISH to cardiosense_subscriber (d0, q1, r0, m62, 'cardiosense/dati', ... (2273 bytes))
1782656867: Sending PUBACK to cardiosense_simulator (m62, rc0)
1782656867: Received PUBACK from cardiosense_subscriber (Mid: 62, RC:0)
1782656868: Received PUBLISH from cardiosense_simulator (d0, q1, r0, m63, 'cardiosense/dati', ... (2265 bytes))
1782656868: Sending PUBLISH to cardiosense_subscriber (d0, q1, r0, m63, 'cardiosense/dati', ... (2265 bytes))
1782656868: Sending PUBACK to cardiosense_simulator (m63, rc0)
1782656868: Received PUBACK from cardiosense_subscriber (Mid: 63, RC:0)
1782656869: Received PUBLISH from cardiosense_simulator (d0, q1, r0, m64, 'cardiosense/dati', ... (2264 bytes))
1782656869: Sending PUBLISH to cardiosense_subscriber (d0, q1, r0, m64, 'cardiosense/dati', ... (2264 bytes))
1782656869: Sending PUBACK to cardiosense_simulator (m64, rc0)
1782656869: Received PUBACK from cardiosense_subscriber (Mid: 64, RC:0)
1782656870: Received PUBLISH from cardiosense_simulator (d0, q1, r0, m65, 'cardiosense/dati', ... (2264 bytes))
1782656870: Sending PUBLISH to cardiosense_subscriber (d0, q1, r0, m65, 'cardiosense/dati', ... (2264 bytes))
1782656870: Sending PUBACK to cardiosense_simulator (m65, rc0)
1782656870: Received PUBACK from cardiosense_subscriber (Mid: 65, RC:0)
1782656871: Received PUBLISH from cardiosense_simulator (d0, q1, r0, m66, 'cardiosense/dati', ... (2272 bytes))
1782656871: Sending PUBLISH to cardiosense_subscriber (d0, q1, r0, m66, 'cardiosense/dati', ... (2272 bytes))
1782656871: Sending PUBACK to cardiosense_simulator (m66, rc0)
1782656871: Received PUBACK from cardiosense_subscriber (Mid: 66, RC:0)
1782656872: Received PUBLISH from cardiosense_simulator (d0, q1, r0, m67, 'cardiosense/dati', ... (2257 bytes))
1782656872: Sending PUBLISH to cardiosense_subscriber (d0, q1, r0, m67, 'cardiosense/dati', ... (2257 bytes))
1782656872: Sending PUBACK to cardiosense_simulator (m67, rc0)
1782656872: Received PUBACK from cardiosense_subscriber (Mid: 67, RC:0)
1782656873: Received PUBLISH from cardiosense_simulator (d0, q1, r0, m68, 'cardiosense/dati', ... (2243 bytes))
1782656873: Sending PUBLISH to cardiosense_subscriber (d0, q1, r0, m68, 'cardiosense/dati', ... (2243 bytes))
1782656873: Sending PUBACK to cardiosense_simulator (m68, rc0)
1782656873: Received PUBACK from cardiosense_subscriber (Mid: 68, RC:0)
1782656874: Received PUBLISH from cardiosense_simulator (d0, q1, r0, m69, 'cardiosense/dati', ... (2253 bytes))
1782656874: Sending PUBLISH to cardiosense_subscriber (d0, q1, r0, m69, 'cardiosense/dati', ... (2253 bytes))
1782656874: Sending PUBACK to cardiosense_simulator (m69, rc0)
1782656874: Received PUBACK from cardiosense_subscriber (Mid: 69, RC:0)
1782656875: Received PUBLISH from cardiosense_simulator (d0, q1, r0, m70, 'cardiosense/dati', ... (2262 bytes))
1782656875: Sending PUBLISH to cardiosense_subscriber (d0, q1, r0, m70, 'cardiosense/dati', ... (2262 bytes))
1782656875: Sending PUBACK to cardiosense_simulator (m70, rc0)
1782656875: Received PUBACK from cardiosense_subscriber (Mid: 70, RC:0)
1782656876: Received PUBLISH from cardiosense_simulator (d0, q1, r0, m71, 'cardiosense/dati', ... (2256 bytes))
1782656876: Sending PUBLISH to cardiosense_subscriber (d0, q1, r0, m71, 'cardiosense/dati', ... (2256 bytes))
1782656876: Sending PUBACK to cardiosense_simulator (m71, rc0)
1782656876: Received PUBACK from cardiosense_subscriber (Mid: 71, RC:0)
1782656877: Received PUBLISH from cardiosense_simulator (d0, q1, r0, m72, 'cardiosense/dati', ... (2265 bytes))
1782656877: Sending PUBLISH to cardiosense_subscriber (d0, q1, r0, m72, 'cardiosense/dati', ... (2265 bytes))
1782656877: Sending PUBACK to cardiosense_simulator (m72, rc0)
1782656877: Received PUBACK from cardiosense_subscriber (Mid: 72, RC:0)
1782656878: Received PUBLISH from cardiosense_simulator (d0, q1, r0, m73, 'cardiosense/dati', ... (2284 bytes))
1782656878: Sending PUBLISH to cardiosense_subscriber (d0, q1, r0, m73, 'cardiosense/dati', ... (2284 bytes))
1782656878: Sending PUBACK to cardiosense_simulator (m73, rc0)
1782656878: Received PUBACK from cardiosense_subscriber (Mid: 73, RC:0)
1782656879: Received PUBLISH from cardiosense_simulator (d0, q1, r0, m74, 'cardiosense/dati', ... (2261 bytes))
1782656879: Sending PUBLISH to cardiosense_subscriber (d0, q1, r0, m74, 'cardiosense/dati', ... (2261 bytes))
1782656879: Sending PUBACK to cardiosense_simulator (m74, rc0)
1782656879: Received PUBACK from cardiosense_subscriber (Mid: 74, RC:0)
1782656880: Received PUBLISH from cardiosense_simulator (d0, q1, r0, m75, 'cardiosense/dati', ... (2256 bytes))
1782656880: Sending PUBLISH to cardiosense_subscriber (d0, q1, r0, m75, 'cardiosense/dati', ... (2256 bytes))
1782656880: Sending PUBACK to cardiosense_simulator (m75, rc0)
1782656880: Received PUBACK from cardiosense_subscriber (Mid: 75, RC:0)
1782656881: Received PUBLISH from cardiosense_simulator (d0, q1, r0, m76, 'cardiosense/dati', ... (2248 bytes))
1782656881: Sending PUBLISH to cardiosense_subscriber (d0, q1, r0, m76, 'cardiosense/dati', ... (2248 bytes))
1782656881: Sending PUBACK to cardiosense_simulator (m76, rc0)
1782656881: Received PUBACK from cardiosense_subscriber (Mid: 76, RC:0)
1782656882: Received PUBLISH from cardiosense_simulator (d0, q1, r0, m77, 'cardiosense/dati', ... (2243 bytes))
1782656882: Sending PUBLISH to cardiosense_subscriber (d0, q1, r0, m77, 'cardiosense/dati', ... (2243 bytes))
1782656882: Sending PUBACK to cardiosense_simulator (m77, rc0)
1782656882: Received PUBACK from cardiosense_subscriber (Mid: 77, RC:0)
1782656883: Received PUBLISH from cardiosense_simulator (d0, q1, r0, m78, 'cardiosense/dati', ... (2268 bytes))
1782656883: Sending PUBLISH to cardiosense_subscriber (d0, q1, r0, m78, 'cardiosense/dati', ... (2268 bytes))
1782656883: Sending PUBACK to cardiosense_simulator (m78, rc0)
1782656883: Received PUBACK from cardiosense_subscriber (Mid: 78, RC:0)
1782656884: Received PUBLISH from cardiosense_simulator (d0, q1, r0, m79, 'cardiosense/dati', ... (2267 bytes))
1782656884: Sending PUBLISH to cardiosense_subscriber (d0, q1, r0, m79, 'cardiosense/dati', ... (2267 bytes))
1782656884: Sending PUBACK to cardiosense_simulator (m79, rc0)
1782656884: Received PUBACK from cardiosense_subscriber (Mid: 79, RC:0)
1782656885: Received PUBLISH from cardiosense_simulator (d0, q1, r0, m80, 'cardiosense/dati', ... (2265 bytes))
1782656885: Sending PUBLISH to cardiosense_subscriber (d0, q1, r0, m80, 'cardiosense/dati', ... (2265 bytes))
1782656885: Sending PUBACK to cardiosense_simulator (m80, rc0)
1782656885: Received PUBACK from cardiosense_subscriber (Mid: 80, RC:0)
1782656886: Received PUBLISH from cardiosense_simulator (d0, q1, r0, m81, 'cardiosense/dati', ... (2270 bytes))
1782656886: Sending PUBLISH to cardiosense_subscriber (d0, q1, r0, m81, 'cardiosense/dati', ... (2270 bytes))
1782656886: Sending PUBACK to cardiosense_simulator (m81, rc0)
1782656886: Received PUBACK from cardiosense_subscriber (Mid: 81, RC:0)
1782656887: Received PUBLISH from cardiosense_simulator (d0, q1, r0, m82, 'cardiosense/dati', ... (2256 bytes))
1782656887: Sending PUBLISH to cardiosense_subscriber (d0, q1, r0, m82, 'cardiosense/dati', ... (2256 bytes))
1782656887: Sending PUBACK to cardiosense_simulator (m82, rc0)
1782656887: Received PUBACK from cardiosense_subscriber (Mid: 82, RC:0)
1782656888: Received PUBLISH from cardiosense_simulator (d0, q1, r0, m83, 'cardiosense/dati', ... (2246 bytes))
1782656888: Sending PUBLISH to cardiosense_subscriber (d0, q1, r0, m83, 'cardiosense/dati', ... (2246 bytes))
1782656888: Sending PUBACK to cardiosense_simulator (m83, rc0)
1782656888: Received PUBACK from cardiosense_subscriber (Mid: 83, RC:0)
1782656889: Received PUBLISH from cardiosense_simulator (d0, q1, r0, m84, 'cardiosense/dati', ... (2256 bytes))
1782656889: Sending PUBLISH to cardiosense_subscriber (d0, q1, r0, m84, 'cardiosense/dati', ... (2256 bytes))
1782656889: Sending PUBACK to cardiosense_simulator (m84, rc0)
1782656889: Received PUBACK from cardiosense_subscriber (Mid: 84, RC:0)
1782656890: Received PUBLISH from cardiosense_simulator (d0, q1, r0, m85, 'cardiosense/dati', ... (2232 bytes))
1782656890: Sending PUBLISH to cardiosense_subscriber (d0, q1, r0, m85, 'cardiosense/dati', ... (2232 bytes))
1782656890: Sending PUBACK to cardiosense_simulator (m85, rc0)
1782656890: Received PUBACK from cardiosense_subscriber (Mid: 85, RC:0)
1782656891: Received PUBLISH from cardiosense_simulator (d0, q1, r0, m86, 'cardiosense/dati', ... (2260 bytes))
1782656891: Sending PUBLISH to cardiosense_subscriber (d0, q1, r0, m86, 'cardiosense/dati', ... (2260 bytes))
1782656891: Sending PUBACK to cardiosense_simulator (m86, rc0)
1782656891: Received PUBACK from cardiosense_subscriber (Mid: 86, RC:0)
1782656892: Received PUBLISH from cardiosense_simulator (d0, q1, r0, m87, 'cardiosense/dati', ... (2264 bytes))
1782656892: Sending PUBLISH to cardiosense_subscriber (d0, q1, r0, m87, 'cardiosense/dati', ... (2264 bytes))
1782656892: Sending PUBACK to cardiosense_simulator (m87, rc0)
1782656892: Received PUBACK from cardiosense_subscriber (Mid: 87, RC:0)
1782656893: Received PUBLISH from cardiosense_simulator (d0, q1, r0, m88, 'cardiosense/dati', ... (2264 bytes))
1782656893: Sending PUBLISH to cardiosense_subscriber (d0, q1, r0, m88, 'cardiosense/dati', ... (2264 bytes))
1782656893: Sending PUBACK to cardiosense_simulator (m88, rc0)
1782656893: Received PUBACK from cardiosense_subscriber (Mid: 88, RC:0)
1782656893: Received PUBLISH from notification_service (d0, q1, r0, m17, 'cardiosense/allarmi', ... (225 bytes))
1782656893: Sending PUBLISH to dashboard_e1335c (d0, q1, r0, m17, 'cardiosense/allarmi', ... (225 bytes))
1782656893: Sending PUBACK to notification_service (m17, rc0)
1782656893: Received PUBACK from dashboard_e1335c (Mid: 17, RC:0)
1782656894: Received PUBLISH from cardiosense_simulator (d0, q1, r0, m89, 'cardiosense/dati', ... (2291 bytes))
1782656894: Sending PUBLISH to cardiosense_subscriber (d0, q1, r0, m89, 'cardiosense/dati', ... (2291 bytes))
1782656894: Sending PUBACK to cardiosense_simulator (m89, rc0)
1782656894: Received PUBLISH from notification_service (d0, q1, r0, m18, 'cardiosense/allarmi', ... (225 bytes))
1782656894: Sending PUBLISH to dashboard_e1335c (d0, q1, r0, m18, 'cardiosense/allarmi', ... (225 bytes))
1782656894: Sending PUBACK to notification_service (m18, rc0)
1782656894: Received PUBACK from cardiosense_subscriber (Mid: 89, RC:0)
1782656894: Received PUBACK from dashboard_e1335c (Mid: 18, RC:0)
1782656895: Received PUBLISH from cardiosense_simulator (d0, q1, r0, m90, 'cardiosense/dati', ... (2284 bytes))
1782656895: Sending PUBLISH to cardiosense_subscriber (d0, q1, r0, m90, 'cardiosense/dati', ... (2284 bytes))
1782656895: Sending PUBACK to cardiosense_simulator (m90, rc0)
1782656895: Received PUBLISH from notification_service (d0, q1, r0, m19, 'cardiosense/allarmi', ... (225 bytes))
1782656895: Sending PUBLISH to dashboard_e1335c (d0, q1, r0, m19, 'cardiosense/allarmi', ... (225 bytes))
1782656895: Sending PUBACK to notification_service (m19, rc0)
1782656895: Received PUBACK from cardiosense_subscriber (Mid: 90, RC:0)
1782656895: Received PUBACK from dashboard_e1335c (Mid: 19, RC:0)
1782656896: Received PUBLISH from cardiosense_simulator (d0, q1, r0, m91, 'cardiosense/dati', ... (2265 bytes))
1782656896: Sending PUBLISH to cardiosense_subscriber (d0, q1, r0, m91, 'cardiosense/dati', ... (2265 bytes))
1782656896: Sending PUBACK to cardiosense_simulator (m91, rc0)
1782656896: Received PUBACK from cardiosense_subscriber (Mid: 91, RC:0)
1782656896: Received PUBLISH from notification_service (d0, q1, r0, m20, 'cardiosense/allarmi', ... (226 bytes))
1782656896: Sending PUBLISH to dashboard_e1335c (d0, q1, r0, m20, 'cardiosense/allarmi', ... (226 bytes))
1782656896: Sending PUBACK to notification_service (m20, rc0)
1782656896: Received PUBACK from dashboard_e1335c (Mid: 20, RC:0)
1782656897: Received PUBLISH from cardiosense_simulator (d0, q1, r0, m92, 'cardiosense/dati', ... (2269 bytes))
1782656897: Sending PUBLISH to cardiosense_subscriber (d0, q1, r0, m92, 'cardiosense/dati', ... (2269 bytes))
1782656897: Sending PUBACK to cardiosense_simulator (m92, rc0)
1782656897: Received PUBACK from cardiosense_subscriber (Mid: 92, RC:0)
1782656897: Received PUBLISH from notification_service (d0, q1, r0, m21, 'cardiosense/allarmi', ... (225 bytes))
1782656897: Sending PUBLISH to dashboard_e1335c (d0, q1, r0, m21, 'cardiosense/allarmi', ... (225 bytes))
1782656897: Sending PUBACK to notification_service (m21, rc0)
1782656897: Received PUBACK from dashboard_e1335c (Mid: 21, RC:0)
1782656898: Received PUBLISH from cardiosense_simulator (d0, q1, r0, m93, 'cardiosense/dati', ... (2269 bytes))
1782656898: Sending PUBLISH to cardiosense_subscriber (d0, q1, r0, m93, 'cardiosense/dati', ... (2269 bytes))
1782656898: Sending PUBACK to cardiosense_simulator (m93, rc0)
1782656898: Received PUBACK from cardiosense_subscriber (Mid: 93, RC:0)
1782656898: Received PUBLISH from notification_service (d0, q1, r0, m22, 'cardiosense/allarmi', ... (225 bytes))
1782656898: Sending PUBLISH to dashboard_e1335c (d0, q1, r0, m22, 'cardiosense/allarmi', ... (225 bytes))
1782656898: Sending PUBACK to notification_service (m22, rc0)
1782656898: Received PUBACK from dashboard_e1335c (Mid: 22, RC:0)
1782656899: Received PUBLISH from cardiosense_simulator (d0, q1, r0, m94, 'cardiosense/dati', ... (2276 bytes))
1782656899: Sending PUBLISH to cardiosense_subscriber (d0, q1, r0, m94, 'cardiosense/dati', ... (2276 bytes))
1782656899: Sending PUBACK to cardiosense_simulator (m94, rc0)
1782656899: Received PUBACK from cardiosense_subscriber (Mid: 94, RC:0)
1782656899: Received PINGREQ from cardiosense_subscriber
1782656899: Sending PINGRESP to cardiosense_subscriber
1782656899: Received PINGREQ from notification_service
1782656899: Sending PINGRESP to notification_service
1782656900: Received PUBLISH from cardiosense_simulator (d0, q1, r0, m95, 'cardiosense/dati', ... (2268 bytes))
1782656900: Sending PUBLISH to cardiosense_subscriber (d0, q1, r0, m95, 'cardiosense/dati', ... (2268 bytes))
1782656900: Sending PUBACK to cardiosense_simulator (m95, rc0)
1782656900: Received PUBACK from cardiosense_subscriber (Mid: 95, RC:0)
1782656901: Received PUBLISH from cardiosense_simulator (d0, q1, r0, m96, 'cardiosense/dati', ... (2272 bytes))
1782656901: Sending PUBLISH to cardiosense_subscriber (d0, q1, r0, m96, 'cardiosense/dati', ... (2272 bytes))
1782656901: Sending PUBACK to cardiosense_simulator (m96, rc0)
1782656901: Received PUBACK from cardiosense_subscriber (Mid: 96, RC:0)
1782656902: Received PUBLISH from cardiosense_simulator (d0, q1, r0, m97, 'cardiosense/dati', ... (2261 bytes))
1782656902: Sending PUBLISH to cardiosense_subscriber (d0, q1, r0, m97, 'cardiosense/dati', ... (2261 bytes))
1782656902: Sending PUBACK to cardiosense_simulator (m97, rc0)
1782656902: Received PUBACK from cardiosense_subscriber (Mid: 97, RC:0)
1782656903: Received PUBLISH from cardiosense_simulator (d0, q1, r0, m98, 'cardiosense/dati', ... (2278 bytes))
1782656903: Sending PUBLISH to cardiosense_subscriber (d0, q1, r0, m98, 'cardiosense/dati', ... (2278 bytes))
1782656903: Sending PUBACK to cardiosense_simulator (m98, rc0)
1782656903: Received PUBACK from cardiosense_subscriber (Mid: 98, RC:0)
1782656904: Received PUBLISH from cardiosense_simulator (d0, q1, r0, m99, 'cardiosense/dati', ... (2253 bytes))
1782656904: Sending PUBLISH to cardiosense_subscriber (d0, q1, r0, m99, 'cardiosense/dati', ... (2253 bytes))
1782656904: Sending PUBACK to cardiosense_simulator (m99, rc0)
1782656904: Received PUBACK from cardiosense_subscriber (Mid: 99, RC:0)
1782656905: Received PUBLISH from cardiosense_simulator (d0, q1, r0, m100, 'cardiosense/dati', ... (2268 bytes))
1782656905: Sending PUBLISH to cardiosense_subscriber (d0, q1, r0, m100, 'cardiosense/dati', ... (2268 bytes))
1782656905: Sending PUBACK to cardiosense_simulator (m100, rc0)
1782656905: Received PUBACK from cardiosense_subscriber (Mid: 100, RC:0)
1782656906: Received PUBLISH from cardiosense_simulator (d0, q1, r0, m101, 'cardiosense/dati', ... (2256 bytes))
1782656906: Sending PUBLISH to cardiosense_subscriber (d0, q1, r0, m101, 'cardiosense/dati', ... (2256 bytes))
1782656906: Sending PUBACK to cardiosense_simulator (m101, rc0)
1782656906: Received PUBACK from cardiosense_subscriber (Mid: 101, RC:0)
1782656907: Received PUBLISH from cardiosense_simulator (d0, q1, r0, m102, 'cardiosense/dati', ... (2260 bytes))
1782656907: Sending PUBLISH to cardiosense_subscriber (d0, q1, r0, m102, 'cardiosense/dati', ... (2260 bytes))
1782656907: Sending PUBACK to cardiosense_simulator (m102, rc0)
1782656907: Received PUBACK from cardiosense_subscriber (Mid: 102, RC:0)
1782656908: Received PUBLISH from cardiosense_simulator (d0, q1, r0, m103, 'cardiosense/dati', ... (2277 bytes))
1782656908: Sending PUBLISH to cardiosense_subscriber (d0, q1, r0, m103, 'cardiosense/dati', ... (2277 bytes))
1782656908: Sending PUBACK to cardiosense_simulator (m103, rc0)
1782656908: Received PUBACK from cardiosense_subscriber (Mid: 103, RC:0)
1782656909: Received PUBLISH from cardiosense_simulator (d0, q1, r0, m104, 'cardiosense/dati', ... (2264 bytes))
1782656909: Sending PUBLISH to cardiosense_subscriber (d0, q1, r0, m104, 'cardiosense/dati', ... (2264 bytes))
1782656909: Sending PUBACK to cardiosense_simulator (m104, rc0)
1782656909: Received PUBACK from cardiosense_subscriber (Mid: 104, RC:0)
1782656910: Received PUBLISH from cardiosense_simulator (d0, q1, r0, m105, 'cardiosense/dati', ... (2265 bytes))
1782656910: Sending PUBLISH to cardiosense_subscriber (d0, q1, r0, m105, 'cardiosense/dati', ... (2265 bytes))
1782656910: Sending PUBACK to cardiosense_simulator (m105, rc0)
1782656910: Received PUBACK from cardiosense_subscriber (Mid: 105, RC:0)
1782656911: Received PUBLISH from cardiosense_simulator (d0, q1, r0, m106, 'cardiosense/dati', ... (2260 bytes))
1782656911: Sending PUBLISH to cardiosense_subscriber (d0, q1, r0, m106, 'cardiosense/dati', ... (2260 bytes))
1782656911: Sending PUBACK to cardiosense_simulator (m106, rc0)
1782656911: Received PUBACK from cardiosense_subscriber (Mid: 106, RC:0)
1782656912: Received PUBLISH from cardiosense_simulator (d0, q1, r0, m107, 'cardiosense/dati', ... (2261 bytes))
1782656912: Sending PUBLISH to cardiosense_subscriber (d0, q1, r0, m107, 'cardiosense/dati', ... (2261 bytes))
1782656912: Sending PUBACK to cardiosense_simulator (m107, rc0)
1782656912: Received PUBACK from cardiosense_subscriber (Mid: 107, RC:0)
1782656913: Received PUBLISH from cardiosense_simulator (d0, q1, r0, m108, 'cardiosense/dati', ... (2251 bytes))
1782656913: Sending PUBLISH to cardiosense_subscriber (d0, q1, r0, m108, 'cardiosense/dati', ... (2251 bytes))
1782656913: Sending PUBACK to cardiosense_simulator (m108, rc0)
1782656913: Received PUBACK from cardiosense_subscriber (Mid: 108, RC:0)
1782656914: Received PUBLISH from cardiosense_simulator (d0, q1, r0, m109, 'cardiosense/dati', ... (2258 bytes))
1782656914: Sending PUBLISH to cardiosense_subscriber (d0, q1, r0, m109, 'cardiosense/dati', ... (2258 bytes))
1782656914: Sending PUBACK to cardiosense_simulator (m109, rc0)
1782656914: Received PUBACK from cardiosense_subscriber (Mid: 109, RC:0)
1782656914: Received PINGREQ from dashboard_e1335c
1782656914: Sending PINGRESP to dashboard_e1335c
1782656915: Received PUBLISH from cardiosense_simulator (d0, q1, r0, m110, 'cardiosense/dati', ... (2268 bytes))
1782656915: Sending PUBLISH to cardiosense_subscriber (d0, q1, r0, m110, 'cardiosense/dati', ... (2268 bytes))
1782656915: Sending PUBACK to cardiosense_simulator (m110, rc0)
1782656915: Received PUBACK from cardiosense_subscriber (Mid: 110, RC:0)
1782656916: Received PUBLISH from cardiosense_simulator (d0, q1, r0, m111, 'cardiosense/dati', ... (2270 bytes))
1782656916: Sending PUBLISH to cardiosense_subscriber (d0, q1, r0, m111, 'cardiosense/dati', ... (2270 bytes))
1782656916: Sending PUBACK to cardiosense_simulator (m111, rc0)
1782656916: Received PUBACK from cardiosense_subscriber (Mid: 111, RC:0)
1782656917: Received PUBLISH from cardiosense_simulator (d0, q1, r0, m112, 'cardiosense/dati', ... (2245 bytes))
1782656917: Sending PUBLISH to cardiosense_subscriber (d0, q1, r0, m112, 'cardiosense/dati', ... (2245 bytes))
1782656917: Sending PUBACK to cardiosense_simulator (m112, rc0)
1782656917: Received PUBACK from cardiosense_subscriber (Mid: 112, RC:0)
1782656918: Received PUBLISH from cardiosense_simulator (d0, q1, r0, m113, 'cardiosense/dati', ... (2268 bytes))
1782656918: Sending PUBLISH to cardiosense_subscriber (d0, q1, r0, m113, 'cardiosense/dati', ... (2268 bytes))
1782656918: Sending PUBACK to cardiosense_simulator (m113, rc0)
1782656918: Received PUBACK from cardiosense_subscriber (Mid: 113, RC:0)
1782656919: Received PUBLISH from cardiosense_simulator (d0, q1, r0, m114, 'cardiosense/dati', ... (2264 bytes))
1782656919: Sending PUBLISH to cardiosense_subscriber (d0, q1, r0, m114, 'cardiosense/dati', ... (2264 bytes))
1782656919: Sending PUBACK to cardiosense_simulator (m114, rc0)
1782656919: Received PUBACK from cardiosense_subscriber (Mid: 114, RC:0)
1782656920: Received PUBLISH from cardiosense_simulator (d0, q1, r0, m115, 'cardiosense/dati', ... (2272 bytes))
1782656920: Sending PUBLISH to cardiosense_subscriber (d0, q1, r0, m115, 'cardiosense/dati', ... (2272 bytes))
1782656920: Sending PUBACK to cardiosense_simulator (m115, rc0)
1782656920: Received PUBACK from cardiosense_subscriber (Mid: 115, RC:0)
1782656921: Received PUBLISH from cardiosense_simulator (d0, q1, r0, m116, 'cardiosense/dati', ... (2252 bytes))
1782656921: Sending PUBLISH to cardiosense_subscriber (d0, q1, r0, m116, 'cardiosense/dati', ... (2252 bytes))
1782656921: Sending PUBACK to cardiosense_simulator (m116, rc0)
1782656921: Received PUBACK from cardiosense_subscriber (Mid: 116, RC:0)
1782656922: Received PUBLISH from cardiosense_simulator (d0, q1, r0, m117, 'cardiosense/dati', ... (2276 bytes))
1782656922: Sending PUBLISH to cardiosense_subscriber (d0, q1, r0, m117, 'cardiosense/dati', ... (2276 bytes))
1782656922: Sending PUBACK to cardiosense_simulator (m117, rc0)
1782656922: Received PUBACK from cardiosense_subscriber (Mid: 117, RC:0)
1782656923: Received PUBLISH from cardiosense_simulator (d0, q1, r0, m118, 'cardiosense/dati', ... (2248 bytes))
1782656923: Sending PUBLISH to cardiosense_subscriber (d0, q1, r0, m118, 'cardiosense/dati', ... (2248 bytes))
1782656923: Sending PUBACK to cardiosense_simulator (m118, rc0)
1782656923: Received PUBACK from cardiosense_subscriber (Mid: 118, RC:0)
1782656924: Received PUBLISH from cardiosense_simulator (d0, q1, r0, m119, 'cardiosense/dati', ... (2266 bytes))
1782656924: Sending PUBLISH to cardiosense_subscriber (d0, q1, r0, m119, 'cardiosense/dati', ... (2266 bytes))
1782656924: Sending PUBACK to cardiosense_simulator (m119, rc0)
1782656924: Received PUBACK from cardiosense_subscriber (Mid: 119, RC:0)
1782656925: Received PUBLISH from cardiosense_simulator (d0, q1, r0, m120, 'cardiosense/dati', ... (2237 bytes))
1782656925: Sending PUBLISH to cardiosense_subscriber (d0, q1, r0, m120, 'cardiosense/dati', ... (2237 bytes))
1782656925: Sending PUBACK to cardiosense_simulator (m120, rc0)
1782656925: Received PUBACK from cardiosense_subscriber (Mid: 120, RC:0)
1782656926: Received PUBLISH from cardiosense_simulator (d0, q1, r0, m121, 'cardiosense/dati', ... (2256 bytes))
1782656926: Sending PUBLISH to cardiosense_subscriber (d0, q1, r0, m121, 'cardiosense/dati', ... (2256 bytes))
1782656926: Sending PUBACK to cardiosense_simulator (m121, rc0)
1782656926: Received PINGREQ from cardiosense_simulator
1782656926: Sending PINGRESP to cardiosense_simulator
1782656926: Received PUBACK from cardiosense_subscriber (Mid: 121, RC:0)
1782656927: Received PUBLISH from cardiosense_simulator (d0, q1, r0, m122, 'cardiosense/dati', ... (2265 bytes))
1782656927: Sending PUBLISH to cardiosense_subscriber (d0, q1, r0, m122, 'cardiosense/dati', ... (2265 bytes))
1782656927: Sending PUBACK to cardiosense_simulator (m122, rc0)
1782656927: Received PUBACK from cardiosense_subscriber (Mid: 122, RC:0)
1782656928: Received PUBLISH from cardiosense_simulator (d0, q1, r0, m123, 'cardiosense/dati', ... (2269 bytes))
1782656928: Sending PUBLISH to cardiosense_subscriber (d0, q1, r0, m123, 'cardiosense/dati', ... (2269 bytes))
1782656928: Sending PUBACK to cardiosense_simulator (m123, rc0)
1782656928: Received PUBACK from cardiosense_subscriber (Mid: 123, RC:0)
1782656929: Received PUBLISH from cardiosense_simulator (d0, q1, r0, m124, 'cardiosense/dati', ... (2263 bytes))
1782656929: Sending PUBLISH to cardiosense_subscriber (d0, q1, r0, m124, 'cardiosense/dati', ... (2263 bytes))
1782656929: Sending PUBACK to cardiosense_simulator (m124, rc0)
1782656929: Received PUBACK from cardiosense_subscriber (Mid: 124, RC:0)
1782656930: Received PUBLISH from cardiosense_simulator (d0, q1, r0, m125, 'cardiosense/dati', ... (2258 bytes))
1782656930: Sending PUBLISH to cardiosense_subscriber (d0, q1, r0, m125, 'cardiosense/dati', ... (2258 bytes))
1782656930: Sending PUBACK to cardiosense_simulator (m125, rc0)
1782656930: Received PUBACK from cardiosense_subscriber (Mid: 125, RC:0)
1782656931: Received PUBLISH from cardiosense_simulator (d0, q1, r0, m126, 'cardiosense/dati', ... (2268 bytes))
1782656931: Sending PUBLISH to cardiosense_subscriber (d0, q1, r0, m126, 'cardiosense/dati', ... (2268 bytes))
1782656931: Sending PUBACK to cardiosense_simulator (m126, rc0)
1782656931: Received PUBACK from cardiosense_subscriber (Mid: 126, RC:0)
1782656932: Received PUBLISH from cardiosense_simulator (d0, q1, r0, m127, 'cardiosense/dati', ... (2249 bytes))
1782656932: Sending PUBLISH to cardiosense_subscriber (d0, q1, r0, m127, 'cardiosense/dati', ... (2249 bytes))
1782656932: Sending PUBACK to cardiosense_simulator (m127, rc0)
1782656932: Received PUBACK from cardiosense_subscriber (Mid: 127, RC:0)
1782656933: Received PUBLISH from cardiosense_simulator (d0, q1, r0, m128, 'cardiosense/dati', ... (2258 bytes))
1782656933: Sending PUBLISH to cardiosense_subscriber (d0, q1, r0, m128, 'cardiosense/dati', ... (2258 bytes))
1782656933: Sending PUBACK to cardiosense_simulator (m128, rc0)
1782656933: Received PUBACK from cardiosense_subscriber (Mid: 128, RC:0)
1782656934: Received PUBLISH from cardiosense_simulator (d0, q1, r0, m129, 'cardiosense/dati', ... (2264 bytes))
1782656934: Sending PUBLISH to cardiosense_subscriber (d0, q1, r0, m129, 'cardiosense/dati', ... (2264 bytes))
1782656934: Sending PUBACK to cardiosense_simulator (m129, rc0)
1782656934: Received PUBACK from cardiosense_subscriber (Mid: 129, RC:0)
1782656935: Received PUBLISH from cardiosense_simulator (d0, q1, r0, m130, 'cardiosense/dati', ... (2264 bytes))
1782656935: Sending PUBLISH to cardiosense_subscriber (d0, q1, r0, m130, 'cardiosense/dati', ... (2264 bytes))
1782656935: Sending PUBACK to cardiosense_simulator (m130, rc0)
1782656935: Received PUBACK from cardiosense_subscriber (Mid: 130, RC:0)
1782656935: Received PUBLISH from notification_service (d0, q1, r0, m23, 'cardiosense/allarmi', ... (229 bytes))
1782656935: Sending PUBLISH to dashboard_e1335c (d0, q1, r0, m23, 'cardiosense/allarmi', ... (229 bytes))
1782656935: Sending PUBACK to notification_service (m23, rc0)
1782656935: Received PUBACK from dashboard_e1335c (Mid: 23, RC:0)
1782656936: Received PUBLISH from cardiosense_simulator (d0, q1, r0, m131, 'cardiosense/dati', ... (2263 bytes))
1782656936: Sending PUBLISH to cardiosense_subscriber (d0, q1, r0, m131, 'cardiosense/dati', ... (2263 bytes))
1782656936: Sending PUBACK to cardiosense_simulator (m131, rc0)
1782656936: Received PUBLISH from notification_service (d0, q1, r0, m24, 'cardiosense/allarmi', ... (230 bytes))
1782656936: Sending PUBLISH to dashboard_e1335c (d0, q1, r0, m24, 'cardiosense/allarmi', ... (230 bytes))
1782656936: Sending PUBACK to notification_service (m24, rc0)
1782656936: Received PUBACK from cardiosense_subscriber (Mid: 131, RC:0)
1782656936: Received PUBACK from dashboard_e1335c (Mid: 24, RC:0)
1782656937: Received PUBLISH from cardiosense_simulator (d0, q1, r0, m132, 'cardiosense/dati', ... (2262 bytes))
1782656937: Sending PUBLISH to cardiosense_subscriber (d0, q1, r0, m132, 'cardiosense/dati', ... (2262 bytes))
1782656937: Sending PUBACK to cardiosense_simulator (m132, rc0)
1782656937: Received PUBACK from cardiosense_subscriber (Mid: 132, RC:0)
1782656937: Received PUBLISH from notification_service (d0, q1, r0, m25, 'cardiosense/allarmi', ... (229 bytes))
1782656937: Sending PUBLISH to dashboard_e1335c (d0, q1, r0, m25, 'cardiosense/allarmi', ... (229 bytes))
1782656937: Sending PUBACK to notification_service (m25, rc0)
1782656937: Received PUBACK from dashboard_e1335c (Mid: 25, RC:0)
1782656938: Received PUBLISH from cardiosense_simulator (d0, q1, r0, m133, 'cardiosense/dati', ... (2266 bytes))
1782656938: Sending PUBLISH to cardiosense_subscriber (d0, q1, r0, m133, 'cardiosense/dati', ... (2266 bytes))
1782656938: Sending PUBACK to cardiosense_simulator (m133, rc0)
1782656938: Received PUBLISH from notification_service (d0, q1, r0, m26, 'cardiosense/allarmi', ... (230 bytes))
1782656938: Sending PUBLISH to dashboard_e1335c (d0, q1, r0, m26, 'cardiosense/allarmi', ... (230 bytes))
1782656938: Sending PUBACK to notification_service (m26, rc0)
1782656938: Received PUBACK from cardiosense_subscriber (Mid: 133, RC:0)
1782656938: Received PUBACK from dashboard_e1335c (Mid: 26, RC:0)
1782656939: Received PUBLISH from cardiosense_simulator (d0, q1, r0, m134, 'cardiosense/dati', ... (2268 bytes))
1782656939: Sending PUBLISH to cardiosense_subscriber (d0, q1, r0, m134, 'cardiosense/dati', ... (2268 bytes))
1782656939: Sending PUBACK to cardiosense_simulator (m134, rc0)
1782656939: Received PUBACK from cardiosense_subscriber (Mid: 134, RC:0)
1782656939: Received PUBLISH from notification_service (d0, q1, r0, m27, 'cardiosense/allarmi', ... (230 bytes))
1782656939: Sending PUBLISH to dashboard_e1335c (d0, q1, r0, m27, 'cardiosense/allarmi', ... (230 bytes))
1782656939: Sending PUBACK to notification_service (m27, rc0)
1782656939: Received PUBACK from dashboard_e1335c (Mid: 27, RC:0)
1782656940: Received PUBLISH from cardiosense_simulator (d0, q1, r0, m135, 'cardiosense/dati', ... (2277 bytes))
1782656940: Sending PUBLISH to cardiosense_subscriber (d0, q1, r0, m135, 'cardiosense/dati', ... (2277 bytes))
1782656940: Sending PUBACK to cardiosense_simulator (m135, rc0)
1782656940: Received PUBLISH from notification_service (d0, q1, r0, m28, 'cardiosense/allarmi', ... (230 bytes))
1782656940: Sending PUBLISH to dashboard_e1335c (d0, q1, r0, m28, 'cardiosense/allarmi', ... (230 bytes))
1782656940: Sending PUBACK to notification_service (m28, rc0)
1782656940: Received PUBACK from cardiosense_subscriber (Mid: 135, RC:0)
1782656940: Received PUBACK from dashboard_e1335c (Mid: 28, RC:0)
1782656941: Received PUBLISH from cardiosense_simulator (d0, q1, r0, m136, 'cardiosense/dati', ... (2274 bytes))
1782656941: Sending PUBLISH to cardiosense_subscriber (d0, q1, r0, m136, 'cardiosense/dati', ... (2274 bytes))
1782656941: Sending PUBACK to cardiosense_simulator (m136, rc0)
1782656941: Received PUBACK from cardiosense_subscriber (Mid: 136, RC:0)
1782656941: Received PUBLISH from notification_service (d0, q1, r0, m29, 'cardiosense/allarmi', ... (230 bytes))
1782656941: Sending PUBLISH to dashboard_e1335c (d0, q1, r0, m29, 'cardiosense/allarmi', ... (230 bytes))
1782656941: Sending PUBACK to notification_service (m29, rc0)
1782656941: Received PUBACK from dashboard_e1335c (Mid: 29, RC:0)
1782656942: Received PUBLISH from cardiosense_simulator (d0, q1, r0, m137, 'cardiosense/dati', ... (2271 bytes))
1782656942: Sending PUBLISH to cardiosense_subscriber (d0, q1, r0, m137, 'cardiosense/dati', ... (2271 bytes))
1782656942: Sending PUBACK to cardiosense_simulator (m137, rc0)
1782656942: Received PUBACK from cardiosense_subscriber (Mid: 137, RC:0)
1782656942: Received PUBLISH from notification_service (d0, q1, r0, m30, 'cardiosense/allarmi', ... (229 bytes))
1782656942: Sending PUBLISH to dashboard_e1335c (d0, q1, r0, m30, 'cardiosense/allarmi', ... (229 bytes))
1782656942: Sending PUBACK to notification_service (m30, rc0)
1782656942: Received PUBACK from dashboard_e1335c (Mid: 30, RC:0)
1782656943: Received PUBLISH from cardiosense_simulator (d0, q1, r0, m138, 'cardiosense/dati', ... (2278 bytes))
1782656943: Sending PUBLISH to cardiosense_subscriber (d0, q1, r0, m138, 'cardiosense/dati', ... (2278 bytes))
1782656943: Sending PUBACK to cardiosense_simulator (m138, rc0)
1782656943: Received PUBLISH from notification_service (d0, q1, r0, m31, 'cardiosense/allarmi', ... (230 bytes))
1782656943: Sending PUBLISH to dashboard_e1335c (d0, q1, r0, m31, 'cardiosense/allarmi', ... (230 bytes))
1782656943: Sending PUBACK to notification_service (m31, rc0)
1782656943: Received PUBACK from cardiosense_subscriber (Mid: 138, RC:0)
1782656943: Received PUBACK from dashboard_e1335c (Mid: 31, RC:0)
1782656944: Received PUBLISH from cardiosense_simulator (d0, q1, r0, m139, 'cardiosense/dati', ... (2256 bytes))
1782656944: Sending PUBLISH to cardiosense_subscriber (d0, q1, r0, m139, 'cardiosense/dati', ... (2256 bytes))
1782656944: Sending PUBACK to cardiosense_simulator (m139, rc0)
1782656944: Received PUBACK from cardiosense_subscriber (Mid: 139, RC:0)
1782656945: Received PUBLISH from cardiosense_simulator (d0, q1, r0, m140, 'cardiosense/dati', ... (2266 bytes))
1782656945: Sending PUBLISH to cardiosense_subscriber (d0, q1, r0, m140, 'cardiosense/dati', ... (2266 bytes))
1782656945: Sending PUBACK to cardiosense_simulator (m140, rc0)
1782656945: Received PUBACK from cardiosense_subscriber (Mid: 140, RC:0)
1782656946: Received PUBLISH from cardiosense_simulator (d0, q1, r0, m141, 'cardiosense/dati', ... (2253 bytes))
1782656946: Sending PUBLISH to cardiosense_subscriber (d0, q1, r0, m141, 'cardiosense/dati', ... (2253 bytes))
1782656946: Sending PUBACK to cardiosense_simulator (m141, rc0)
1782656946: Received PUBACK from cardiosense_subscriber (Mid: 141, RC:0)
1782656947: Received DISCONNECT from cardiosense_simulator
1782656947: Client cardiosense_simulator disconnected.
1782656959: Received PINGREQ from notification_service
1782656959: Sending PINGRESP to notification_service
1782656959: Received PINGREQ from cardiosense_subscriber
1782656959: Sending PINGRESP to cardiosense_subscriber
1782656974: Received PINGREQ from dashboard_e1335c
1782656974: Sending PINGRESP to dashboard_e1335c
1782657020: Received PINGREQ from cardiosense_subscriber
1782657020: Sending PINGRESP to cardiosense_subscriber
1782657020: Received PINGREQ from notification_service
1782657020: Sending PINGRESP to notification_service
1782657065: Client dashboard_e1335c closed its connection.
1782657080: Received PINGREQ from notification_service
1782657080: Sending PINGRESP to notification_service
1782657080: Received PINGREQ from cardiosense_subscriber
1782657080: Sending PINGRESP to cardiosense_subscriber
1782657140: Received PINGREQ from notification_service
1782657140: Sending PINGRESP to notification_service
1782657140: Received PINGREQ from cardiosense_subscriber
1782657140: Sending PINGRESP to cardiosense_subscriber
1782657142: New client connected from 172.18.0.1:34716 as dashboard_084e79 (p2, c1, k60).
1782657142: No will message specified.
1782657142: Sending CONNACK to dashboard_084e79 (0, 0)
1782657142: Received SUBSCRIBE from dashboard_084e79
1782657142: 	cardiosense/allarmi (QoS 1)
1782657142: dashboard_084e79 1 cardiosense/allarmi
1782657142: Sending SUBACK to dashboard_084e79
1782657154: New connection from 172.18.0.1:44658 on port 1883.
1782657154: New client connected from 172.18.0.1:44658 as cardiosense_simulator (p2, c1, k60).
1782657154: No will message specified.
1782657154: Sending CONNACK to cardiosense_simulator (0, 0)
1782657154: Received PUBLISH from cardiosense_simulator (d0, q1, r0, m1, 'cardiosense/dati', ... (2251 bytes))
1782657154: Sending PUBLISH to cardiosense_subscriber (d0, q1, r0, m142, 'cardiosense/dati', ... (2251 bytes))
1782657154: Sending PUBACK to cardiosense_simulator (m1, rc0)
1782657154: Received PUBACK from cardiosense_subscriber (Mid: 142, RC:0)
1782657155: Received PUBLISH from cardiosense_simulator (d0, q1, r0, m2, 'cardiosense/dati', ... (2255 bytes))
1782657155: Sending PUBLISH to cardiosense_subscriber (d0, q1, r0, m143, 'cardiosense/dati', ... (2255 bytes))
1782657155: Sending PUBACK to cardiosense_simulator (m2, rc0)
1782657155: Received PUBACK from cardiosense_subscriber (Mid: 143, RC:0)
1782657156: Received PUBLISH from cardiosense_simulator (d0, q1, r0, m3, 'cardiosense/dati', ... (2278 bytes))
1782657156: Sending PUBLISH to cardiosense_subscriber (d0, q1, r0, m144, 'cardiosense/dati', ... (2278 bytes))
1782657156: Sending PUBACK to cardiosense_simulator (m3, rc0)
1782657156: Received PUBACK from cardiosense_subscriber (Mid: 144, RC:0)
1782657157: Received PUBLISH from cardiosense_simulator (d0, q1, r0, m4, 'cardiosense/dati', ... (2267 bytes))
1782657157: Sending PUBLISH to cardiosense_subscriber (d0, q1, r0, m145, 'cardiosense/dati', ... (2267 bytes))
1782657157: Sending PUBACK to cardiosense_simulator (m4, rc0)
1782657157: Received PUBACK from cardiosense_subscriber (Mid: 145, RC:0)
1782657158: Received PUBLISH from cardiosense_simulator (d0, q1, r0, m5, 'cardiosense/dati', ... (2255 bytes))
1782657158: Sending PUBLISH to cardiosense_subscriber (d0, q1, r0, m146, 'cardiosense/dati', ... (2255 bytes))
1782657158: Sending PUBACK to cardiosense_simulator (m5, rc0)
1782657158: Received PUBACK from cardiosense_subscriber (Mid: 146, RC:0)
1782657159: Received PUBLISH from cardiosense_simulator (d0, q1, r0, m6, 'cardiosense/dati', ... (2273 bytes))
1782657159: Sending PUBLISH to cardiosense_subscriber (d0, q1, r0, m147, 'cardiosense/dati', ... (2273 bytes))
1782657159: Sending PUBACK to cardiosense_simulator (m6, rc0)
1782657159: Received PUBACK from cardiosense_subscriber (Mid: 147, RC:0)
1782657160: Received PUBLISH from cardiosense_simulator (d0, q1, r0, m7, 'cardiosense/dati', ... (2253 bytes))
1782657160: Sending PUBLISH to cardiosense_subscriber (d0, q1, r0, m148, 'cardiosense/dati', ... (2253 bytes))
1782657160: Sending PUBACK to cardiosense_simulator (m7, rc0)
1782657160: Received PUBACK from cardiosense_subscriber (Mid: 148, RC:0)
1782657161: Received PUBLISH from cardiosense_simulator (d0, q1, r0, m8, 'cardiosense/dati', ... (2265 bytes))
1782657161: Sending PUBLISH to cardiosense_subscriber (d0, q1, r0, m149, 'cardiosense/dati', ... (2265 bytes))
1782657161: Sending PUBACK to cardiosense_simulator (m8, rc0)
1782657161: Received PUBACK from cardiosense_subscriber (Mid: 149, RC:0)
1782657162: Received PUBLISH from cardiosense_simulator (d0, q1, r0, m9, 'cardiosense/dati', ... (2276 bytes))
1782657162: Sending PUBLISH to cardiosense_subscriber (d0, q1, r0, m150, 'cardiosense/dati', ... (2276 bytes))
1782657162: Sending PUBACK to cardiosense_simulator (m9, rc0)
1782657162: Received PUBACK from cardiosense_subscriber (Mid: 150, RC:0)
1782657163: Received PUBLISH from cardiosense_simulator (d0, q1, r0, m10, 'cardiosense/dati', ... (2264 bytes))
1782657163: Sending PUBLISH to cardiosense_subscriber (d0, q1, r0, m151, 'cardiosense/dati', ... (2264 bytes))
1782657163: Sending PUBACK to cardiosense_simulator (m10, rc0)
1782657163: Received PUBACK from cardiosense_subscriber (Mid: 151, RC:0)
1782657164: Received PUBLISH from cardiosense_simulator (d0, q1, r0, m11, 'cardiosense/dati', ... (2246 bytes))
1782657164: Sending PUBLISH to cardiosense_subscriber (d0, q1, r0, m152, 'cardiosense/dati', ... (2246 bytes))
1782657164: Sending PUBACK to cardiosense_simulator (m11, rc0)
1782657164: Received PUBACK from cardiosense_subscriber (Mid: 152, RC:0)
1782657165: Received PUBLISH from cardiosense_simulator (d0, q1, r0, m12, 'cardiosense/dati', ... (2264 bytes))
1782657165: Sending PUBLISH to cardiosense_subscriber (d0, q1, r0, m153, 'cardiosense/dati', ... (2264 bytes))
1782657165: Sending PUBACK to cardiosense_simulator (m12, rc0)
1782657165: Received PUBACK from cardiosense_subscriber (Mid: 153, RC:0)
1782657166: Received PUBLISH from cardiosense_simulator (d0, q1, r0, m13, 'cardiosense/dati', ... (2269 bytes))
1782657166: Sending PUBLISH to cardiosense_subscriber (d0, q1, r0, m154, 'cardiosense/dati', ... (2269 bytes))
1782657166: Sending PUBACK to cardiosense_simulator (m13, rc0)
1782657166: Received PUBACK from cardiosense_subscriber (Mid: 154, RC:0)
1782657167: Received PUBLISH from cardiosense_simulator (d0, q1, r0, m14, 'cardiosense/dati', ... (2245 bytes))
1782657167: Sending PUBLISH to cardiosense_subscriber (d0, q1, r0, m155, 'cardiosense/dati', ... (2245 bytes))
1782657167: Sending PUBACK to cardiosense_simulator (m14, rc0)
1782657167: Received PUBACK from cardiosense_subscriber (Mid: 155, RC:0)
1782657168: Received PUBLISH from cardiosense_simulator (d0, q1, r0, m15, 'cardiosense/dati', ... (2264 bytes))
1782657168: Sending PUBLISH to cardiosense_subscriber (d0, q1, r0, m156, 'cardiosense/dati', ... (2264 bytes))
1782657168: Sending PUBACK to cardiosense_simulator (m15, rc0)
1782657168: Received PUBACK from cardiosense_subscriber (Mid: 156, RC:0)
1782657169: Received PUBLISH from cardiosense_simulator (d0, q1, r0, m16, 'cardiosense/dati', ... (2261 bytes))
1782657169: Sending PUBLISH to cardiosense_subscriber (d0, q1, r0, m157, 'cardiosense/dati', ... (2261 bytes))
1782657169: Sending PUBACK to cardiosense_simulator (m16, rc0)
1782657169: Received PUBACK from cardiosense_subscriber (Mid: 157, RC:0)
1782657170: Received PUBLISH from cardiosense_simulator (d0, q1, r0, m17, 'cardiosense/dati', ... (2254 bytes))
1782657170: Sending PUBLISH to cardiosense_subscriber (d0, q1, r0, m158, 'cardiosense/dati', ... (2254 bytes))
1782657170: Sending PUBACK to cardiosense_simulator (m17, rc0)
1782657170: Received PUBACK from cardiosense_subscriber (Mid: 158, RC:0)
1782657171: Received PUBLISH from cardiosense_simulator (d0, q1, r0, m18, 'cardiosense/dati', ... (2262 bytes))
1782657171: Sending PUBLISH to cardiosense_subscriber (d0, q1, r0, m159, 'cardiosense/dati', ... (2262 bytes))
1782657171: Sending PUBACK to cardiosense_simulator (m18, rc0)
1782657171: Received PUBACK from cardiosense_subscriber (Mid: 159, RC:0)
1782657172: Received PUBLISH from cardiosense_simulator (d0, q1, r0, m19, 'cardiosense/dati', ... (2266 bytes))
1782657172: Sending PUBLISH to cardiosense_subscriber (d0, q1, r0, m160, 'cardiosense/dati', ... (2266 bytes))
1782657172: Sending PUBACK to cardiosense_simulator (m19, rc0)
1782657172: Received PUBACK from cardiosense_subscriber (Mid: 160, RC:0)
1782657173: Received PUBLISH from cardiosense_simulator (d0, q1, r0, m20, 'cardiosense/dati', ... (2263 bytes))
1782657173: Sending PUBLISH to cardiosense_subscriber (d0, q1, r0, m161, 'cardiosense/dati', ... (2263 bytes))
1782657173: Sending PUBACK to cardiosense_simulator (m20, rc0)
1782657173: Received PUBACK from cardiosense_subscriber (Mid: 161, RC:0)
1782657174: Received PUBLISH from cardiosense_simulator (d0, q1, r0, m21, 'cardiosense/dati', ... (2262 bytes))
1782657174: Sending PUBLISH to cardiosense_subscriber (d0, q1, r0, m162, 'cardiosense/dati', ... (2262 bytes))
1782657174: Sending PUBACK to cardiosense_simulator (m21, rc0)
1782657174: Received PUBACK from cardiosense_subscriber (Mid: 162, RC:0)
1782657175: Received PUBLISH from cardiosense_simulator (d0, q1, r0, m22, 'cardiosense/dati', ... (2263 bytes))
1782657175: Sending PUBLISH to cardiosense_subscriber (d0, q1, r0, m163, 'cardiosense/dati', ... (2263 bytes))
1782657175: Sending PUBACK to cardiosense_simulator (m22, rc0)
1782657175: Received PUBACK from cardiosense_subscriber (Mid: 163, RC:0)
1782657176: Received PUBLISH from cardiosense_simulator (d0, q1, r0, m23, 'cardiosense/dati', ... (2250 bytes))
1782657176: Sending PUBLISH to cardiosense_subscriber (d0, q1, r0, m164, 'cardiosense/dati', ... (2250 bytes))
1782657176: Sending PUBACK to cardiosense_simulator (m23, rc0)
1782657176: Received PUBACK from cardiosense_subscriber (Mid: 164, RC:0)
1782657177: Received PUBLISH from cardiosense_simulator (d0, q1, r0, m24, 'cardiosense/dati', ... (2268 bytes))
1782657177: Sending PUBLISH to cardiosense_subscriber (d0, q1, r0, m165, 'cardiosense/dati', ... (2268 bytes))
1782657177: Sending PUBACK to cardiosense_simulator (m24, rc0)
1782657177: Received PUBACK from cardiosense_subscriber (Mid: 165, RC:0)
1782657178: Received PUBLISH from cardiosense_simulator (d0, q1, r0, m25, 'cardiosense/dati', ... (2256 bytes))
1782657178: Sending PUBLISH to cardiosense_subscriber (d0, q1, r0, m166, 'cardiosense/dati', ... (2256 bytes))
1782657178: Sending PUBACK to cardiosense_simulator (m25, rc0)
1782657178: Received PUBACK from cardiosense_subscriber (Mid: 166, RC:0)
1782657179: Received PUBLISH from cardiosense_simulator (d0, q1, r0, m26, 'cardiosense/dati', ... (2251 bytes))
1782657179: Sending PUBLISH to cardiosense_subscriber (d0, q1, r0, m167, 'cardiosense/dati', ... (2251 bytes))
1782657179: Sending PUBACK to cardiosense_simulator (m26, rc0)
1782657179: Received PUBACK from cardiosense_subscriber (Mid: 167, RC:0)
1782657180: Received PUBLISH from cardiosense_simulator (d0, q1, r0, m27, 'cardiosense/dati', ... (2246 bytes))
1782657180: Sending PUBLISH to cardiosense_subscriber (d0, q1, r0, m168, 'cardiosense/dati', ... (2246 bytes))
1782657180: Sending PUBACK to cardiosense_simulator (m27, rc0)
1782657180: Received PUBACK from cardiosense_subscriber (Mid: 168, RC:0)
1782657181: Received PUBLISH from cardiosense_simulator (d0, q1, r0, m28, 'cardiosense/dati', ... (2258 bytes))
1782657181: Sending PUBLISH to cardiosense_subscriber (d0, q1, r0, m169, 'cardiosense/dati', ... (2258 bytes))
1782657181: Sending PUBACK to cardiosense_simulator (m28, rc0)
1782657181: Received PUBACK from cardiosense_subscriber (Mid: 169, RC:0)
1782657182: Received PUBLISH from cardiosense_simulator (d0, q1, r0, m29, 'cardiosense/dati', ... (2269 bytes))
1782657182: Sending PUBLISH to cardiosense_subscriber (d0, q1, r0, m170, 'cardiosense/dati', ... (2269 bytes))
1782657182: Sending PUBACK to cardiosense_simulator (m29, rc0)
1782657182: Received PUBACK from cardiosense_subscriber (Mid: 170, RC:0)
1782657183: Received PUBLISH from cardiosense_simulator (d0, q1, r0, m30, 'cardiosense/dati', ... (2267 bytes))
1782657183: Sending PUBLISH to cardiosense_subscriber (d0, q1, r0, m171, 'cardiosense/dati', ... (2267 bytes))
1782657183: Sending PUBACK to cardiosense_simulator (m30, rc0)
1782657183: Received PUBACK from cardiosense_subscriber (Mid: 171, RC:0)
1782657184: Received PUBLISH from cardiosense_simulator (d0, q1, r0, m31, 'cardiosense/dati', ... (2263 bytes))
1782657184: Sending PUBLISH to cardiosense_subscriber (d0, q1, r0, m172, 'cardiosense/dati', ... (2263 bytes))
1782657184: Sending PUBACK to cardiosense_simulator (m31, rc0)
1782657184: Received PUBACK from cardiosense_subscriber (Mid: 172, RC:0)
1782657185: Received PUBLISH from cardiosense_simulator (d0, q1, r0, m32, 'cardiosense/dati', ... (2273 bytes))
1782657185: Sending PUBLISH to cardiosense_subscriber (d0, q1, r0, m173, 'cardiosense/dati', ... (2273 bytes))
1782657185: Sending PUBACK to cardiosense_simulator (m32, rc0)
1782657185: Received PUBACK from cardiosense_subscriber (Mid: 173, RC:0)
1782657186: Received PUBLISH from cardiosense_simulator (d0, q1, r0, m33, 'cardiosense/dati', ... (2261 bytes))
1782657186: Sending PUBLISH to cardiosense_subscriber (d0, q1, r0, m174, 'cardiosense/dati', ... (2261 bytes))
1782657186: Sending PUBACK to cardiosense_simulator (m33, rc0)
1782657186: Received PUBACK from cardiosense_subscriber (Mid: 174, RC:0)
1782657187: Received PUBLISH from cardiosense_simulator (d0, q1, r0, m34, 'cardiosense/dati', ... (2254 bytes))
1782657187: Sending PUBLISH to cardiosense_subscriber (d0, q1, r0, m175, 'cardiosense/dati', ... (2254 bytes))
1782657187: Sending PUBACK to cardiosense_simulator (m34, rc0)
1782657187: Received PUBACK from cardiosense_subscriber (Mid: 175, RC:0)
1782657188: Received PUBLISH from cardiosense_simulator (d0, q1, r0, m35, 'cardiosense/dati', ... (2272 bytes))
1782657188: Sending PUBLISH to cardiosense_subscriber (d0, q1, r0, m176, 'cardiosense/dati', ... (2272 bytes))
1782657188: Sending PUBACK to cardiosense_simulator (m35, rc0)
1782657188: Received PUBACK from cardiosense_subscriber (Mid: 176, RC:0)
1782657189: Received PUBLISH from cardiosense_simulator (d0, q1, r0, m36, 'cardiosense/dati', ... (2241 bytes))
1782657189: Sending PUBLISH to cardiosense_subscriber (d0, q1, r0, m177, 'cardiosense/dati', ... (2241 bytes))
1782657189: Sending PUBACK to cardiosense_simulator (m36, rc0)
1782657189: Received PUBLISH from notification_service (d0, q1, r0, m32, 'cardiosense/allarmi', ... (229 bytes))
1782657189: Sending PUBLISH to dashboard_084e79 (d0, q1, r0, m1, 'cardiosense/allarmi', ... (229 bytes))
1782657189: Sending PUBACK to notification_service (m32, rc0)
1782657189: Received PUBACK from cardiosense_subscriber (Mid: 177, RC:0)
1782657189: Received PUBACK from dashboard_084e79 (Mid: 1, RC:0)
1782657190: Received PUBLISH from cardiosense_simulator (d0, q1, r0, m37, 'cardiosense/dati', ... (2256 bytes))
1782657190: Sending PUBLISH to cardiosense_subscriber (d0, q1, r0, m178, 'cardiosense/dati', ... (2256 bytes))
1782657190: Sending PUBACK to cardiosense_simulator (m37, rc0)
1782657190: Received PUBACK from cardiosense_subscriber (Mid: 178, RC:0)
1782657190: Received PUBLISH from notification_service (d0, q1, r0, m33, 'cardiosense/allarmi', ... (229 bytes))
1782657190: Sending PUBLISH to dashboard_084e79 (d0, q1, r0, m2, 'cardiosense/allarmi', ... (229 bytes))
1782657190: Sending PUBACK to notification_service (m33, rc0)
1782657190: Received PUBACK from dashboard_084e79 (Mid: 2, RC:0)
1782657191: Received PUBLISH from cardiosense_simulator (d0, q1, r0, m38, 'cardiosense/dati', ... (2246 bytes))
1782657191: Sending PUBLISH to cardiosense_subscriber (d0, q1, r0, m179, 'cardiosense/dati', ... (2246 bytes))
1782657191: Sending PUBACK to cardiosense_simulator (m38, rc0)
1782657191: Received PUBACK from cardiosense_subscriber (Mid: 179, RC:0)
1782657191: Received PUBLISH from notification_service (d0, q1, r0, m34, 'cardiosense/allarmi', ... (229 bytes))
1782657191: Sending PUBLISH to dashboard_084e79 (d0, q1, r0, m3, 'cardiosense/allarmi', ... (229 bytes))
1782657191: Sending PUBACK to notification_service (m34, rc0)
1782657191: Received PUBACK from dashboard_084e79 (Mid: 3, RC:0)
1782657192: Received PUBLISH from cardiosense_simulator (d0, q1, r0, m39, 'cardiosense/dati', ... (2265 bytes))
1782657192: Sending PUBLISH to cardiosense_subscriber (d0, q1, r0, m180, 'cardiosense/dati', ... (2265 bytes))
1782657192: Sending PUBACK to cardiosense_simulator (m39, rc0)
1782657192: Received PUBLISH from notification_service (d0, q1, r0, m35, 'cardiosense/allarmi', ... (230 bytes))
1782657192: Sending PUBLISH to dashboard_084e79 (d0, q1, r0, m4, 'cardiosense/allarmi', ... (230 bytes))
1782657192: Sending PUBACK to notification_service (m35, rc0)
1782657192: Received PUBACK from cardiosense_subscriber (Mid: 180, RC:0)
1782657192: Received PUBACK from dashboard_084e79 (Mid: 4, RC:0)
1782657193: Received PUBLISH from cardiosense_simulator (d0, q1, r0, m40, 'cardiosense/dati', ... (2272 bytes))
1782657193: Sending PUBLISH to cardiosense_subscriber (d0, q1, r0, m181, 'cardiosense/dati', ... (2272 bytes))
1782657193: Sending PUBACK to cardiosense_simulator (m40, rc0)
1782657193: Received PUBACK from cardiosense_subscriber (Mid: 181, RC:0)
1782657194: Received PUBLISH from cardiosense_simulator (d0, q1, r0, m41, 'cardiosense/dati', ... (2267 bytes))
1782657194: Sending PUBLISH to cardiosense_subscriber (d0, q1, r0, m182, 'cardiosense/dati', ... (2267 bytes))
1782657194: Sending PUBACK to cardiosense_simulator (m41, rc0)
1782657194: Received PUBLISH from notification_service (d0, q1, r0, m36, 'cardiosense/allarmi', ... (229 bytes))
1782657194: Sending PUBLISH to dashboard_084e79 (d0, q1, r0, m5, 'cardiosense/allarmi', ... (229 bytes))
1782657194: Sending PUBACK to notification_service (m36, rc0)
1782657194: Received PUBACK from cardiosense_subscriber (Mid: 182, RC:0)
1782657194: Received PUBACK from dashboard_084e79 (Mid: 5, RC:0)
1782657195: Received PUBLISH from cardiosense_simulator (d0, q1, r0, m42, 'cardiosense/dati', ... (2275 bytes))
1782657195: Sending PUBLISH to cardiosense_subscriber (d0, q1, r0, m183, 'cardiosense/dati', ... (2275 bytes))
1782657195: Sending PUBACK to cardiosense_simulator (m42, rc0)
1782657195: Received PUBLISH from notification_service (d0, q1, r0, m37, 'cardiosense/allarmi', ... (230 bytes))
1782657195: Sending PUBLISH to dashboard_084e79 (d0, q1, r0, m6, 'cardiosense/allarmi', ... (230 bytes))
1782657195: Sending PUBACK to notification_service (m37, rc0)
1782657195: Received PUBACK from cardiosense_subscriber (Mid: 183, RC:0)
1782657195: Received PUBACK from dashboard_084e79 (Mid: 6, RC:0)
1782657196: Received PUBLISH from cardiosense_simulator (d0, q1, r0, m43, 'cardiosense/dati', ... (2274 bytes))
1782657196: Sending PUBLISH to cardiosense_subscriber (d0, q1, r0, m184, 'cardiosense/dati', ... (2274 bytes))
1782657196: Sending PUBACK to cardiosense_simulator (m43, rc0)
1782657196: Received PUBLISH from notification_service (d0, q1, r0, m38, 'cardiosense/allarmi', ... (230 bytes))
1782657196: Sending PUBLISH to dashboard_084e79 (d0, q1, r0, m7, 'cardiosense/allarmi', ... (230 bytes))
1782657196: Sending PUBACK to notification_service (m38, rc0)
1782657196: Received PUBACK from cardiosense_subscriber (Mid: 184, RC:0)
1782657196: Received PUBACK from dashboard_084e79 (Mid: 7, RC:0)
1782657197: Received PUBLISH from cardiosense_simulator (d0, q1, r0, m44, 'cardiosense/dati', ... (2259 bytes))
1782657197: Sending PUBLISH to cardiosense_subscriber (d0, q1, r0, m185, 'cardiosense/dati', ... (2259 bytes))
1782657197: Sending PUBACK to cardiosense_simulator (m44, rc0)
1782657197: Received PUBACK from cardiosense_subscriber (Mid: 185, RC:0)
1782657197: Received PUBLISH from notification_service (d0, q1, r0, m39, 'cardiosense/allarmi', ... (230 bytes))
1782657197: Sending PUBLISH to dashboard_084e79 (d0, q1, r0, m8, 'cardiosense/allarmi', ... (230 bytes))
1782657197: Sending PUBACK to notification_service (m39, rc0)
1782657197: Received PUBACK from dashboard_084e79 (Mid: 8, RC:0)
1782657198: Received PUBLISH from cardiosense_simulator (d0, q1, r0, m45, 'cardiosense/dati', ... (2250 bytes))
1782657198: Sending PUBLISH to cardiosense_subscriber (d0, q1, r0, m186, 'cardiosense/dati', ... (2250 bytes))
1782657198: Sending PUBACK to cardiosense_simulator (m45, rc0)
1782657198: Received PUBLISH from notification_service (d0, q1, r0, m40, 'cardiosense/allarmi', ... (230 bytes))
1782657198: Sending PUBLISH to dashboard_084e79 (d0, q1, r0, m9, 'cardiosense/allarmi', ... (230 bytes))
1782657198: Sending PUBACK to notification_service (m40, rc0)
1782657198: Received PUBACK from cardiosense_subscriber (Mid: 186, RC:0)
1782657198: Received PUBACK from dashboard_084e79 (Mid: 9, RC:0)
1782657199: Received PUBLISH from cardiosense_simulator (d0, q1, r0, m46, 'cardiosense/dati', ... (2270 bytes))
1782657199: Sending PUBLISH to cardiosense_subscriber (d0, q1, r0, m187, 'cardiosense/dati', ... (2270 bytes))
1782657199: Sending PUBACK to cardiosense_simulator (m46, rc0)
1782657199: Received PUBLISH from notification_service (d0, q1, r0, m41, 'cardiosense/allarmi', ... (229 bytes))
1782657199: Sending PUBLISH to dashboard_084e79 (d0, q1, r0, m10, 'cardiosense/allarmi', ... (229 bytes))
1782657199: Sending PUBACK to notification_service (m41, rc0)
1782657199: Received PUBACK from cardiosense_subscriber (Mid: 187, RC:0)
1782657199: Received PUBACK from dashboard_084e79 (Mid: 10, RC:0)
1782657200: Received PUBLISH from cardiosense_simulator (d0, q1, r0, m47, 'cardiosense/dati', ... (2274 bytes))
1782657200: Sending PUBLISH to cardiosense_subscriber (d0, q1, r0, m188, 'cardiosense/dati', ... (2274 bytes))
1782657200: Sending PUBACK to cardiosense_simulator (m47, rc0)
1782657200: Received PUBACK from cardiosense_subscriber (Mid: 188, RC:0)
1782657201: Received PUBLISH from cardiosense_simulator (d0, q1, r0, m48, 'cardiosense/dati', ... (2273 bytes))
1782657201: Sending PUBLISH to cardiosense_subscriber (d0, q1, r0, m189, 'cardiosense/dati', ... (2273 bytes))
1782657201: Sending PUBACK to cardiosense_simulator (m48, rc0)
1782657201: Received PINGREQ from notification_service
1782657201: Sending PINGRESP to notification_service
1782657201: Received PUBACK from cardiosense_subscriber (Mid: 189, RC:0)
1782657201: Received PINGREQ from cardiosense_subscriber
1782657201: Sending PINGRESP to cardiosense_subscriber
1782657202: Received PINGREQ from dashboard_084e79
1782657202: Sending PINGRESP to dashboard_084e79
1782657202: Received PUBLISH from cardiosense_simulator (d0, q1, r0, m49, 'cardiosense/dati', ... (2258 bytes))
1782657202: Sending PUBLISH to cardiosense_subscriber (d0, q1, r0, m190, 'cardiosense/dati', ... (2258 bytes))
1782657202: Sending PUBACK to cardiosense_simulator (m49, rc0)
1782657202: Received PUBACK from cardiosense_subscriber (Mid: 190, RC:0)
1782657203: Received PUBLISH from cardiosense_simulator (d0, q1, r0, m50, 'cardiosense/dati', ... (2266 bytes))
1782657203: Sending PUBLISH to cardiosense_subscriber (d0, q1, r0, m191, 'cardiosense/dati', ... (2266 bytes))
1782657203: Sending PUBACK to cardiosense_simulator (m50, rc0)
1782657203: Received PUBACK from cardiosense_subscriber (Mid: 191, RC:0)
1782657204: Received PUBLISH from cardiosense_simulator (d0, q1, r0, m51, 'cardiosense/dati', ... (2272 bytes))
1782657204: Sending PUBLISH to cardiosense_subscriber (d0, q1, r0, m192, 'cardiosense/dati', ... (2272 bytes))
1782657204: Sending PUBACK to cardiosense_simulator (m51, rc0)
1782657204: Received PUBACK from cardiosense_subscriber (Mid: 192, RC:0)
1782657205: Received PUBLISH from cardiosense_simulator (d0, q1, r0, m52, 'cardiosense/dati', ... (2266 bytes))
1782657205: Sending PUBLISH to cardiosense_subscriber (d0, q1, r0, m193, 'cardiosense/dati', ... (2266 bytes))
1782657205: Sending PUBACK to cardiosense_simulator (m52, rc0)
1782657205: Received PUBACK from cardiosense_subscriber (Mid: 193, RC:0)
1782657206: Received PUBLISH from cardiosense_simulator (d0, q1, r0, m53, 'cardiosense/dati', ... (2255 bytes))
1782657206: Sending PUBLISH to cardiosense_subscriber (d0, q1, r0, m194, 'cardiosense/dati', ... (2255 bytes))
1782657206: Sending PUBACK to cardiosense_simulator (m53, rc0)
1782657206: Received PUBACK from cardiosense_subscriber (Mid: 194, RC:0)
1782657207: Received PUBLISH from cardiosense_simulator (d0, q1, r0, m54, 'cardiosense/dati', ... (2270 bytes))
1782657207: Sending PUBLISH to cardiosense_subscriber (d0, q1, r0, m195, 'cardiosense/dati', ... (2270 bytes))
1782657207: Sending PUBACK to cardiosense_simulator (m54, rc0)
1782657207: Received PUBACK from cardiosense_subscriber (Mid: 195, RC:0)
1782657208: Received PUBLISH from cardiosense_simulator (d0, q1, r0, m55, 'cardiosense/dati', ... (2260 bytes))
1782657208: Sending PUBLISH to cardiosense_subscriber (d0, q1, r0, m196, 'cardiosense/dati', ... (2260 bytes))
1782657208: Sending PUBACK to cardiosense_simulator (m55, rc0)
1782657208: Received PUBACK from cardiosense_subscriber (Mid: 196, RC:0)
1782657209: Received PUBLISH from cardiosense_simulator (d0, q1, r0, m56, 'cardiosense/dati', ... (2264 bytes))
1782657209: Sending PUBLISH to cardiosense_subscriber (d0, q1, r0, m197, 'cardiosense/dati', ... (2264 bytes))
1782657209: Sending PUBACK to cardiosense_simulator (m56, rc0)
1782657209: Received PUBACK from cardiosense_subscriber (Mid: 197, RC:0)
1782657210: Received PUBLISH from cardiosense_simulator (d0, q1, r0, m57, 'cardiosense/dati', ... (2255 bytes))
1782657210: Sending PUBLISH to cardiosense_subscriber (d0, q1, r0, m198, 'cardiosense/dati', ... (2255 bytes))
1782657210: Sending PUBACK to cardiosense_simulator (m57, rc0)
1782657210: Received PUBACK from cardiosense_subscriber (Mid: 198, RC:0)
1782657211: Received PUBLISH from cardiosense_simulator (d0, q1, r0, m58, 'cardiosense/dati', ... (2266 bytes))
1782657211: Sending PUBLISH to cardiosense_subscriber (d0, q1, r0, m199, 'cardiosense/dati', ... (2266 bytes))
1782657211: Sending PUBACK to cardiosense_simulator (m58, rc0)
1782657211: Received PUBACK from cardiosense_subscriber (Mid: 199, RC:0)
1782657212: Received PUBLISH from cardiosense_simulator (d0, q1, r0, m59, 'cardiosense/dati', ... (2261 bytes))
1782657212: Sending PUBLISH to cardiosense_subscriber (d0, q1, r0, m200, 'cardiosense/dati', ... (2261 bytes))
1782657212: Sending PUBACK to cardiosense_simulator (m59, rc0)
1782657212: Received PUBACK from cardiosense_subscriber (Mid: 200, RC:0)
1782657213: Received PUBLISH from cardiosense_simulator (d0, q1, r0, m60, 'cardiosense/dati', ... (2265 bytes))
1782657213: Sending PUBLISH to cardiosense_subscriber (d0, q1, r0, m201, 'cardiosense/dati', ... (2265 bytes))
1782657213: Sending PUBACK to cardiosense_simulator (m60, rc0)
1782657213: Received PUBACK from cardiosense_subscriber (Mid: 201, RC:0)
1782657214: Received PUBLISH from cardiosense_simulator (d0, q1, r0, m61, 'cardiosense/dati', ... (2255 bytes))
1782657214: Sending PUBLISH to cardiosense_subscriber (d0, q1, r0, m202, 'cardiosense/dati', ... (2255 bytes))
1782657214: Sending PUBACK to cardiosense_simulator (m61, rc0)
1782657214: Received PINGREQ from cardiosense_simulator
1782657214: Sending PINGRESP to cardiosense_simulator
1782657214: Received PUBACK from cardiosense_subscriber (Mid: 202, RC:0)
1782657215: Received PUBLISH from cardiosense_simulator (d0, q1, r0, m62, 'cardiosense/dati', ... (2255 bytes))
1782657215: Sending PUBLISH to cardiosense_subscriber (d0, q1, r0, m203, 'cardiosense/dati', ... (2255 bytes))
1782657215: Sending PUBACK to cardiosense_simulator (m62, rc0)
1782657215: Received PUBACK from cardiosense_subscriber (Mid: 203, RC:0)
1782657216: Received PUBLISH from cardiosense_simulator (d0, q1, r0, m63, 'cardiosense/dati', ... (2278 bytes))
1782657216: Sending PUBLISH to cardiosense_subscriber (d0, q1, r0, m204, 'cardiosense/dati', ... (2278 bytes))
1782657216: Sending PUBACK to cardiosense_simulator (m63, rc0)
1782657216: Received PUBACK from cardiosense_subscriber (Mid: 204, RC:0)
1782657217: Received PUBLISH from cardiosense_simulator (d0, q1, r0, m64, 'cardiosense/dati', ... (2261 bytes))
1782657217: Sending PUBLISH to cardiosense_subscriber (d0, q1, r0, m205, 'cardiosense/dati', ... (2261 bytes))
1782657217: Sending PUBACK to cardiosense_simulator (m64, rc0)
1782657217: Received PUBACK from cardiosense_subscriber (Mid: 205, RC:0)
1782657218: Received PUBLISH from cardiosense_simulator (d0, q1, r0, m65, 'cardiosense/dati', ... (2277 bytes))
1782657218: Sending PUBLISH to cardiosense_subscriber (d0, q1, r0, m206, 'cardiosense/dati', ... (2277 bytes))
1782657218: Sending PUBACK to cardiosense_simulator (m65, rc0)
1782657218: Received PUBACK from cardiosense_subscriber (Mid: 206, RC:0)
1782657219: Received PUBLISH from cardiosense_simulator (d0, q1, r0, m66, 'cardiosense/dati', ... (2258 bytes))
1782657219: Sending PUBLISH to cardiosense_subscriber (d0, q1, r0, m207, 'cardiosense/dati', ... (2258 bytes))
1782657219: Sending PUBACK to cardiosense_simulator (m66, rc0)
1782657219: Received PUBACK from cardiosense_subscriber (Mid: 207, RC:0)
1782657220: Received PUBLISH from cardiosense_simulator (d0, q1, r0, m67, 'cardiosense/dati', ... (2276 bytes))
1782657220: Sending PUBLISH to cardiosense_subscriber (d0, q1, r0, m208, 'cardiosense/dati', ... (2276 bytes))
1782657220: Sending PUBACK to cardiosense_simulator (m67, rc0)
1782657220: Received PUBACK from cardiosense_subscriber (Mid: 208, RC:0)
1782657221: Received PUBLISH from cardiosense_simulator (d0, q1, r0, m68, 'cardiosense/dati', ... (2279 bytes))
1782657221: Sending PUBLISH to cardiosense_subscriber (d0, q1, r0, m209, 'cardiosense/dati', ... (2279 bytes))
1782657221: Sending PUBACK to cardiosense_simulator (m68, rc0)
1782657221: Received PUBACK from cardiosense_subscriber (Mid: 209, RC:0)
1782657222: Received PUBLISH from cardiosense_simulator (d0, q1, r0, m69, 'cardiosense/dati', ... (2264 bytes))
1782657222: Sending PUBLISH to cardiosense_subscriber (d0, q1, r0, m210, 'cardiosense/dati', ... (2264 bytes))
1782657222: Sending PUBACK to cardiosense_simulator (m69, rc0)
1782657222: Received PUBACK from cardiosense_subscriber (Mid: 210, RC:0)
1782657223: Received PUBLISH from cardiosense_simulator (d0, q1, r0, m70, 'cardiosense/dati', ... (2261 bytes))
1782657223: Sending PUBLISH to cardiosense_subscriber (d0, q1, r0, m211, 'cardiosense/dati', ... (2261 bytes))
1782657223: Sending PUBACK to cardiosense_simulator (m70, rc0)
1782657223: Received PUBACK from cardiosense_subscriber (Mid: 211, RC:0)
1782657224: Received PUBLISH from cardiosense_simulator (d0, q1, r0, m71, 'cardiosense/dati', ... (2257 bytes))
1782657224: Sending PUBLISH to cardiosense_subscriber (d0, q1, r0, m212, 'cardiosense/dati', ... (2257 bytes))
1782657224: Sending PUBACK to cardiosense_simulator (m71, rc0)
1782657224: Received PUBACK from cardiosense_subscriber (Mid: 212, RC:0)
1782657225: Received PUBLISH from cardiosense_simulator (d0, q1, r0, m72, 'cardiosense/dati', ... (2264 bytes))
1782657225: Sending PUBLISH to cardiosense_subscriber (d0, q1, r0, m213, 'cardiosense/dati', ... (2264 bytes))
1782657225: Sending PUBACK to cardiosense_simulator (m72, rc0)
1782657225: Received PUBACK from cardiosense_subscriber (Mid: 213, RC:0)
1782657226: Received PUBLISH from cardiosense_simulator (d0, q1, r0, m73, 'cardiosense/dati', ... (2262 bytes))
1782657226: Sending PUBLISH to cardiosense_subscriber (d0, q1, r0, m214, 'cardiosense/dati', ... (2262 bytes))
1782657226: Sending PUBACK to cardiosense_simulator (m73, rc0)
1782657226: Received PUBACK from cardiosense_subscriber (Mid: 214, RC:0)
1782657227: Received PUBLISH from cardiosense_simulator (d0, q1, r0, m74, 'cardiosense/dati', ... (2265 bytes))
1782657227: Sending PUBLISH to cardiosense_subscriber (d0, q1, r0, m215, 'cardiosense/dati', ... (2265 bytes))
1782657227: Sending PUBACK to cardiosense_simulator (m74, rc0)
1782657227: Received PUBACK from cardiosense_subscriber (Mid: 215, RC:0)
1782657228: Received PUBLISH from cardiosense_simulator (d0, q1, r0, m75, 'cardiosense/dati', ... (2252 bytes))
1782657228: Sending PUBLISH to cardiosense_subscriber (d0, q1, r0, m216, 'cardiosense/dati', ... (2252 bytes))
1782657228: Sending PUBACK to cardiosense_simulator (m75, rc0)
1782657228: Received PUBACK from cardiosense_subscriber (Mid: 216, RC:0)
1782657229: Received PUBLISH from cardiosense_simulator (d0, q1, r0, m76, 'cardiosense/dati', ... (2268 bytes))
1782657229: Sending PUBLISH to cardiosense_subscriber (d0, q1, r0, m217, 'cardiosense/dati', ... (2268 bytes))
1782657229: Sending PUBACK to cardiosense_simulator (m76, rc0)
1782657229: Received PUBACK from cardiosense_subscriber (Mid: 217, RC:0)
1782657230: Received PUBLISH from cardiosense_simulator (d0, q1, r0, m77, 'cardiosense/dati', ... (2250 bytes))
1782657230: Sending PUBLISH to cardiosense_subscriber (d0, q1, r0, m218, 'cardiosense/dati', ... (2250 bytes))
1782657230: Sending PUBACK to cardiosense_simulator (m77, rc0)
1782657230: Received PUBACK from cardiosense_subscriber (Mid: 218, RC:0)
1782657231: Received PUBLISH from cardiosense_simulator (d0, q1, r0, m78, 'cardiosense/dati', ... (2233 bytes))
1782657231: Sending PUBLISH to cardiosense_subscriber (d0, q1, r0, m219, 'cardiosense/dati', ... (2233 bytes))
1782657231: Sending PUBACK to cardiosense_simulator (m78, rc0)
1782657231: Received PUBACK from cardiosense_subscriber (Mid: 219, RC:0)
1782657232: Received PUBLISH from cardiosense_simulator (d0, q1, r0, m79, 'cardiosense/dati', ... (2249 bytes))
1782657232: Sending PUBLISH to cardiosense_subscriber (d0, q1, r0, m220, 'cardiosense/dati', ... (2249 bytes))
1782657232: Sending PUBACK to cardiosense_simulator (m79, rc0)
1782657232: Received PUBACK from cardiosense_subscriber (Mid: 220, RC:0)
1782657233: Received PUBLISH from cardiosense_simulator (d0, q1, r0, m80, 'cardiosense/dati', ... (2256 bytes))
1782657233: Sending PUBLISH to cardiosense_subscriber (d0, q1, r0, m221, 'cardiosense/dati', ... (2256 bytes))
1782657233: Sending PUBACK to cardiosense_simulator (m80, rc0)
1782657233: Received PUBACK from cardiosense_subscriber (Mid: 221, RC:0)
1782657234: Received PUBLISH from cardiosense_simulator (d0, q1, r0, m81, 'cardiosense/dati', ... (2268 bytes))
1782657234: Sending PUBLISH to cardiosense_subscriber (d0, q1, r0, m222, 'cardiosense/dati', ... (2268 bytes))
1782657234: Sending PUBACK to cardiosense_simulator (m81, rc0)
1782657234: Received PUBACK from cardiosense_subscriber (Mid: 222, RC:0)
1782657235: Received PUBLISH from cardiosense_simulator (d0, q1, r0, m82, 'cardiosense/dati', ... (2256 bytes))
1782657235: Sending PUBLISH to cardiosense_subscriber (d0, q1, r0, m223, 'cardiosense/dati', ... (2256 bytes))
1782657235: Sending PUBACK to cardiosense_simulator (m82, rc0)
1782657235: Received PUBACK from cardiosense_subscriber (Mid: 223, RC:0)
1782657236: Received PUBLISH from cardiosense_simulator (d0, q1, r0, m83, 'cardiosense/dati', ... (2282 bytes))
1782657236: Sending PUBLISH to cardiosense_subscriber (d0, q1, r0, m224, 'cardiosense/dati', ... (2282 bytes))
1782657236: Sending PUBACK to cardiosense_simulator (m83, rc0)
1782657236: Received PUBACK from cardiosense_subscriber (Mid: 224, RC:0)
1782657236: Received PUBLISH from notification_service (d0, q1, r0, m42, 'cardiosense/allarmi', ... (229 bytes))
1782657236: Sending PUBLISH to dashboard_084e79 (d0, q1, r0, m11, 'cardiosense/allarmi', ... (229 bytes))
1782657236: Sending PUBACK to notification_service (m42, rc0)
1782657237: Received PUBACK from dashboard_084e79 (Mid: 11, RC:0)
1782657237: Received PUBLISH from cardiosense_simulator (d0, q1, r0, m84, 'cardiosense/dati', ... (2266 bytes))
1782657237: Sending PUBLISH to cardiosense_subscriber (d0, q1, r0, m225, 'cardiosense/dati', ... (2266 bytes))
1782657237: Sending PUBACK to cardiosense_simulator (m84, rc0)
1782657237: Received PUBACK from cardiosense_subscriber (Mid: 225, RC:0)
1782657237: Received PUBLISH from notification_service (d0, q1, r0, m43, 'cardiosense/allarmi', ... (230 bytes))
1782657237: Sending PUBLISH to dashboard_084e79 (d0, q1, r0, m12, 'cardiosense/allarmi', ... (230 bytes))
1782657237: Sending PUBACK to notification_service (m43, rc0)
1782657237: Received PUBACK from dashboard_084e79 (Mid: 12, RC:0)
1782657238: Received PUBLISH from cardiosense_simulator (d0, q1, r0, m85, 'cardiosense/dati', ... (2261 bytes))
1782657238: Sending PUBLISH to cardiosense_subscriber (d0, q1, r0, m226, 'cardiosense/dati', ... (2261 bytes))
1782657238: Sending PUBACK to cardiosense_simulator (m85, rc0)
1782657238: Received PUBACK from cardiosense_subscriber (Mid: 226, RC:0)
1782657238: Received PUBLISH from notification_service (d0, q1, r0, m44, 'cardiosense/allarmi', ... (229 bytes))
1782657238: Sending PUBLISH to dashboard_084e79 (d0, q1, r0, m13, 'cardiosense/allarmi', ... (229 bytes))
1782657238: Sending PUBACK to notification_service (m44, rc0)
1782657238: Received PUBACK from dashboard_084e79 (Mid: 13, RC:0)
1782657239: Received PUBLISH from cardiosense_simulator (d0, q1, r0, m86, 'cardiosense/dati', ... (2262 bytes))
1782657239: Sending PUBLISH to cardiosense_subscriber (d0, q1, r0, m227, 'cardiosense/dati', ... (2262 bytes))
1782657239: Sending PUBACK to cardiosense_simulator (m86, rc0)
1782657239: Received PUBACK from cardiosense_subscriber (Mid: 227, RC:0)
1782657239: Received PUBLISH from notification_service (d0, q1, r0, m45, 'cardiosense/allarmi', ... (229 bytes))
1782657239: Sending PUBLISH to dashboard_084e79 (d0, q1, r0, m14, 'cardiosense/allarmi', ... (229 bytes))
1782657239: Sending PUBACK to notification_service (m45, rc0)
1782657239: Received PUBACK from dashboard_084e79 (Mid: 14, RC:0)
1782657240: Received PUBLISH from cardiosense_simulator (d0, q1, r0, m87, 'cardiosense/dati', ... (2249 bytes))
1782657240: Sending PUBLISH to cardiosense_subscriber (d0, q1, r0, m228, 'cardiosense/dati', ... (2249 bytes))
1782657240: Sending PUBACK to cardiosense_simulator (m87, rc0)
1782657240: Received PUBACK from cardiosense_subscriber (Mid: 228, RC:0)
1782657240: Received PUBLISH from notification_service (d0, q1, r0, m46, 'cardiosense/allarmi', ... (229 bytes))
1782657240: Sending PUBLISH to dashboard_084e79 (d0, q1, r0, m15, 'cardiosense/allarmi', ... (229 bytes))
1782657240: Sending PUBACK to notification_service (m46, rc0)
1782657240: Received PUBACK from dashboard_084e79 (Mid: 15, RC:0)
1782657241: Received PUBLISH from cardiosense_simulator (d0, q1, r0, m88, 'cardiosense/dati', ... (2270 bytes))
1782657241: Sending PUBLISH to cardiosense_subscriber (d0, q1, r0, m229, 'cardiosense/dati', ... (2270 bytes))
1782657241: Sending PUBACK to cardiosense_simulator (m88, rc0)
1782657241: Received PUBACK from cardiosense_subscriber (Mid: 229, RC:0)
1782657241: Received PUBLISH from notification_service (d0, q1, r0, m47, 'cardiosense/allarmi', ... (229 bytes))
1782657241: Sending PUBLISH to dashboard_084e79 (d0, q1, r0, m16, 'cardiosense/allarmi', ... (229 bytes))
1782657241: Sending PUBACK to notification_service (m47, rc0)
1782657241: Received PUBACK from dashboard_084e79 (Mid: 16, RC:0)
1782657242: Received PUBLISH from cardiosense_simulator (d0, q1, r0, m89, 'cardiosense/dati', ... (2283 bytes))
1782657242: Sending PUBLISH to cardiosense_subscriber (d0, q1, r0, m230, 'cardiosense/dati', ... (2283 bytes))
1782657242: Sending PUBACK to cardiosense_simulator (m89, rc0)
1782657242: Received PUBACK from cardiosense_subscriber (Mid: 230, RC:0)
1782657242: Received PUBLISH from notification_service (d0, q1, r0, m48, 'cardiosense/allarmi', ... (230 bytes))
1782657242: Sending PUBLISH to dashboard_084e79 (d0, q1, r0, m17, 'cardiosense/allarmi', ... (230 bytes))
1782657242: Sending PUBACK to notification_service (m48, rc0)
1782657242: Received PUBACK from dashboard_084e79 (Mid: 17, RC:0)
1782657243: Received PUBLISH from cardiosense_simulator (d0, q1, r0, m90, 'cardiosense/dati', ... (2288 bytes))
1782657243: Sending PUBLISH to cardiosense_subscriber (d0, q1, r0, m231, 'cardiosense/dati', ... (2288 bytes))
1782657243: Sending PUBACK to cardiosense_simulator (m90, rc0)
1782657243: Received PUBACK from cardiosense_subscriber (Mid: 231, RC:0)
1782657243: Received PUBLISH from notification_service (d0, q1, r0, m49, 'cardiosense/allarmi', ... (229 bytes))
1782657243: Sending PUBLISH to dashboard_084e79 (d0, q1, r0, m18, 'cardiosense/allarmi', ... (229 bytes))
1782657243: Sending PUBACK to notification_service (m49, rc0)
1782657243: Received PUBACK from dashboard_084e79 (Mid: 18, RC:0)
1782657244: Received PUBLISH from cardiosense_simulator (d0, q1, r0, m91, 'cardiosense/dati', ... (2284 bytes))
1782657244: Sending PUBLISH to cardiosense_subscriber (d0, q1, r0, m232, 'cardiosense/dati', ... (2284 bytes))
1782657244: Sending PUBACK to cardiosense_simulator (m91, rc0)
1782657244: Received PUBLISH from notification_service (d0, q1, r0, m50, 'cardiosense/allarmi', ... (229 bytes))
1782657244: Sending PUBLISH to dashboard_084e79 (d0, q1, r0, m19, 'cardiosense/allarmi', ... (229 bytes))
1782657244: Sending PUBACK to notification_service (m50, rc0)
1782657244: Received PUBACK from cardiosense_subscriber (Mid: 232, RC:0)
1782657244: Received PUBACK from dashboard_084e79 (Mid: 19, RC:0)
1782657245: Received PUBLISH from cardiosense_simulator (d0, q1, r0, m92, 'cardiosense/dati', ... (2272 bytes))
1782657245: Sending PUBLISH to cardiosense_subscriber (d0, q1, r0, m233, 'cardiosense/dati', ... (2272 bytes))
1782657245: Sending PUBACK to cardiosense_simulator (m92, rc0)
1782657245: Received PUBACK from cardiosense_subscriber (Mid: 233, RC:0)
1782657246: Received PUBLISH from cardiosense_simulator (d0, q1, r0, m93, 'cardiosense/dati', ... (2275 bytes))
1782657246: Sending PUBLISH to cardiosense_subscriber (d0, q1, r0, m234, 'cardiosense/dati', ... (2275 bytes))
1782657246: Sending PUBACK to cardiosense_simulator (m93, rc0)
1782657246: Received PUBLISH from notification_service (d0, q1, r0, m51, 'cardiosense/allarmi', ... (229 bytes))
1782657246: Sending PUBLISH to dashboard_084e79 (d0, q1, r0, m20, 'cardiosense/allarmi', ... (229 bytes))
1782657246: Sending PUBACK to notification_service (m51, rc0)
1782657246: Received PUBACK from cardiosense_subscriber (Mid: 234, RC:0)
1782657246: Received PUBACK from dashboard_084e79 (Mid: 20, RC:0)
1782657247: Received PUBLISH from cardiosense_simulator (d0, q1, r0, m94, 'cardiosense/dati', ... (2266 bytes))
1782657247: Sending PUBLISH to cardiosense_subscriber (d0, q1, r0, m235, 'cardiosense/dati', ... (2266 bytes))
1782657247: Sending PUBACK to cardiosense_simulator (m94, rc0)
1782657247: Received PUBACK from cardiosense_subscriber (Mid: 235, RC:0)
1782657247: Received PUBLISH from notification_service (d0, q1, r0, m52, 'cardiosense/allarmi', ... (230 bytes))
1782657247: Sending PUBLISH to dashboard_084e79 (d0, q1, r0, m21, 'cardiosense/allarmi', ... (230 bytes))
1782657247: Sending PUBACK to notification_service (m52, rc0)
1782657247: Received PUBACK from dashboard_084e79 (Mid: 21, RC:0)
1782657248: Received PUBLISH from cardiosense_simulator (d0, q1, r0, m95, 'cardiosense/dati', ... (2272 bytes))
1782657248: Sending PUBLISH to cardiosense_subscriber (d0, q1, r0, m236, 'cardiosense/dati', ... (2272 bytes))
1782657248: Sending PUBACK to cardiosense_simulator (m95, rc0)
1782657248: Received PUBLISH from notification_service (d0, q1, r0, m53, 'cardiosense/allarmi', ... (230 bytes))
1782657248: Sending PUBLISH to dashboard_084e79 (d0, q1, r0, m22, 'cardiosense/allarmi', ... (230 bytes))
1782657248: Sending PUBACK to notification_service (m53, rc0)
1782657248: Received PUBACK from cardiosense_subscriber (Mid: 236, RC:0)
1782657248: Received PUBACK from dashboard_084e79 (Mid: 22, RC:0)
1782657249: Received PUBLISH from cardiosense_simulator (d0, q1, r0, m96, 'cardiosense/dati', ... (2251 bytes))
1782657249: Sending PUBLISH to cardiosense_subscriber (d0, q1, r0, m237, 'cardiosense/dati', ... (2251 bytes))
1782657249: Sending PUBACK to cardiosense_simulator (m96, rc0)
1782657249: Received PUBACK from cardiosense_subscriber (Mid: 237, RC:0)
1782657250: Received PUBLISH from cardiosense_simulator (d0, q1, r0, m97, 'cardiosense/dati', ... (2265 bytes))
1782657250: Sending PUBLISH to cardiosense_subscriber (d0, q1, r0, m238, 'cardiosense/dati', ... (2265 bytes))
1782657250: Sending PUBACK to cardiosense_simulator (m97, rc0)
1782657250: Received PUBACK from cardiosense_subscriber (Mid: 238, RC:0)
1782657251: Received PUBLISH from cardiosense_simulator (d0, q1, r0, m98, 'cardiosense/dati', ... (2245 bytes))
1782657251: Sending PUBLISH to cardiosense_subscriber (d0, q1, r0, m239, 'cardiosense/dati', ... (2245 bytes))
1782657251: Sending PUBACK to cardiosense_simulator (m98, rc0)
1782657251: Received PUBACK from cardiosense_subscriber (Mid: 239, RC:0)
1782657252: Received PUBLISH from cardiosense_simulator (d0, q1, r0, m99, 'cardiosense/dati', ... (2244 bytes))
1782657252: Sending PUBLISH to cardiosense_subscriber (d0, q1, r0, m240, 'cardiosense/dati', ... (2244 bytes))
1782657252: Sending PUBACK to cardiosense_simulator (m99, rc0)
1782657252: Received PUBACK from cardiosense_subscriber (Mid: 240, RC:0)
1782657253: Received PUBLISH from cardiosense_simulator (d0, q1, r0, m100, 'cardiosense/dati', ... (2260 bytes))
1782657253: Sending PUBLISH to cardiosense_subscriber (d0, q1, r0, m241, 'cardiosense/dati', ... (2260 bytes))
1782657253: Sending PUBACK to cardiosense_simulator (m100, rc0)
1782657253: Received PUBACK from cardiosense_subscriber (Mid: 241, RC:0)
1782657254: Received PUBLISH from cardiosense_simulator (d0, q1, r0, m101, 'cardiosense/dati', ... (2249 bytes))
1782657254: Sending PUBLISH to cardiosense_subscriber (d0, q1, r0, m242, 'cardiosense/dati', ... (2249 bytes))
1782657254: Sending PUBACK to cardiosense_simulator (m101, rc0)
1782657254: Received PUBACK from cardiosense_subscriber (Mid: 242, RC:0)
1782657255: Received PUBLISH from cardiosense_simulator (d0, q1, r0, m102, 'cardiosense/dati', ... (2266 bytes))
1782657255: Sending PUBLISH to cardiosense_subscriber (d0, q1, r0, m243, 'cardiosense/dati', ... (2266 bytes))
1782657255: Sending PUBACK to cardiosense_simulator (m102, rc0)
1782657255: Received PUBACK from cardiosense_subscriber (Mid: 243, RC:0)
1782657256: Received PUBLISH from cardiosense_simulator (d0, q1, r0, m103, 'cardiosense/dati', ... (2266 bytes))
1782657256: Sending PUBLISH to cardiosense_subscriber (d0, q1, r0, m244, 'cardiosense/dati', ... (2266 bytes))
1782657256: Sending PUBACK to cardiosense_simulator (m103, rc0)
1782657256: Received PUBACK from cardiosense_subscriber (Mid: 244, RC:0)
1782657257: Received PUBLISH from cardiosense_simulator (d0, q1, r0, m104, 'cardiosense/dati', ... (2265 bytes))
1782657257: Sending PUBLISH to cardiosense_subscriber (d0, q1, r0, m245, 'cardiosense/dati', ... (2265 bytes))
1782657257: Sending PUBACK to cardiosense_simulator (m104, rc0)
1782657257: Received PUBACK from cardiosense_subscriber (Mid: 245, RC:0)
1782657258: Received PUBLISH from cardiosense_simulator (d0, q1, r0, m105, 'cardiosense/dati', ... (2248 bytes))
1782657258: Sending PUBLISH to cardiosense_subscriber (d0, q1, r0, m246, 'cardiosense/dati', ... (2248 bytes))
1782657258: Sending PUBACK to cardiosense_simulator (m105, rc0)
1782657258: Received PUBACK from cardiosense_subscriber (Mid: 246, RC:0)
1782657259: Received PUBLISH from cardiosense_simulator (d0, q1, r0, m106, 'cardiosense/dati', ... (2260 bytes))
1782657259: Sending PUBLISH to cardiosense_subscriber (d0, q1, r0, m247, 'cardiosense/dati', ... (2260 bytes))
1782657259: Sending PUBACK to cardiosense_simulator (m106, rc0)
1782657259: Received PUBACK from cardiosense_subscriber (Mid: 247, RC:0)
1782657260: Received PUBLISH from cardiosense_simulator (d0, q1, r0, m107, 'cardiosense/dati', ... (2255 bytes))
1782657260: Sending PUBLISH to cardiosense_subscriber (d0, q1, r0, m248, 'cardiosense/dati', ... (2255 bytes))
1782657260: Sending PUBACK to cardiosense_simulator (m107, rc0)
1782657260: Received PUBACK from cardiosense_subscriber (Mid: 248, RC:0)
1782657261: Received PUBLISH from cardiosense_simulator (d0, q1, r0, m108, 'cardiosense/dati', ... (2269 bytes))
1782657261: Sending PUBLISH to cardiosense_subscriber (d0, q1, r0, m249, 'cardiosense/dati', ... (2269 bytes))
1782657261: Sending PUBACK to cardiosense_simulator (m108, rc0)
1782657261: Received PINGREQ from notification_service
1782657261: Sending PINGRESP to notification_service
1782657261: Received PUBACK from cardiosense_subscriber (Mid: 249, RC:0)
1782657261: Received PINGREQ from cardiosense_subscriber
1782657261: Sending PINGRESP to cardiosense_subscriber
1782657262: Received PINGREQ from dashboard_084e79
1782657262: Sending PINGRESP to dashboard_084e79
1782657262: Received PUBLISH from cardiosense_simulator (d0, q1, r0, m109, 'cardiosense/dati', ... (2252 bytes))
1782657262: Sending PUBLISH to cardiosense_subscriber (d0, q1, r0, m250, 'cardiosense/dati', ... (2252 bytes))
1782657262: Sending PUBACK to cardiosense_simulator (m109, rc0)
1782657262: Received PUBACK from cardiosense_subscriber (Mid: 250, RC:0)
1782657263: Received PUBLISH from cardiosense_simulator (d0, q1, r0, m110, 'cardiosense/dati', ... (2250 bytes))
1782657263: Sending PUBLISH to cardiosense_subscriber (d0, q1, r0, m251, 'cardiosense/dati', ... (2250 bytes))
1782657263: Sending PUBACK to cardiosense_simulator (m110, rc0)
1782657263: Received PUBACK from cardiosense_subscriber (Mid: 251, RC:0)
1782657264: Received PUBLISH from cardiosense_simulator (d0, q1, r0, m111, 'cardiosense/dati', ... (2266 bytes))
1782657264: Sending PUBLISH to cardiosense_subscriber (d0, q1, r0, m252, 'cardiosense/dati', ... (2266 bytes))
1782657264: Sending PUBACK to cardiosense_simulator (m111, rc0)
1782657264: Received PUBACK from cardiosense_subscriber (Mid: 252, RC:0)
1782657265: Received PUBLISH from cardiosense_simulator (d0, q1, r0, m112, 'cardiosense/dati', ... (2259 bytes))
1782657265: Sending PUBLISH to cardiosense_subscriber (d0, q1, r0, m253, 'cardiosense/dati', ... (2259 bytes))
1782657265: Sending PUBACK to cardiosense_simulator (m112, rc0)
1782657265: Received PUBACK from cardiosense_subscriber (Mid: 253, RC:0)
1782657266: Received PUBLISH from cardiosense_simulator (d0, q1, r0, m113, 'cardiosense/dati', ... (2263 bytes))
1782657266: Sending PUBLISH to cardiosense_subscriber (d0, q1, r0, m254, 'cardiosense/dati', ... (2263 bytes))
1782657266: Sending PUBACK to cardiosense_simulator (m113, rc0)
1782657266: Received PUBACK from cardiosense_subscriber (Mid: 254, RC:0)
1782657267: Received PUBLISH from cardiosense_simulator (d0, q1, r0, m114, 'cardiosense/dati', ... (2262 bytes))
1782657267: Sending PUBLISH to cardiosense_subscriber (d0, q1, r0, m255, 'cardiosense/dati', ... (2262 bytes))
1782657267: Sending PUBACK to cardiosense_simulator (m114, rc0)
1782657267: Received PUBACK from cardiosense_subscriber (Mid: 255, RC:0)
1782657268: Received PUBLISH from cardiosense_simulator (d0, q1, r0, m115, 'cardiosense/dati', ... (2264 bytes))
1782657268: Sending PUBLISH to cardiosense_subscriber (d0, q1, r0, m256, 'cardiosense/dati', ... (2264 bytes))
1782657268: Sending PUBACK to cardiosense_simulator (m115, rc0)
1782657268: Received PUBACK from cardiosense_subscriber (Mid: 256, RC:0)
1782657269: Received PUBLISH from cardiosense_simulator (d0, q1, r0, m116, 'cardiosense/dati', ... (2249 bytes))
1782657269: Sending PUBLISH to cardiosense_subscriber (d0, q1, r0, m257, 'cardiosense/dati', ... (2249 bytes))
1782657269: Sending PUBACK to cardiosense_simulator (m116, rc0)
1782657269: Received PUBACK from cardiosense_subscriber (Mid: 257, RC:0)
1782657270: Received PUBLISH from cardiosense_simulator (d0, q1, r0, m117, 'cardiosense/dati', ... (2258 bytes))
1782657270: Sending PUBLISH to cardiosense_subscriber (d0, q1, r0, m258, 'cardiosense/dati', ... (2258 bytes))
1782657270: Sending PUBACK to cardiosense_simulator (m117, rc0)
1782657270: Received PUBACK from cardiosense_subscriber (Mid: 258, RC:0)
1782657271: Received PUBLISH from cardiosense_simulator (d0, q1, r0, m118, 'cardiosense/dati', ... (2259 bytes))
1782657271: Sending PUBLISH to cardiosense_subscriber (d0, q1, r0, m259, 'cardiosense/dati', ... (2259 bytes))
1782657271: Sending PUBACK to cardiosense_simulator (m118, rc0)
1782657271: Received PUBACK from cardiosense_subscriber (Mid: 259, RC:0)
1782657272: Received PUBLISH from cardiosense_simulator (d0, q1, r0, m119, 'cardiosense/dati', ... (2263 bytes))
1782657272: Sending PUBLISH to cardiosense_subscriber (d0, q1, r0, m260, 'cardiosense/dati', ... (2263 bytes))
1782657272: Sending PUBACK to cardiosense_simulator (m119, rc0)
1782657272: Received PUBACK from cardiosense_subscriber (Mid: 260, RC:0)
1782657273: Received PUBLISH from cardiosense_simulator (d0, q1, r0, m120, 'cardiosense/dati', ... (2262 bytes))
1782657273: Sending PUBLISH to cardiosense_subscriber (d0, q1, r0, m261, 'cardiosense/dati', ... (2262 bytes))
1782657273: Sending PUBACK to cardiosense_simulator (m120, rc0)
1782657273: Received PUBACK from cardiosense_subscriber (Mid: 261, RC:0)
1782657274: Received PUBLISH from cardiosense_simulator (d0, q1, r0, m121, 'cardiosense/dati', ... (2276 bytes))
1782657274: Sending PUBLISH to cardiosense_subscriber (d0, q1, r0, m262, 'cardiosense/dati', ... (2276 bytes))
1782657274: Sending PUBACK to cardiosense_simulator (m121, rc0)
1782657274: Received PINGREQ from cardiosense_simulator
1782657274: Sending PINGRESP to cardiosense_simulator
1782657274: Received PUBACK from cardiosense_subscriber (Mid: 262, RC:0)
1782657275: Received PUBLISH from cardiosense_simulator (d0, q1, r0, m122, 'cardiosense/dati', ... (2264 bytes))
1782657275: Sending PUBLISH to cardiosense_subscriber (d0, q1, r0, m263, 'cardiosense/dati', ... (2264 bytes))
1782657275: Sending PUBACK to cardiosense_simulator (m122, rc0)
1782657275: Received PUBACK from cardiosense_subscriber (Mid: 263, RC:0)
1782657276: Received PUBLISH from cardiosense_simulator (d0, q1, r0, m123, 'cardiosense/dati', ... (2266 bytes))
1782657276: Sending PUBLISH to cardiosense_subscriber (d0, q1, r0, m264, 'cardiosense/dati', ... (2266 bytes))
1782657276: Sending PUBACK to cardiosense_simulator (m123, rc0)
1782657276: Received PUBACK from cardiosense_subscriber (Mid: 264, RC:0)
1782657277: Received PUBLISH from cardiosense_simulator (d0, q1, r0, m124, 'cardiosense/dati', ... (2256 bytes))
1782657277: Sending PUBLISH to cardiosense_subscriber (d0, q1, r0, m265, 'cardiosense/dati', ... (2256 bytes))
1782657277: Sending PUBACK to cardiosense_simulator (m124, rc0)
1782657277: Received PUBACK from cardiosense_subscriber (Mid: 265, RC:0)
1782657278: Received PUBLISH from cardiosense_simulator (d0, q1, r0, m125, 'cardiosense/dati', ... (2262 bytes))
1782657278: Sending PUBLISH to cardiosense_subscriber (d0, q1, r0, m266, 'cardiosense/dati', ... (2262 bytes))
1782657278: Sending PUBACK to cardiosense_simulator (m125, rc0)
1782657278: Received PUBACK from cardiosense_subscriber (Mid: 266, RC:0)
1782657279: Received PUBLISH from cardiosense_simulator (d0, q1, r0, m126, 'cardiosense/dati', ... (2258 bytes))
1782657279: Sending PUBLISH to cardiosense_subscriber (d0, q1, r0, m267, 'cardiosense/dati', ... (2258 bytes))
1782657279: Sending PUBACK to cardiosense_simulator (m126, rc0)
1782657279: Received PUBACK from cardiosense_subscriber (Mid: 267, RC:0)
1782657280: Received PUBLISH from cardiosense_simulator (d0, q1, r0, m127, 'cardiosense/dati', ... (2257 bytes))
1782657280: Sending PUBLISH to cardiosense_subscriber (d0, q1, r0, m268, 'cardiosense/dati', ... (2257 bytes))
1782657280: Sending PUBACK to cardiosense_simulator (m127, rc0)
1782657280: Received PUBACK from cardiosense_subscriber (Mid: 268, RC:0)
1782657281: Received PUBLISH from cardiosense_simulator (d0, q1, r0, m128, 'cardiosense/dati', ... (2250 bytes))
1782657281: Sending PUBLISH to cardiosense_subscriber (d0, q1, r0, m269, 'cardiosense/dati', ... (2250 bytes))
1782657281: Sending PUBACK to cardiosense_simulator (m128, rc0)
1782657281: Received PUBACK from cardiosense_subscriber (Mid: 269, RC:0)
1782657282: Received PUBLISH from cardiosense_simulator (d0, q1, r0, m129, 'cardiosense/dati', ... (2276 bytes))
1782657282: Sending PUBLISH to cardiosense_subscriber (d0, q1, r0, m270, 'cardiosense/dati', ... (2276 bytes))
1782657282: Sending PUBACK to cardiosense_simulator (m129, rc0)
1782657282: Received PUBACK from cardiosense_subscriber (Mid: 270, RC:0)
1782657283: Received PUBLISH from cardiosense_simulator (d0, q1, r0, m130, 'cardiosense/dati', ... (2260 bytes))
1782657283: Sending PUBLISH to cardiosense_subscriber (d0, q1, r0, m271, 'cardiosense/dati', ... (2260 bytes))
1782657283: Sending PUBACK to cardiosense_simulator (m130, rc0)
1782657283: Received PUBACK from cardiosense_subscriber (Mid: 271, RC:0)
1782657284: Received PUBLISH from cardiosense_simulator (d0, q1, r0, m131, 'cardiosense/dati', ... (2274 bytes))
1782657284: Sending PUBLISH to cardiosense_subscriber (d0, q1, r0, m272, 'cardiosense/dati', ... (2274 bytes))
1782657284: Sending PUBACK to cardiosense_simulator (m131, rc0)
1782657284: Received PUBACK from cardiosense_subscriber (Mid: 272, RC:0)
1782657285: Received PUBLISH from cardiosense_simulator (d0, q1, r0, m132, 'cardiosense/dati', ... (2267 bytes))
1782657285: Sending PUBLISH to cardiosense_subscriber (d0, q1, r0, m273, 'cardiosense/dati', ... (2267 bytes))
1782657285: Sending PUBACK to cardiosense_simulator (m132, rc0)
1782657285: Received PUBACK from cardiosense_subscriber (Mid: 273, RC:0)
1782657286: Received PUBLISH from cardiosense_simulator (d0, q1, r0, m133, 'cardiosense/dati', ... (2253 bytes))
1782657286: Sending PUBLISH to cardiosense_subscriber (d0, q1, r0, m274, 'cardiosense/dati', ... (2253 bytes))
1782657286: Sending PUBACK to cardiosense_simulator (m133, rc0)
1782657286: Received PUBACK from cardiosense_subscriber (Mid: 274, RC:0)
1782657287: Received PUBLISH from cardiosense_simulator (d0, q1, r0, m134, 'cardiosense/dati', ... (2267 bytes))
1782657287: Sending PUBLISH to cardiosense_subscriber (d0, q1, r0, m275, 'cardiosense/dati', ... (2267 bytes))
1782657287: Sending PUBACK to cardiosense_simulator (m134, rc0)
1782657287: Received PUBACK from cardiosense_subscriber (Mid: 275, RC:0)
1782657288: Received PUBLISH from cardiosense_simulator (d0, q1, r0, m135, 'cardiosense/dati', ... (2265 bytes))
1782657288: Sending PUBLISH to cardiosense_subscriber (d0, q1, r0, m276, 'cardiosense/dati', ... (2265 bytes))
1782657288: Sending PUBACK to cardiosense_simulator (m135, rc0)
1782657288: Received PUBACK from cardiosense_subscriber (Mid: 276, RC:0)
1782657289: Received PUBLISH from cardiosense_simulator (d0, q1, r0, m136, 'cardiosense/dati', ... (2272 bytes))
1782657289: Sending PUBLISH to cardiosense_subscriber (d0, q1, r0, m277, 'cardiosense/dati', ... (2272 bytes))
1782657289: Sending PUBACK to cardiosense_simulator (m136, rc0)
1782657289: Received PUBACK from cardiosense_subscriber (Mid: 277, RC:0)
1782657290: Received PUBLISH from cardiosense_simulator (d0, q1, r0, m137, 'cardiosense/dati', ... (2275 bytes))
1782657290: Sending PUBLISH to cardiosense_subscriber (d0, q1, r0, m278, 'cardiosense/dati', ... (2275 bytes))
1782657290: Sending PUBACK to cardiosense_simulator (m137, rc0)
1782657290: Received PUBLISH from notification_service (d0, q1, r0, m54, 'cardiosense/allarmi', ... (229 bytes))
1782657290: Sending PUBLISH to dashboard_084e79 (d0, q1, r0, m23, 'cardiosense/allarmi', ... (229 bytes))
1782657290: Sending PUBACK to notification_service (m54, rc0)
1782657290: Received PUBACK from cardiosense_subscriber (Mid: 278, RC:0)
1782657291: Received PUBACK from dashboard_084e79 (Mid: 23, RC:0)
1782657291: Received PUBLISH from cardiosense_simulator (d0, q1, r0, m138, 'cardiosense/dati', ... (2239 bytes))
1782657291: Sending PUBLISH to cardiosense_subscriber (d0, q1, r0, m279, 'cardiosense/dati', ... (2239 bytes))
1782657291: Sending PUBACK to cardiosense_simulator (m138, rc0)
1782657291: Received PUBACK from cardiosense_subscriber (Mid: 279, RC:0)
1782657291: Received PUBLISH from notification_service (d0, q1, r0, m55, 'cardiosense/allarmi', ... (229 bytes))
1782657291: Sending PUBLISH to dashboard_084e79 (d0, q1, r0, m24, 'cardiosense/allarmi', ... (229 bytes))
1782657291: Sending PUBACK to notification_service (m55, rc0)
1782657291: Received PUBACK from dashboard_084e79 (Mid: 24, RC:0)
1782657292: Received PUBLISH from cardiosense_simulator (d0, q1, r0, m139, 'cardiosense/dati', ... (2243 bytes))
1782657292: Sending PUBLISH to cardiosense_subscriber (d0, q1, r0, m280, 'cardiosense/dati', ... (2243 bytes))
1782657292: Sending PUBACK to cardiosense_simulator (m139, rc0)
1782657292: Received PUBACK from cardiosense_subscriber (Mid: 280, RC:0)
1782657292: Received PUBLISH from notification_service (d0, q1, r0, m56, 'cardiosense/allarmi', ... (229 bytes))
1782657292: Sending PUBLISH to dashboard_084e79 (d0, q1, r0, m25, 'cardiosense/allarmi', ... (229 bytes))
1782657292: Sending PUBACK to notification_service (m56, rc0)
1782657292: Received PUBACK from dashboard_084e79 (Mid: 25, RC:0)
1782657293: Received PUBLISH from cardiosense_simulator (d0, q1, r0, m140, 'cardiosense/dati', ... (2274 bytes))
1782657293: Sending PUBLISH to cardiosense_subscriber (d0, q1, r0, m281, 'cardiosense/dati', ... (2274 bytes))
1782657293: Sending PUBACK to cardiosense_simulator (m140, rc0)
1782657293: Received PUBACK from cardiosense_subscriber (Mid: 281, RC:0)
1782657293: Received PUBLISH from notification_service (d0, q1, r0, m57, 'cardiosense/allarmi', ... (230 bytes))
1782657293: Sending PUBLISH to dashboard_084e79 (d0, q1, r0, m26, 'cardiosense/allarmi', ... (230 bytes))
1782657293: Sending PUBACK to notification_service (m57, rc0)
1782657293: Received PUBACK from dashboard_084e79 (Mid: 26, RC:0)
1782657294: Received PUBLISH from cardiosense_simulator (d0, q1, r0, m141, 'cardiosense/dati', ... (2278 bytes))
1782657294: Sending PUBLISH to cardiosense_subscriber (d0, q1, r0, m282, 'cardiosense/dati', ... (2278 bytes))
1782657294: Sending PUBACK to cardiosense_simulator (m141, rc0)
1782657294: Received PUBLISH from notification_service (d0, q1, r0, m58, 'cardiosense/allarmi', ... (230 bytes))
1782657294: Sending PUBLISH to dashboard_084e79 (d0, q1, r0, m27, 'cardiosense/allarmi', ... (230 bytes))
1782657294: Sending PUBACK to notification_service (m58, rc0)
1782657294: Received PUBACK from cardiosense_subscriber (Mid: 282, RC:0)
1782657294: Received PUBACK from dashboard_084e79 (Mid: 27, RC:0)
1782657295: Received PUBLISH from cardiosense_simulator (d0, q1, r0, m142, 'cardiosense/dati', ... (2260 bytes))
1782657295: Sending PUBLISH to cardiosense_subscriber (d0, q1, r0, m283, 'cardiosense/dati', ... (2260 bytes))
1782657295: Sending PUBACK to cardiosense_simulator (m142, rc0)
1782657295: Received PUBLISH from notification_service (d0, q1, r0, m59, 'cardiosense/allarmi', ... (229 bytes))
1782657295: Sending PUBLISH to dashboard_084e79 (d0, q1, r0, m28, 'cardiosense/allarmi', ... (229 bytes))
1782657295: Sending PUBACK to notification_service (m59, rc0)
1782657295: Received PUBACK from cardiosense_subscriber (Mid: 283, RC:0)
1782657295: Received PUBACK from dashboard_084e79 (Mid: 28, RC:0)
1782657296: Received PUBLISH from cardiosense_simulator (d0, q1, r0, m143, 'cardiosense/dati', ... (2250 bytes))
1782657296: Sending PUBLISH to cardiosense_subscriber (d0, q1, r0, m284, 'cardiosense/dati', ... (2250 bytes))
1782657296: Sending PUBACK to cardiosense_simulator (m143, rc0)
1782657296: Received PUBLISH from notification_service (d0, q1, r0, m60, 'cardiosense/allarmi', ... (230 bytes))
1782657296: Sending PUBLISH to dashboard_084e79 (d0, q1, r0, m29, 'cardiosense/allarmi', ... (230 bytes))
1782657296: Sending PUBACK to notification_service (m60, rc0)
1782657296: Received PUBACK from cardiosense_subscriber (Mid: 284, RC:0)
1782657296: Received PUBACK from dashboard_084e79 (Mid: 29, RC:0)
1782657297: Received PUBLISH from cardiosense_simulator (d0, q1, r0, m144, 'cardiosense/dati', ... (2275 bytes))
1782657297: Sending PUBLISH to cardiosense_subscriber (d0, q1, r0, m285, 'cardiosense/dati', ... (2275 bytes))
1782657297: Sending PUBACK to cardiosense_simulator (m144, rc0)
1782657297: Received PUBLISH from notification_service (d0, q1, r0, m61, 'cardiosense/allarmi', ... (230 bytes))
1782657297: Sending PUBLISH to dashboard_084e79 (d0, q1, r0, m30, 'cardiosense/allarmi', ... (230 bytes))
1782657297: Sending PUBACK to notification_service (m61, rc0)
1782657297: Received PUBACK from cardiosense_subscriber (Mid: 285, RC:0)
1782657297: Received PUBACK from dashboard_084e79 (Mid: 30, RC:0)
1782657298: Received PUBLISH from cardiosense_simulator (d0, q1, r0, m145, 'cardiosense/dati', ... (2262 bytes))
1782657298: Sending PUBLISH to cardiosense_subscriber (d0, q1, r0, m286, 'cardiosense/dati', ... (2262 bytes))
1782657298: Sending PUBACK to cardiosense_simulator (m145, rc0)
1782657299: Received PUBLISH from notification_service (d0, q1, r0, m62, 'cardiosense/allarmi', ... (229 bytes))
1782657299: Sending PUBLISH to dashboard_084e79 (d0, q1, r0, m31, 'cardiosense/allarmi', ... (229 bytes))
1782657299: Sending PUBACK to notification_service (m62, rc0)
1782657299: Received PUBACK from cardiosense_subscriber (Mid: 286, RC:0)
1782657299: Received PUBACK from dashboard_084e79 (Mid: 31, RC:0)
1782657299: Received PUBLISH from cardiosense_simulator (d0, q1, r0, m146, 'cardiosense/dati', ... (2251 bytes))
1782657299: Sending PUBLISH to cardiosense_subscriber (d0, q1, r0, m287, 'cardiosense/dati', ... (2251 bytes))
1782657299: Sending PUBACK to cardiosense_simulator (m146, rc0)
1782657299: Received PUBLISH from notification_service (d0, q1, r0, m63, 'cardiosense/allarmi', ... (230 bytes))
1782657299: Sending PUBLISH to dashboard_084e79 (d0, q1, r0, m32, 'cardiosense/allarmi', ... (230 bytes))
1782657299: Sending PUBACK to notification_service (m63, rc0)
1782657299: Received PUBACK from cardiosense_subscriber (Mid: 287, RC:0)
1782657299: Received PUBACK from dashboard_084e79 (Mid: 32, RC:0)
1782657300: Received PUBLISH from cardiosense_simulator (d0, q1, r0, m147, 'cardiosense/dati', ... (2267 bytes))
1782657300: Sending PUBLISH to cardiosense_subscriber (d0, q1, r0, m288, 'cardiosense/dati', ... (2267 bytes))
1782657300: Sending PUBACK to cardiosense_simulator (m147, rc0)
1782657301: Received PUBACK from cardiosense_subscriber (Mid: 288, RC:0)
1782657301: Received PUBLISH from notification_service (d0, q1, r0, m64, 'cardiosense/allarmi', ... (229 bytes))
1782657301: Sending PUBLISH to dashboard_084e79 (d0, q1, r0, m33, 'cardiosense/allarmi', ... (229 bytes))
1782657301: Sending PUBACK to notification_service (m64, rc0)
1782657301: Received PUBACK from dashboard_084e79 (Mid: 33, RC:0)
1782657301: Received PUBLISH from cardiosense_simulator (d0, q1, r0, m148, 'cardiosense/dati', ... (2279 bytes))
1782657301: Sending PUBLISH to cardiosense_subscriber (d0, q1, r0, m289, 'cardiosense/dati', ... (2279 bytes))
1782657301: Sending PUBACK to cardiosense_simulator (m148, rc0)
1782657302: Received PUBLISH from notification_service (d0, q1, r0, m65, 'cardiosense/allarmi', ... (230 bytes))
1782657302: Sending PUBLISH to dashboard_084e79 (d0, q1, r0, m34, 'cardiosense/allarmi', ... (230 bytes))
1782657302: Sending PUBACK to notification_service (m65, rc0)
1782657302: Received PUBACK from cardiosense_subscriber (Mid: 289, RC:0)
1782657302: Received PUBACK from dashboard_084e79 (Mid: 34, RC:0)
1782657302: Received PUBLISH from cardiosense_simulator (d0, q1, r0, m149, 'cardiosense/dati', ... (2274 bytes))
1782657302: Sending PUBLISH to cardiosense_subscriber (d0, q1, r0, m290, 'cardiosense/dati', ... (2274 bytes))
1782657302: Sending PUBACK to cardiosense_simulator (m149, rc0)
1782657302: Received PUBLISH from notification_service (d0, q1, r0, m66, 'cardiosense/allarmi', ... (229 bytes))
1782657302: Sending PUBLISH to dashboard_084e79 (d0, q1, r0, m35, 'cardiosense/allarmi', ... (229 bytes))
1782657302: Sending PUBACK to notification_service (m66, rc0)
1782657302: Received PUBACK from cardiosense_subscriber (Mid: 290, RC:0)
1782657302: Received PUBACK from dashboard_084e79 (Mid: 35, RC:0)
1782657303: Received PUBLISH from cardiosense_simulator (d0, q1, r0, m150, 'cardiosense/dati', ... (2261 bytes))
1782657303: Sending PUBLISH to cardiosense_subscriber (d0, q1, r0, m291, 'cardiosense/dati', ... (2261 bytes))
1782657303: Sending PUBACK to cardiosense_simulator (m150, rc0)
1782657304: Received PUBLISH from notification_service (d0, q1, r0, m67, 'cardiosense/allarmi', ... (230 bytes))
1782657304: Sending PUBLISH to dashboard_084e79 (d0, q1, r0, m36, 'cardiosense/allarmi', ... (230 bytes))
1782657304: Sending PUBACK to notification_service (m67, rc0)
1782657304: Received PUBACK from cardiosense_subscriber (Mid: 291, RC:0)
1782657304: Received PUBACK from dashboard_084e79 (Mid: 36, RC:0)
1782657304: Received PUBLISH from cardiosense_simulator (d0, q1, r0, m151, 'cardiosense/dati', ... (2270 bytes))
1782657304: Sending PUBLISH to cardiosense_subscriber (d0, q1, r0, m292, 'cardiosense/dati', ... (2270 bytes))
1782657304: Sending PUBACK to cardiosense_simulator (m151, rc0)
1782657305: Received PUBLISH from notification_service (d0, q1, r0, m68, 'cardiosense/allarmi', ... (229 bytes))
1782657305: Sending PUBLISH to dashboard_084e79 (d0, q1, r0, m37, 'cardiosense/allarmi', ... (229 bytes))
1782657305: Sending PUBACK to notification_service (m68, rc0)
1782657305: Received PUBACK from cardiosense_subscriber (Mid: 292, RC:0)
1782657305: Received PUBACK from dashboard_084e79 (Mid: 37, RC:0)
1782657305: Received PUBLISH from cardiosense_simulator (d0, q1, r0, m152, 'cardiosense/dati', ... (2264 bytes))
1782657305: Sending PUBLISH to cardiosense_subscriber (d0, q1, r0, m293, 'cardiosense/dati', ... (2264 bytes))
1782657305: Sending PUBACK to cardiosense_simulator (m152, rc0)
1782657306: Received PUBLISH from notification_service (d0, q1, r0, m69, 'cardiosense/allarmi', ... (229 bytes))
1782657306: Sending PUBLISH to dashboard_084e79 (d0, q1, r0, m38, 'cardiosense/allarmi', ... (229 bytes))
1782657306: Sending PUBACK to notification_service (m69, rc0)
1782657306: Received PUBACK from cardiosense_subscriber (Mid: 293, RC:0)
1782657306: Received PUBACK from dashboard_084e79 (Mid: 38, RC:0)
1782657306: Received PUBLISH from cardiosense_simulator (d0, q1, r0, m153, 'cardiosense/dati', ... (2268 bytes))
1782657306: Sending PUBLISH to cardiosense_subscriber (d0, q1, r0, m294, 'cardiosense/dati', ... (2268 bytes))
1782657306: Sending PUBACK to cardiosense_simulator (m153, rc0)
1782657307: Received PUBLISH from notification_service (d0, q1, r0, m70, 'cardiosense/allarmi', ... (229 bytes))
1782657307: Sending PUBLISH to dashboard_084e79 (d0, q1, r0, m39, 'cardiosense/allarmi', ... (229 bytes))
1782657307: Sending PUBACK to notification_service (m70, rc0)
1782657307: Received PUBACK from cardiosense_subscriber (Mid: 294, RC:0)
1782657307: Received PUBACK from dashboard_084e79 (Mid: 39, RC:0)
1782657307: Received PUBLISH from cardiosense_simulator (d0, q1, r0, m154, 'cardiosense/dati', ... (2280 bytes))
1782657307: Sending PUBLISH to cardiosense_subscriber (d0, q1, r0, m295, 'cardiosense/dati', ... (2280 bytes))
1782657307: Sending PUBACK to cardiosense_simulator (m154, rc0)
1782657308: Received PUBACK from cardiosense_subscriber (Mid: 295, RC:0)
1782657308: Received PUBLISH from cardiosense_simulator (d0, q1, r0, m155, 'cardiosense/dati', ... (2255 bytes))
1782657308: Sending PUBLISH to cardiosense_subscriber (d0, q1, r0, m296, 'cardiosense/dati', ... (2255 bytes))
1782657308: Sending PUBACK to cardiosense_simulator (m155, rc0)
1782657309: Received PUBACK from cardiosense_subscriber (Mid: 296, RC:0)
1782657309: Received PUBLISH from cardiosense_simulator (d0, q1, r0, m156, 'cardiosense/dati', ... (2258 bytes))
1782657309: Sending PUBLISH to cardiosense_subscriber (d0, q1, r0, m297, 'cardiosense/dati', ... (2258 bytes))
1782657309: Sending PUBACK to cardiosense_simulator (m156, rc0)
1782657310: Received PUBACK from cardiosense_subscriber (Mid: 297, RC:0)
1782657310: Received PUBLISH from cardiosense_simulator (d0, q1, r0, m157, 'cardiosense/dati', ... (2248 bytes))
1782657310: Sending PUBLISH to cardiosense_subscriber (d0, q1, r0, m298, 'cardiosense/dati', ... (2248 bytes))
1782657310: Sending PUBACK to cardiosense_simulator (m157, rc0)
1782657311: Received PUBACK from cardiosense_subscriber (Mid: 298, RC:0)
1782657311: Received PUBLISH from cardiosense_simulator (d0, q1, r0, m158, 'cardiosense/dati', ... (2272 bytes))
1782657311: Sending PUBLISH to cardiosense_subscriber (d0, q1, r0, m299, 'cardiosense/dati', ... (2272 bytes))
1782657311: Sending PUBACK to cardiosense_simulator (m158, rc0)
1782657312: Received PUBACK from cardiosense_subscriber (Mid: 299, RC:0)
1782657312: Received PUBLISH from cardiosense_simulator (d0, q1, r0, m159, 'cardiosense/dati', ... (2255 bytes))
1782657312: Sending PUBLISH to cardiosense_subscriber (d0, q1, r0, m300, 'cardiosense/dati', ... (2255 bytes))
1782657312: Sending PUBACK to cardiosense_simulator (m159, rc0)
1782657313: Received PUBACK from cardiosense_subscriber (Mid: 300, RC:0)
1782657313: Received PUBLISH from cardiosense_simulator (d0, q1, r0, m160, 'cardiosense/dati', ... (2245 bytes))
1782657313: Sending PUBLISH to cardiosense_subscriber (d0, q1, r0, m301, 'cardiosense/dati', ... (2245 bytes))
1782657313: Sending PUBACK to cardiosense_simulator (m160, rc0)
1782657314: Received PUBACK from cardiosense_subscriber (Mid: 301, RC:0)
1782657314: Received PUBLISH from notification_service (d0, q1, r0, m71, 'cardiosense/allarmi', ... (230 bytes))
1782657314: Sending PUBLISH to dashboard_084e79 (d0, q1, r0, m40, 'cardiosense/allarmi', ... (230 bytes))
1782657314: Sending PUBACK to notification_service (m71, rc0)
1782657314: Received PUBACK from dashboard_084e79 (Mid: 40, RC:0)
1782657314: Received PUBLISH from cardiosense_simulator (d0, q1, r0, m161, 'cardiosense/dati', ... (2272 bytes))
1782657314: Sending PUBLISH to cardiosense_subscriber (d0, q1, r0, m302, 'cardiosense/dati', ... (2272 bytes))
1782657314: Sending PUBACK to cardiosense_simulator (m161, rc0)
1782657315: Received PUBACK from cardiosense_subscriber (Mid: 302, RC:0)
1782657315: Received PUBLISH from cardiosense_simulator (d0, q1, r0, m162, 'cardiosense/dati', ... (2260 bytes))
1782657315: Sending PUBLISH to cardiosense_subscriber (d0, q1, r0, m303, 'cardiosense/dati', ... (2260 bytes))
1782657315: Sending PUBACK to cardiosense_simulator (m162, rc0)
1782657316: Received PUBACK from cardiosense_subscriber (Mid: 303, RC:0)
1782657316: Received PUBLISH from cardiosense_simulator (d0, q1, r0, m163, 'cardiosense/dati', ... (2258 bytes))
1782657316: Sending PUBLISH to cardiosense_subscriber (d0, q1, r0, m304, 'cardiosense/dati', ... (2258 bytes))
1782657316: Sending PUBACK to cardiosense_simulator (m163, rc0)
1782657317: Received PUBACK from cardiosense_subscriber (Mid: 304, RC:0)
1782657317: Received PUBLISH from cardiosense_simulator (d0, q1, r0, m164, 'cardiosense/dati', ... (2257 bytes))
1782657317: Sending PUBLISH to cardiosense_subscriber (d0, q1, r0, m305, 'cardiosense/dati', ... (2257 bytes))
1782657317: Sending PUBACK to cardiosense_simulator (m164, rc0)
1782657318: Received PUBACK from cardiosense_subscriber (Mid: 305, RC:0)
1782657318: Received PUBLISH from cardiosense_simulator (d0, q1, r0, m165, 'cardiosense/dati', ... (2269 bytes))
1782657318: Sending PUBLISH to cardiosense_subscriber (d0, q1, r0, m306, 'cardiosense/dati', ... (2269 bytes))
1782657318: Sending PUBACK to cardiosense_simulator (m165, rc0)
1782657319: Received PUBACK from cardiosense_subscriber (Mid: 306, RC:0)
1782657319: Received PUBLISH from cardiosense_simulator (d0, q1, r0, m166, 'cardiosense/dati', ... (2259 bytes))
1782657319: Sending PUBLISH to cardiosense_subscriber (d0, q1, r0, m307, 'cardiosense/dati', ... (2259 bytes))
1782657319: Sending PUBACK to cardiosense_simulator (m166, rc0)
1782657320: Received PUBACK from cardiosense_subscriber (Mid: 307, RC:0)
1782657320: Received PUBLISH from cardiosense_simulator (d0, q1, r0, m167, 'cardiosense/dati', ... (2263 bytes))
1782657320: Sending PUBLISH to cardiosense_subscriber (d0, q1, r0, m308, 'cardiosense/dati', ... (2263 bytes))
1782657320: Sending PUBACK to cardiosense_simulator (m167, rc0)
1782657321: Received PUBACK from cardiosense_subscriber (Mid: 308, RC:0)
1782657321: Received PUBLISH from cardiosense_simulator (d0, q1, r0, m168, 'cardiosense/dati', ... (2263 bytes))
1782657321: Sending PUBLISH to cardiosense_subscriber (d0, q1, r0, m309, 'cardiosense/dati', ... (2263 bytes))
1782657321: Sending PUBACK to cardiosense_simulator (m168, rc0)
1782657322: Received PUBACK from cardiosense_subscriber (Mid: 309, RC:0)
1782657322: Received PINGREQ from cardiosense_subscriber
1782657322: Sending PINGRESP to cardiosense_subscriber
1782657322: Received PINGREQ from notification_service
1782657322: Sending PINGRESP to notification_service
1782657322: Received PINGREQ from dashboard_084e79
1782657322: Sending PINGRESP to dashboard_084e79
1782657322: Received PUBLISH from cardiosense_simulator (d0, q1, r0, m169, 'cardiosense/dati', ... (2250 bytes))
1782657322: Sending PUBLISH to cardiosense_subscriber (d0, q1, r0, m310, 'cardiosense/dati', ... (2250 bytes))
1782657322: Sending PUBACK to cardiosense_simulator (m169, rc0)
1782657323: Received PUBACK from cardiosense_subscriber (Mid: 310, RC:0)
1782657323: Received PUBLISH from cardiosense_simulator (d0, q1, r0, m170, 'cardiosense/dati', ... (2275 bytes))
1782657323: Sending PUBLISH to cardiosense_subscriber (d0, q1, r0, m311, 'cardiosense/dati', ... (2275 bytes))
1782657323: Sending PUBACK to cardiosense_simulator (m170, rc0)
1782657324: Received PUBACK from cardiosense_subscriber (Mid: 311, RC:0)
1782657324: Received PUBLISH from cardiosense_simulator (d0, q1, r0, m171, 'cardiosense/dati', ... (2284 bytes))
1782657324: Sending PUBLISH to cardiosense_subscriber (d0, q1, r0, m312, 'cardiosense/dati', ... (2284 bytes))
1782657324: Sending PUBACK to cardiosense_simulator (m171, rc0)
1782657325: Received PUBACK from cardiosense_subscriber (Mid: 312, RC:0)
1782657325: Received PUBLISH from cardiosense_simulator (d0, q1, r0, m172, 'cardiosense/dati', ... (2278 bytes))
1782657325: Sending PUBLISH to cardiosense_subscriber (d0, q1, r0, m313, 'cardiosense/dati', ... (2278 bytes))
1782657325: Sending PUBACK to cardiosense_simulator (m172, rc0)
1782657326: Received PUBACK from cardiosense_subscriber (Mid: 313, RC:0)
1782657326: Received PUBLISH from cardiosense_simulator (d0, q1, r0, m173, 'cardiosense/dati', ... (2273 bytes))
1782657326: Sending PUBLISH to cardiosense_subscriber (d0, q1, r0, m314, 'cardiosense/dati', ... (2273 bytes))
1782657326: Sending PUBACK to cardiosense_simulator (m173, rc0)
1782657327: Received PUBACK from cardiosense_subscriber (Mid: 314, RC:0)
1782657327: Received PUBLISH from cardiosense_simulator (d0, q1, r0, m174, 'cardiosense/dati', ... (2274 bytes))
1782657327: Sending PUBLISH to cardiosense_subscriber (d0, q1, r0, m315, 'cardiosense/dati', ... (2274 bytes))
1782657327: Sending PUBACK to cardiosense_simulator (m174, rc0)
1782657328: Received PUBACK from cardiosense_subscriber (Mid: 315, RC:0)
1782657329: Received PUBLISH from cardiosense_simulator (d0, q1, r0, m175, 'cardiosense/dati', ... (2246 bytes))
1782657329: Sending PUBLISH to cardiosense_subscriber (d0, q1, r0, m316, 'cardiosense/dati', ... (2246 bytes))
1782657329: Sending PUBACK to cardiosense_simulator (m175, rc0)
1782657329: Received PUBACK from cardiosense_subscriber (Mid: 316, RC:0)
1782657330: Received PUBLISH from cardiosense_simulator (d0, q1, r0, m176, 'cardiosense/dati', ... (2262 bytes))
1782657330: Sending PUBLISH to cardiosense_subscriber (d0, q1, r0, m317, 'cardiosense/dati', ... (2262 bytes))
1782657330: Sending PUBACK to cardiosense_simulator (m176, rc0)
1782657330: Received PUBACK from cardiosense_subscriber (Mid: 317, RC:0)
1782657331: Received PUBLISH from cardiosense_simulator (d0, q1, r0, m177, 'cardiosense/dati', ... (2262 bytes))
1782657331: Sending PUBLISH to cardiosense_subscriber (d0, q1, r0, m318, 'cardiosense/dati', ... (2262 bytes))
1782657331: Sending PUBACK to cardiosense_simulator (m177, rc0)
1782657331: Received PUBACK from cardiosense_subscriber (Mid: 318, RC:0)
1782657332: Received PUBLISH from cardiosense_simulator (d0, q1, r0, m178, 'cardiosense/dati', ... (2264 bytes))
1782657332: Sending PUBLISH to cardiosense_subscriber (d0, q1, r0, m319, 'cardiosense/dati', ... (2264 bytes))
1782657332: Sending PUBACK to cardiosense_simulator (m178, rc0)
1782657332: Received PUBACK from cardiosense_subscriber (Mid: 319, RC:0)
1782657333: Received PUBLISH from cardiosense_simulator (d0, q1, r0, m179, 'cardiosense/dati', ... (2250 bytes))
1782657333: Sending PUBLISH to cardiosense_subscriber (d0, q1, r0, m320, 'cardiosense/dati', ... (2250 bytes))
1782657333: Sending PUBACK to cardiosense_simulator (m179, rc0)
1782657333: Received PUBACK from cardiosense_subscriber (Mid: 320, RC:0)
1782657334: Received PUBLISH from cardiosense_simulator (d0, q1, r0, m180, 'cardiosense/dati', ... (2275 bytes))
1782657334: Sending PUBLISH to cardiosense_subscriber (d0, q1, r0, m321, 'cardiosense/dati', ... (2275 bytes))
1782657334: Sending PUBACK to cardiosense_simulator (m180, rc0)
1782657334: Received PUBACK from cardiosense_subscriber (Mid: 321, RC:0)
1782657334: Received PUBLISH from notification_service (d0, q1, r0, m72, 'cardiosense/allarmi', ... (229 bytes))
1782657334: Sending PUBLISH to dashboard_084e79 (d0, q1, r0, m41, 'cardiosense/allarmi', ... (229 bytes))
1782657334: Sending PUBACK to notification_service (m72, rc0)
1782657334: Received PUBACK from dashboard_084e79 (Mid: 41, RC:0)
1782657335: Received PUBLISH from cardiosense_simulator (d0, q1, r0, m181, 'cardiosense/dati', ... (2265 bytes))
1782657335: Sending PUBLISH to cardiosense_subscriber (d0, q1, r0, m322, 'cardiosense/dati', ... (2265 bytes))
1782657335: Sending PUBACK to cardiosense_simulator (m181, rc0)
1782657335: Received PINGREQ from cardiosense_simulator
1782657335: Sending PINGRESP to cardiosense_simulator
1782657335: Received PUBACK from cardiosense_subscriber (Mid: 322, RC:0)
1782657335: Received PUBLISH from notification_service (d0, q1, r0, m73, 'cardiosense/allarmi', ... (230 bytes))
1782657335: Sending PUBLISH to dashboard_084e79 (d0, q1, r0, m42, 'cardiosense/allarmi', ... (230 bytes))
1782657335: Sending PUBACK to notification_service (m73, rc0)
1782657335: Received PUBACK from dashboard_084e79 (Mid: 42, RC:0)
1782657336: Received PUBLISH from cardiosense_simulator (d0, q1, r0, m182, 'cardiosense/dati', ... (2272 bytes))
1782657336: Sending PUBLISH to cardiosense_subscriber (d0, q1, r0, m323, 'cardiosense/dati', ... (2272 bytes))
1782657336: Sending PUBACK to cardiosense_simulator (m182, rc0)
1782657336: Received PUBLISH from notification_service (d0, q1, r0, m74, 'cardiosense/allarmi', ... (229 bytes))
1782657336: Sending PUBLISH to dashboard_084e79 (d0, q1, r0, m43, 'cardiosense/allarmi', ... (229 bytes))
1782657336: Sending PUBACK to notification_service (m74, rc0)
1782657336: Received PUBACK from cardiosense_subscriber (Mid: 323, RC:0)
1782657336: Received PUBACK from dashboard_084e79 (Mid: 43, RC:0)
1782657337: Received PUBLISH from cardiosense_simulator (d0, q1, r0, m183, 'cardiosense/dati', ... (2267 bytes))
1782657337: Sending PUBLISH to cardiosense_subscriber (d0, q1, r0, m324, 'cardiosense/dati', ... (2267 bytes))
1782657337: Sending PUBACK to cardiosense_simulator (m183, rc0)
1782657337: Received PUBLISH from notification_service (d0, q1, r0, m75, 'cardiosense/allarmi', ... (230 bytes))
1782657337: Sending PUBLISH to dashboard_084e79 (d0, q1, r0, m44, 'cardiosense/allarmi', ... (230 bytes))
1782657337: Sending PUBACK to notification_service (m75, rc0)
1782657337: Received PUBACK from cardiosense_subscriber (Mid: 324, RC:0)
1782657337: Received PUBACK from dashboard_084e79 (Mid: 44, RC:0)
1782657338: Received PUBLISH from cardiosense_simulator (d0, q1, r0, m184, 'cardiosense/dati', ... (2262 bytes))
1782657338: Sending PUBLISH to cardiosense_subscriber (d0, q1, r0, m325, 'cardiosense/dati', ... (2262 bytes))
1782657338: Sending PUBACK to cardiosense_simulator (m184, rc0)
1782657338: Received PUBLISH from notification_service (d0, q1, r0, m76, 'cardiosense/allarmi', ... (229 bytes))
1782657338: Sending PUBLISH to dashboard_084e79 (d0, q1, r0, m45, 'cardiosense/allarmi', ... (229 bytes))
1782657338: Sending PUBACK to notification_service (m76, rc0)
1782657338: Received PUBACK from cardiosense_subscriber (Mid: 325, RC:0)
1782657338: Received PUBACK from dashboard_084e79 (Mid: 45, RC:0)
1782657339: Received PUBLISH from cardiosense_simulator (d0, q1, r0, m185, 'cardiosense/dati', ... (2241 bytes))
1782657339: Sending PUBLISH to cardiosense_subscriber (d0, q1, r0, m326, 'cardiosense/dati', ... (2241 bytes))
1782657339: Sending PUBACK to cardiosense_simulator (m185, rc0)
1782657339: Received PUBACK from cardiosense_subscriber (Mid: 326, RC:0)
1782657339: Received PUBLISH from notification_service (d0, q1, r0, m77, 'cardiosense/allarmi', ... (229 bytes))
1782657339: Sending PUBLISH to dashboard_084e79 (d0, q1, r0, m46, 'cardiosense/allarmi', ... (229 bytes))
1782657339: Sending PUBACK to notification_service (m77, rc0)
1782657339: Received PUBACK from dashboard_084e79 (Mid: 46, RC:0)
1782657340: Received PUBLISH from cardiosense_simulator (d0, q1, r0, m186, 'cardiosense/dati', ... (2286 bytes))
1782657340: Sending PUBLISH to cardiosense_subscriber (d0, q1, r0, m327, 'cardiosense/dati', ... (2286 bytes))
1782657340: Sending PUBACK to cardiosense_simulator (m186, rc0)
1782657340: Received PUBLISH from notification_service (d0, q1, r0, m78, 'cardiosense/allarmi', ... (230 bytes))
1782657340: Sending PUBLISH to dashboard_084e79 (d0, q1, r0, m47, 'cardiosense/allarmi', ... (230 bytes))
1782657340: Sending PUBACK to notification_service (m78, rc0)
1782657340: Received PUBACK from cardiosense_subscriber (Mid: 327, RC:0)
1782657340: Received PUBACK from dashboard_084e79 (Mid: 47, RC:0)
1782657341: Received PUBLISH from cardiosense_simulator (d0, q1, r0, m187, 'cardiosense/dati', ... (2280 bytes))
1782657341: Sending PUBLISH to cardiosense_subscriber (d0, q1, r0, m328, 'cardiosense/dati', ... (2280 bytes))
1782657341: Sending PUBACK to cardiosense_simulator (m187, rc0)
1782657341: Received PUBLISH from notification_service (d0, q1, r0, m79, 'cardiosense/allarmi', ... (230 bytes))
1782657341: Sending PUBLISH to dashboard_084e79 (d0, q1, r0, m48, 'cardiosense/allarmi', ... (230 bytes))
1782657341: Sending PUBACK to notification_service (m79, rc0)
1782657341: Received PUBACK from cardiosense_subscriber (Mid: 328, RC:0)
1782657341: Received PUBACK from dashboard_084e79 (Mid: 48, RC:0)
1782657342: Received PUBLISH from cardiosense_simulator (d0, q1, r0, m188, 'cardiosense/dati', ... (2255 bytes))
1782657342: Sending PUBLISH to cardiosense_subscriber (d0, q1, r0, m329, 'cardiosense/dati', ... (2255 bytes))
1782657342: Sending PUBACK to cardiosense_simulator (m188, rc0)
1782657342: Received PUBACK from cardiosense_subscriber (Mid: 329, RC:0)
1782657343: Received PUBLISH from cardiosense_simulator (d0, q1, r0, m189, 'cardiosense/dati', ... (2271 bytes))
1782657343: Sending PUBLISH to cardiosense_subscriber (d0, q1, r0, m330, 'cardiosense/dati', ... (2271 bytes))
1782657343: Sending PUBACK to cardiosense_simulator (m189, rc0)
1782657343: Received PUBACK from cardiosense_subscriber (Mid: 330, RC:0)
1782657344: Received PUBLISH from cardiosense_simulator (d0, q1, r0, m190, 'cardiosense/dati', ... (2269 bytes))
1782657344: Sending PUBLISH to cardiosense_subscriber (d0, q1, r0, m331, 'cardiosense/dati', ... (2269 bytes))
1782657344: Sending PUBACK to cardiosense_simulator (m190, rc0)
1782657344: Received PUBACK from cardiosense_subscriber (Mid: 331, RC:0)
1782657345: Received PUBLISH from cardiosense_simulator (d0, q1, r0, m191, 'cardiosense/dati', ... (2256 bytes))
1782657345: Sending PUBLISH to cardiosense_subscriber (d0, q1, r0, m332, 'cardiosense/dati', ... (2256 bytes))
1782657345: Sending PUBACK to cardiosense_simulator (m191, rc0)
1782657345: Received PUBACK from cardiosense_subscriber (Mid: 332, RC:0)
1782657346: Received PUBLISH from cardiosense_simulator (d0, q1, r0, m192, 'cardiosense/dati', ... (2265 bytes))
1782657346: Sending PUBLISH to cardiosense_subscriber (d0, q1, r0, m333, 'cardiosense/dati', ... (2265 bytes))
1782657346: Sending PUBACK to cardiosense_simulator (m192, rc0)
1782657346: Received PUBACK from cardiosense_subscriber (Mid: 333, RC:0)
1782657347: Received PUBLISH from cardiosense_simulator (d0, q1, r0, m193, 'cardiosense/dati', ... (2280 bytes))
1782657347: Sending PUBLISH to cardiosense_subscriber (d0, q1, r0, m334, 'cardiosense/dati', ... (2280 bytes))
1782657347: Sending PUBACK to cardiosense_simulator (m193, rc0)
1782657347: Received PUBACK from cardiosense_subscriber (Mid: 334, RC:0)
1782657348: Received PUBLISH from cardiosense_simulator (d0, q1, r0, m194, 'cardiosense/dati', ... (2273 bytes))
1782657348: Sending PUBLISH to cardiosense_subscriber (d0, q1, r0, m335, 'cardiosense/dati', ... (2273 bytes))
1782657348: Sending PUBACK to cardiosense_simulator (m194, rc0)
1782657348: Received PUBACK from cardiosense_subscriber (Mid: 335, RC:0)
1782657349: Received PUBLISH from cardiosense_simulator (d0, q1, r0, m195, 'cardiosense/dati', ... (2257 bytes))
1782657349: Sending PUBLISH to cardiosense_subscriber (d0, q1, r0, m336, 'cardiosense/dati', ... (2257 bytes))
1782657349: Sending PUBACK to cardiosense_simulator (m195, rc0)
1782657349: Received PUBACK from cardiosense_subscriber (Mid: 336, RC:0)
1782657350: Received PUBLISH from cardiosense_simulator (d0, q1, r0, m196, 'cardiosense/dati', ... (2276 bytes))
1782657350: Sending PUBLISH to cardiosense_subscriber (d0, q1, r0, m337, 'cardiosense/dati', ... (2276 bytes))
1782657350: Sending PUBACK to cardiosense_simulator (m196, rc0)
1782657350: Received PUBACK from cardiosense_subscriber (Mid: 337, RC:0)
1782657351: Received PUBLISH from cardiosense_simulator (d0, q1, r0, m197, 'cardiosense/dati', ... (2253 bytes))
1782657351: Sending PUBLISH to cardiosense_subscriber (d0, q1, r0, m338, 'cardiosense/dati', ... (2253 bytes))
1782657351: Sending PUBACK to cardiosense_simulator (m197, rc0)
1782657351: Received PUBACK from cardiosense_subscriber (Mid: 338, RC:0)
1782657352: Received PUBLISH from cardiosense_simulator (d0, q1, r0, m198, 'cardiosense/dati', ... (2275 bytes))
1782657352: Sending PUBLISH to cardiosense_subscriber (d0, q1, r0, m339, 'cardiosense/dati', ... (2275 bytes))
1782657352: Sending PUBACK to cardiosense_simulator (m198, rc0)
1782657352: Received PUBACK from cardiosense_subscriber (Mid: 339, RC:0)
1782657353: Received DISCONNECT from cardiosense_simulator
1782657353: Client cardiosense_simulator disconnected.
1782657382: Received PINGREQ from dashboard_084e79
1782657382: Sending PINGRESP to dashboard_084e79
1782657382: Received PINGREQ from cardiosense_subscriber
1782657382: Sending PINGRESP to cardiosense_subscriber
1782657382: Received PINGREQ from notification_service
1782657382: Sending PINGRESP to notification_service
1782657442: Received PINGREQ from dashboard_084e79
1782657442: Sending PINGRESP to dashboard_084e79
1782657442: Received PINGREQ from cardiosense_subscriber
1782657442: Sending PINGRESP to cardiosense_subscriber
1782657442: Received PINGREQ from notification_service
1782657442: Sending PINGRESP to notification_service
1782657502: Received PINGREQ from dashboard_084e79
1782657502: Sending PINGRESP to dashboard_084e79
1782657503: Received PINGREQ from cardiosense_subscriber
1782657503: Sending PINGRESP to cardiosense_subscriber
1782657503: Received PINGREQ from notification_service
1782657503: Sending PINGRESP to notification_service
1782657505: Received DISCONNECT from cardiosense_subscriber
1782657505: Client cardiosense_subscriber disconnected.
1782657505: Client notification_service closed its connection.
1782657513: mosquitto version 2.0.22 terminating
1782657513: Saving in-memory database to /mosquitto/data//mosquitto.db.
1782657513: Client dashboard_084e79 closed its connection.
